[INFO] Pseudo-label epoch summary | epoch=0 | masked=0.8842, cov=0.6611, miou=0.2622
[INFO] [DynamicThreshold Overhead] Epoch 0 | Epoch Train Time: 485.7s | Dynamic Threshold Compute Time: 112.37s (23.1% of epoch) | Peak Extra GPU Memory (per batch): 67.1 MB
[INFO] ===========> Epoch: 1, LR: 0.00099, Previous best val_mIOU: 66.24
[INFO] Iters: 496,total_loss: 0.255,loss_x: 0.377,loss_u_s: 0.191,loss_u_m: 0.190,loss_u_fp: 0.073,mask_ratio: 0.663
[INFO] Iters: 558,total_loss: 0.269,loss_x: 0.415,loss_u_s: 0.176,loss_u_m: 0.175,loss_u_fp: 0.069,mask_ratio: 0.663
[INFO] Iters: 620,total_loss: 0.251,loss_x: 0.385,loss_u_s: 0.166,loss_u_m: 0.181,loss_u_fp: 0.061,mask_ratio: 0.669
[INFO] Iters: 682,total_loss: 0.238,loss_x: 0.366,loss_u_s: 0.160,loss_u_m: 0.159,loss_u_fp: 0.061,mask_ratio: 0.678
[INFO] Iters: 744,total_loss: 0.224,loss_x: 0.336,loss_u_s: 0.160,loss_u_m: 0.168,loss_u_fp: 0.060,mask_ratio: 0.675
[INFO] Iters: 806,total_loss: 0.218,loss_x: 0.326,loss_u_s: 0.154,loss_u_m: 0.166,loss_u_fp: 0.059,mask_ratio: 0.677
[INFO] Iters: 868,total_loss: 0.220,loss_x: 0.323,loss_u_s: 0.185,loss_u_m: 0.175,loss_u_fp: 0.057,mask_ratio: 0.681
[INFO] Iters: 930,total_loss: 0.210,loss_x: 0.314,loss_u_s: 0.169,loss_u_m: 0.151,loss_u_fp: 0.051,mask_ratio: 0.670
[INFO] ***** Evaluation ***** >>>> Class [0 background] IoU: 92.00
[INFO] ***** Evaluation ***** >>>> Class [1 aeroplane] IoU: 84.38
[INFO] ***** Evaluation ***** >>>> Class [2 bicycle] IoU: 38.95
[INFO] ***** Evaluation ***** >>>> Class [3 bird] IoU: 84.00
[INFO] ***** Evaluation ***** >>>> Class [4 boat] IoU: 66.48
[INFO] ***** Evaluation ***** >>>> Class [5 bottle] IoU: 64.06
[INFO] ***** Evaluation ***** >>>> Class [6 bus] IoU: 88.95
[INFO] ***** Evaluation ***** >>>> Class [7 car] IoU: 77.60
[INFO] ***** Evaluation ***** >>>> Class [8 cat] IoU: 87.97
[INFO] ***** Evaluation ***** >>>> Class [9 chair] IoU: 25.20
[INFO] ***** Evaluation ***** >>>> Class [10 cow] IoU: 78.87
[INFO] ***** Evaluation ***** >>>> Class [11 dining table] IoU: 58.60
[INFO] ***** Evaluation ***** >>>> Class [12 dog] IoU: 83.57
[INFO] ***** Evaluation ***** >>>> Class [13 horse] IoU: 79.00
[INFO] ***** Evaluation ***** >>>> Class [14 motorbike] IoU: 76.75
[INFO] ***** Evaluation ***** >>>> Class [15 person] IoU: 77.55
[INFO] ***** Evaluation ***** >>>> Class [16 potted plant] IoU: 39.35
[INFO] ***** Evaluation ***** >>>> Class [17 sheep] IoU: 77.18
[INFO] ***** Evaluation ***** >>>> Class [18 sofa] IoU: 46.09
[INFO] ***** Evaluation ***** >>>> Class [19 train] IoU: 79.24
[INFO] ***** Evaluation ***** >>>> Class [20 tv/monitor] IoU: 66.45
[INFO] ***** Evaluation ***** original >>>> MeanIoU: 70.11

[INFO] Pseudo-label epoch summary | epoch=1 | masked=0.9429, cov=0.6772, miou=0.3933
[INFO] [DynamicThreshold Overhead] Epoch 1 | Epoch Train Time: 458.8s | Dynamic Threshold Compute Time: 112.63s (24.5% of epoch) | Peak Extra GPU Memory (per batch): 66.6 MB
[INFO] ===========> Epoch: 2, LR: 0.00098, Previous best val_mIOU: 70.11
[INFO] Iters: 992,total_loss: 0.203,loss_x: 0.305,loss_u_s: 0.150,loss_u_m: 0.150,loss_u_fp: 0.053,mask_ratio: 0.683
[INFO] Iters: 1054,total_loss: 0.202,loss_x: 0.302,loss_u_s: 0.157,loss_u_m: 0.153,loss_u_fp: 0.050,mask_ratio: 0.682
[INFO] Iters: 1116,total_loss: 0.210,loss_x: 0.303,loss_u_s: 0.184,loss_u_m: 0.174,loss_u_fp: 0.055,mask_ratio: 0.679
[INFO] Iters: 1178,total_loss: 0.190,loss_x: 0.282,loss_u_s: 0.143,loss_u_m: 0.159,loss_u_fp: 0.045,mask_ratio: 0.686
[INFO] Iters: 1240,total_loss: 0.190,loss_x: 0.273,loss_u_s: 0.167,loss_u_m: 0.155,loss_u_fp: 0.054,mask_ratio: 0.687
[INFO] Iters: 1302,total_loss: 0.194,loss_x: 0.282,loss_u_s: 0.153,loss_u_m: 0.173,loss_u_fp: 0.048,mask_ratio: 0.683
[INFO] Iters: 1364,total_loss: 0.182,loss_x: 0.268,loss_u_s: 0.140,loss_u_m: 0.155,loss_u_fp: 0.045,mask_ratio: 0.686
[INFO] Iters: 1426,total_loss: 0.178,loss_x: 0.264,loss_u_s: 0.153,loss_u_m: 0.128,loss_u_fp: 0.041,mask_ratio: 0.698
[INFO] ***** Evaluation ***** >>>> Class [0 background] IoU: 92.21
[INFO] ***** Evaluation ***** >>>> Class [1 aeroplane] IoU: 86.56
[INFO] ***** Evaluation ***** >>>> Class [2 bicycle] IoU: 35.06
[INFO] ***** Evaluation ***** >>>> Class [3 bird] IoU: 84.58
[INFO] ***** Evaluation ***** >>>> Class [4 boat] IoU: 63.92
[INFO] ***** Evaluation ***** >>>> Class [5 bottle] IoU: 71.92
[INFO] ***** Evaluation ***** >>>> Class [6 bus] IoU: 89.93
[INFO] ***** Evaluation ***** >>>> Class [7 car] IoU: 77.11
[INFO] ***** Evaluation ***** >>>> Class [8 cat] IoU: 89.26
[INFO] ***** Evaluation ***** >>>> Class [9 chair] IoU: 32.75
[INFO] ***** Evaluation ***** >>>> Class [10 cow] IoU: 75.12
[INFO] ***** Evaluation ***** >>>> Class [11 dining table] IoU: 41.01
[INFO] ***** Evaluation ***** >>>> Class [12 dog] IoU: 82.21
[INFO] ***** Evaluation ***** >>>> Class [13 horse] IoU: 77.88
[INFO] ***** Evaluation ***** >>>> Class [14 motorbike] IoU: 74.78
[INFO] ***** Evaluation ***** >>>> Class [15 person] IoU: 80.75
[INFO] ***** Evaluation ***** >>>> Class [16 potted plant] IoU: 51.51
[INFO] ***** Evaluation ***** >>>> Class [17 sheep] IoU: 78.39
[INFO] ***** Evaluation ***** >>>> Class [18 sofa] IoU: 51.03
[INFO] ***** Evaluation ***** >>>> Class [19 train] IoU: 80.77
[INFO] ***** Evaluation ***** >>>> Class [20 tv/monitor] IoU: 65.89
[INFO] ***** Evaluation ***** original >>>> MeanIoU: 70.60

[INFO] Pseudo-label epoch summary | epoch=2 | masked=0.9482, cov=0.6903, miou=0.4327
[INFO] [DynamicThreshold Overhead] Epoch 2 | Epoch Train Time: 459.5s | Dynamic Threshold Compute Time: 112.59s (24.5% of epoch) | Peak Extra GPU Memory (per batch): 66.9 MB
[INFO] ===========> Epoch: 3, LR: 0.00097, Previous best val_mIOU: 70.60
[INFO] Iters: 1488,total_loss: 0.172,loss_x: 0.252,loss_u_s: 0.140,loss_u_m: 0.139,loss_u_fp: 0.045,mask_ratio: 0.695
[INFO] Iters: 1550,total_loss: 0.163,loss_x: 0.229,loss_u_s: 0.153,loss_u_m: 0.149,loss_u_fp: 0.043,mask_ratio: 0.697
[INFO] Iters: 1612,total_loss: 0.166,loss_x: 0.245,loss_u_s: 0.135,loss_u_m: 0.132,loss_u_fp: 0.043,mask_ratio: 0.706
[INFO] Iters: 1674,total_loss: 0.174,loss_x: 0.256,loss_u_s: 0.143,loss_u_m: 0.142,loss_u_fp: 0.041,mask_ratio: 0.700
[INFO] Iters: 1736,total_loss: 0.184,loss_x: 0.276,loss_u_s: 0.132,loss_u_m: 0.147,loss_u_fp: 0.043,mask_ratio: 0.700
[INFO] Iters: 1798,total_loss: 0.186,loss_x: 0.273,loss_u_s: 0.151,loss_u_m: 0.143,loss_u_fp: 0.048,mask_ratio: 0.693
[INFO] Iters: 1860,total_loss: 0.166,loss_x: 0.248,loss_u_s: 0.136,loss_u_m: 0.128,loss_u_fp: 0.034,mask_ratio: 0.703
[INFO] Iters: 1922,total_loss: 0.169,loss_x: 0.245,loss_u_s: 0.152,loss_u_m: 0.129,loss_u_fp: 0.043,mask_ratio: 0.705
[INFO] ***** Evaluation ***** >>>> Class [0 background] IoU: 92.58
[INFO] ***** Evaluation ***** >>>> Class [1 aeroplane] IoU: 87.04
[INFO] ***** Evaluation ***** >>>> Class [2 bicycle] IoU: 38.27
[INFO] ***** Evaluation ***** >>>> Class [3 bird] IoU: 83.52
[INFO] ***** Evaluation ***** >>>> Class [4 boat] IoU: 63.05
[INFO] ***** Evaluation ***** >>>> Class [5 bottle] IoU: 72.78
[INFO] ***** Evaluation ***** >>>> Class [6 bus] IoU: 90.34
[INFO] ***** Evaluation ***** >>>> Class [7 car] IoU: 82.18
[INFO] ***** Evaluation ***** >>>> Class [8 cat] IoU: 89.95
[INFO] ***** Evaluation ***** >>>> Class [9 chair] IoU: 31.17
[INFO] ***** Evaluation ***** >>>> Class [10 cow] IoU: 84.96
[INFO] ***** Evaluation ***** >>>> Class [11 dining table] IoU: 57.55
[INFO] ***** Evaluation ***** >>>> Class [12 dog] IoU: 84.41
[INFO] ***** Evaluation ***** >>>> Class [13 horse] IoU: 81.06
[INFO] ***** Evaluation ***** >>>> Class [14 motorbike] IoU: 73.87
[INFO] ***** Evaluation ***** >>>> Class [15 person] IoU: 80.85
[INFO] ***** Evaluation ***** >>>> Class [16 potted plant] IoU: 49.41
[INFO] ***** Evaluation ***** >>>> Class [17 sheep] IoU: 82.25
[INFO] ***** Evaluation ***** >>>> Class [18 sofa] IoU: 50.58
[INFO] ***** Evaluation ***** >>>> Class [19 train] IoU: 82.71
[INFO] ***** Evaluation ***** >>>> Class [20 tv/monitor] IoU: 66.11
[INFO] ***** Evaluation ***** original >>>> MeanIoU: 72.60

[INFO] Pseudo-label epoch summary | epoch=3 | masked=0.9529, cov=0.7042, miou=0.4583
[INFO] [DynamicThreshold Overhead] Epoch 3 | Epoch Train Time: 459.2s | Dynamic Threshold Compute Time: 112.36s (24.5% of epoch) | Peak Extra GPU Memory (per batch): 66.7 MB
[INFO] ===========> Epoch: 4, LR: 0.00095, Previous best val_mIOU: 72.60
[INFO] Iters: 1984,total_loss: 0.160,loss_x: 0.239,loss_u_s: 0.131,loss_u_m: 0.121,loss_u_fp: 0.036,mask_ratio: 0.701
[INFO] Iters: 2046,total_loss: 0.151,loss_x: 0.221,loss_u_s: 0.132,loss_u_m: 0.121,loss_u_fp: 0.036,mask_ratio: 0.708
[INFO] Iters: 2108,total_loss: 0.165,loss_x: 0.247,loss_u_s: 0.134,loss_u_m: 0.126,loss_u_fp: 0.035,mask_ratio: 0.714
[INFO] Iters: 2170,total_loss: 0.155,loss_x: 0.216,loss_u_s: 0.148,loss_u_m: 0.158,loss_u_fp: 0.036,mask_ratio: 0.707
[INFO] Iters: 2232,total_loss: 0.158,loss_x: 0.231,loss_u_s: 0.136,loss_u_m: 0.123,loss_u_fp: 0.040,mask_ratio: 0.709
[INFO] Iters: 2294,total_loss: 0.160,loss_x: 0.226,loss_u_s: 0.147,loss_u_m: 0.149,loss_u_fp: 0.040,mask_ratio: 0.706
[INFO] Iters: 2356,total_loss: 0.147,loss_x: 0.206,loss_u_s: 0.140,loss_u_m: 0.139,loss_u_fp: 0.038,mask_ratio: 0.708
[INFO] Iters: 2418,total_loss: 0.149,loss_x: 0.214,loss_u_s: 0.135,loss_u_m: 0.131,loss_u_fp: 0.036,mask_ratio: 0.713
[INFO] ***** Evaluation ***** >>>> Class [0 background] IoU: 93.12
[INFO] ***** Evaluation ***** >>>> Class [1 aeroplane] IoU: 87.03
[INFO] ***** Evaluation ***** >>>> Class [2 bicycle] IoU: 37.67
[INFO] ***** Evaluation ***** >>>> Class [3 bird] IoU: 85.31
[INFO] ***** Evaluation ***** >>>> Class [4 boat] IoU: 65.64
[INFO] ***** Evaluation ***** >>>> Class [5 bottle] IoU: 75.68
[INFO] ***** Evaluation ***** >>>> Class [6 bus] IoU: 91.26
[INFO] ***** Evaluation ***** >>>> Class [7 car] IoU: 80.91
[INFO] ***** Evaluation ***** >>>> Class [8 cat] IoU: 88.98
[INFO] ***** Evaluation ***** >>>> Class [9 chair] IoU: 35.52
[INFO] ***** Evaluation ***** >>>> Class [10 cow] IoU: 83.25
[INFO] ***** Evaluation ***** >>>> Class [11 dining table] IoU: 54.44
[INFO] ***** Evaluation ***** >>>> Class [12 dog] IoU: 83.48
[INFO] ***** Evaluation ***** >>>> Class [13 horse] IoU: 80.66
[INFO] ***** Evaluation ***** >>>> Class [14 motorbike] IoU: 76.77
[INFO] ***** Evaluation ***** >>>> Class [15 person] IoU: 81.31
[INFO] ***** Evaluation ***** >>>> Class [16 potted plant] IoU: 53.66
[INFO] ***** Evaluation ***** >>>> Class [17 sheep] IoU: 77.08
[INFO] ***** Evaluation ***** >>>> Class [18 sofa] IoU: 53.29
[INFO] ***** Evaluation ***** >>>> Class [19 train] IoU: 86.23
[INFO] ***** Evaluation ***** >>>> Class [20 tv/monitor] IoU: 66.28
[INFO] ***** Evaluation ***** original >>>> MeanIoU: 73.22

[INFO] Pseudo-label epoch summary | epoch=4 | masked=0.9537, cov=0.7132, miou=0.4729
[INFO] [DynamicThreshold Overhead] Epoch 4 | Epoch Train Time: 458.8s | Dynamic Threshold Compute Time: 112.49s (24.5% of epoch) | Peak Extra GPU Memory (per batch): 66.8 MB
[INFO] ===========> Epoch: 5, LR: 0.00094, Previous best val_mIOU: 73.22
[INFO] Iters: 2480,total_loss: 0.151,loss_x: 0.212,loss_u_s: 0.141,loss_u_m: 0.151,loss_u_fp: 0.036,mask_ratio: 0.711
[INFO] Iters: 2542,total_loss: 0.146,loss_x: 0.207,loss_u_s: 0.137,loss_u_m: 0.127,loss_u_fp: 0.037,mask_ratio: 0.715
[INFO] Iters: 2604,total_loss: 0.147,loss_x: 0.207,loss_u_s: 0.148,loss_u_m: 0.129,loss_u_fp: 0.036,mask_ratio: 0.706
[INFO] Iters: 2666,total_loss: 0.154,loss_x: 0.230,loss_u_s: 0.124,loss_u_m: 0.122,loss_u_fp: 0.034,mask_ratio: 0.714
[INFO] Iters: 2728,total_loss: 0.155,loss_x: 0.222,loss_u_s: 0.134,loss_u_m: 0.145,loss_u_fp: 0.039,mask_ratio: 0.708
[INFO] Iters: 2790,total_loss: 0.152,loss_x: 0.211,loss_u_s: 0.152,loss_u_m: 0.144,loss_u_fp: 0.039,mask_ratio: 0.717
[INFO] Iters: 2852,total_loss: 0.143,loss_x: 0.203,loss_u_s: 0.127,loss_u_m: 0.137,loss_u_fp: 0.034,mask_ratio: 0.713
[INFO] Iters: 2914,total_loss: 0.132,loss_x: 0.193,loss_u_s: 0.120,loss_u_m: 0.110,loss_u_fp: 0.028,mask_ratio: 0.722
[INFO] ***** Evaluation ***** >>>> Class [0 background] IoU: 93.12
[INFO] ***** Evaluation ***** >>>> Class [1 aeroplane] IoU: 85.76
[INFO] ***** Evaluation ***** >>>> Class [2 bicycle] IoU: 40.02
[INFO] ***** Evaluation ***** >>>> Class [3 bird] IoU: 87.75
[INFO] ***** Evaluation ***** >>>> Class [4 boat] IoU: 70.00
[INFO] ***** Evaluation ***** >>>> Class [5 bottle] IoU: 74.33
[INFO] ***** Evaluation ***** >>>> Class [6 bus] IoU: 89.56
[INFO] ***** Evaluation ***** >>>> Class [7 car] IoU: 84.33
[INFO] ***** Evaluation ***** >>>> Class [8 cat] IoU: 90.81
[INFO] ***** Evaluation ***** >>>> Class [9 chair] IoU: 35.21
[INFO] ***** Evaluation ***** >>>> Class [10 cow] IoU: 84.75
[INFO] ***** Evaluation ***** >>>> Class [11 dining table] IoU: 38.24
[INFO] ***** Evaluation ***** >>>> Class [12 dog] IoU: 86.98
[INFO] ***** Evaluation ***** >>>> Class [13 horse] IoU: 83.09
[INFO] ***** Evaluation ***** >>>> Class [14 motorbike] IoU: 80.70
[INFO] ***** Evaluation ***** >>>> Class [15 person] IoU: 82.82
[INFO] ***** Evaluation ***** >>>> Class [16 potted plant] IoU: 57.46
[INFO] ***** Evaluation ***** >>>> Class [17 sheep] IoU: 82.39
[INFO] ***** Evaluation ***** >>>> Class [18 sofa] IoU: 55.28
[INFO] ***** Evaluation ***** >>>> Class [19 train] IoU: 86.08
[INFO] ***** Evaluation ***** >>>> Class [20 tv/monitor] IoU: 67.37
[INFO] ***** Evaluation ***** original >>>> MeanIoU: 74.10

[INFO] Pseudo-label epoch summary | epoch=5 | masked=0.9579, cov=0.7182, miou=0.4925
[INFO] [DynamicThreshold Overhead] Epoch 5 | Epoch Train Time: 459.0s | Dynamic Threshold Compute Time: 112.67s (24.5% of epoch) | Peak Extra GPU Memory (per batch): 66.8 MB
[INFO] ===========> Epoch: 6, LR: 0.00093, Previous best val_mIOU: 74.10
[INFO] Iters: 2976,total_loss: 0.133,loss_x: 0.188,loss_u_s: 0.122,loss_u_m: 0.127,loss_u_fp: 0.032,mask_ratio: 0.723
[INFO] Iters: 3038,total_loss: 0.134,loss_x: 0.198,loss_u_s: 0.112,loss_u_m: 0.105,loss_u_fp: 0.030,mask_ratio: 0.723
[INFO] Iters: 3100,total_loss: 0.134,loss_x: 0.192,loss_u_s: 0.118,loss_u_m: 0.113,loss_u_fp: 0.035,mask_ratio: 0.721
[INFO] Iters: 3162,total_loss: 0.133,loss_x: 0.185,loss_u_s: 0.129,loss_u_m: 0.135,loss_u_fp: 0.032,mask_ratio: 0.728
[INFO] Iters: 3224,total_loss: 0.133,loss_x: 0.182,loss_u_s: 0.136,loss_u_m: 0.128,loss_u_fp: 0.037,mask_ratio: 0.717
[INFO] Iters: 3286,total_loss: 0.140,loss_x: 0.194,loss_u_s: 0.141,loss_u_m: 0.134,loss_u_fp: 0.035,mask_ratio: 0.726
[INFO] Iters: 3348,total_loss: 0.143,loss_x: 0.193,loss_u_s: 0.145,loss_u_m: 0.158,loss_u_fp: 0.033,mask_ratio: 0.723
[INFO] Iters: 3410,total_loss: 0.141,loss_x: 0.198,loss_u_s: 0.126,loss_u_m: 0.136,loss_u_fp: 0.037,mask_ratio: 0.721
[INFO] ***** Evaluation ***** >>>> Class [0 background] IoU: 93.35
[INFO] ***** Evaluation ***** >>>> Class [1 aeroplane] IoU: 88.71
[INFO] ***** Evaluation ***** >>>> Class [2 bicycle] IoU: 40.72
[INFO] ***** Evaluation ***** >>>> Class [3 bird] IoU: 85.65
[INFO] ***** Evaluation ***** >>>> Class [4 boat] IoU: 68.22
[INFO] ***** Evaluation ***** >>>> Class [5 bottle] IoU: 75.96
[INFO] ***** Evaluation ***** >>>> Class [6 bus] IoU: 91.30
[INFO] ***** Evaluation ***** >>>> Class [7 car] IoU: 84.52
[INFO] ***** Evaluation ***** >>>> Class [8 cat] IoU: 90.49
[INFO] ***** Evaluation ***** >>>> Class [9 chair] IoU: 36.18
[INFO] ***** Evaluation ***** >>>> Class [10 cow] IoU: 85.70
[INFO] ***** Evaluation ***** >>>> Class [11 dining table] IoU: 49.94
[INFO] ***** Evaluation ***** >>>> Class [12 dog] IoU: 84.54
[INFO] ***** Evaluation ***** >>>> Class [13 horse] IoU: 83.51
[INFO] ***** Evaluation ***** >>>> Class [14 motorbike] IoU: 76.66
[INFO] ***** Evaluation ***** >>>> Class [15 person] IoU: 82.22
[INFO] ***** Evaluation ***** >>>> Class [16 potted plant] IoU: 58.10
[INFO] ***** Evaluation ***** >>>> Class [17 sheep] IoU: 81.02
[INFO] ***** Evaluation ***** >>>> Class [18 sofa] IoU: 53.19
[INFO] ***** Evaluation ***** >>>> Class [19 train] IoU: 83.34
[INFO] ***** Evaluation ***** >>>> Class [20 tv/monitor] IoU: 67.39
[INFO] ***** Evaluation ***** original >>>> MeanIoU: 74.32

[INFO] Pseudo-label epoch summary | epoch=6 | masked=0.9580, cov=0.7270, miou=0.4964
[INFO] [DynamicThreshold Overhead] Epoch 6 | Epoch Train Time: 458.8s | Dynamic Threshold Compute Time: 112.82s (24.6% of epoch) | Peak Extra GPU Memory (per batch): 67.7 MB
[INFO] ===========> Epoch: 7, LR: 0.00092, Previous best val_mIOU: 74.32
[INFO] Iters: 3472,total_loss: 0.131,loss_x: 0.187,loss_u_s: 0.126,loss_u_m: 0.126,loss_u_fp: 0.024,mask_ratio: 0.727
[INFO] Iters: 3534,total_loss: 0.142,loss_x: 0.201,loss_u_s: 0.124,loss_u_m: 0.139,loss_u_fp: 0.033,mask_ratio: 0.721
[INFO] Iters: 3596,total_loss: 0.128,loss_x: 0.178,loss_u_s: 0.122,loss_u_m: 0.126,loss_u_fp: 0.032,mask_ratio: 0.728
[INFO] Iters: 3658,total_loss: 0.130,loss_x: 0.179,loss_u_s: 0.123,loss_u_m: 0.130,loss_u_fp: 0.033,mask_ratio: 0.728
[INFO] Iters: 3720,total_loss: 0.125,loss_x: 0.180,loss_u_s: 0.121,loss_u_m: 0.110,loss_u_fp: 0.024,mask_ratio: 0.733
[INFO] Iters: 3782,total_loss: 0.119,loss_x: 0.158,loss_u_s: 0.129,loss_u_m: 0.133,loss_u_fp: 0.029,mask_ratio: 0.726
[INFO] Iters: 3844,total_loss: 0.126,loss_x: 0.178,loss_u_s: 0.119,loss_u_m: 0.113,loss_u_fp: 0.032,mask_ratio: 0.735
[INFO] Iters: 3906,total_loss: 0.128,loss_x: 0.180,loss_u_s: 0.114,loss_u_m: 0.119,loss_u_fp: 0.034,mask_ratio: 0.732
[INFO] ***** Evaluation ***** >>>> Class [0 background] IoU: 93.13
[INFO] ***** Evaluation ***** >>>> Class [1 aeroplane] IoU: 89.37
[INFO] ***** Evaluation ***** >>>> Class [2 bicycle] IoU: 38.45
[INFO] ***** Evaluation ***** >>>> Class [3 bird] IoU: 83.53
[INFO] ***** Evaluation ***** >>>> Class [4 boat] IoU: 64.34
[INFO] ***** Evaluation ***** >>>> Class [5 bottle] IoU: 75.67
[INFO] ***** Evaluation ***** >>>> Class [6 bus] IoU: 86.98
[INFO] ***** Evaluation ***** >>>> Class [7 car] IoU: 79.96
[INFO] ***** Evaluation ***** >>>> Class [8 cat] IoU: 91.62
[INFO] ***** Evaluation ***** >>>> Class [9 chair] IoU: 36.43
[INFO] ***** Evaluation ***** >>>> Class [10 cow] IoU: 87.27
[INFO] ***** Evaluation ***** >>>> Class [11 dining table] IoU: 57.27
[INFO] ***** Evaluation ***** >>>> Class [12 dog] IoU: 86.27
[INFO] ***** Evaluation ***** >>>> Class [13 horse] IoU: 84.33
[INFO] ***** Evaluation ***** >>>> Class [14 motorbike] IoU: 76.13
[INFO] ***** Evaluation ***** >>>> Class [15 person] IoU: 82.42
[INFO] ***** Evaluation ***** >>>> Class [16 potted plant] IoU: 59.04
[INFO] ***** Evaluation ***** >>>> Class [17 sheep] IoU: 78.73
[INFO] ***** Evaluation ***** >>>> Class [18 sofa] IoU: 48.37
[INFO] ***** Evaluation ***** >>>> Class [19 train] IoU: 82.96
[INFO] ***** Evaluation ***** >>>> Class [20 tv/monitor] IoU: 69.11
[INFO] ***** Evaluation ***** original >>>> MeanIoU: 73.88

[INFO] Pseudo-label epoch summary | epoch=7 | masked=0.9567, cov=0.7323, miou=0.5019
[INFO] [DynamicThreshold Overhead] Epoch 7 | Epoch Train Time: 458.4s | Dynamic Threshold Compute Time: 112.73s (24.6% of epoch) | Peak Extra GPU Memory (per batch): 67.6 MB
[INFO] ===========> Epoch: 8, LR: 0.00091, Previous best val_mIOU: 74.32
[INFO] Iters: 3968,total_loss: 0.132,loss_x: 0.182,loss_u_s: 0.133,loss_u_m: 0.132,loss_u_fp: 0.030,mask_ratio: 0.725
[INFO] Iters: 4030,total_loss: 0.125,loss_x: 0.171,loss_u_s: 0.123,loss_u_m: 0.130,loss_u_fp: 0.030,mask_ratio: 0.729
[INFO] Iters: 4092,total_loss: 0.121,loss_x: 0.173,loss_u_s: 0.097,loss_u_m: 0.114,loss_u_fp: 0.033,mask_ratio: 0.732
[INFO] Iters: 4154,total_loss: 0.118,loss_x: 0.163,loss_u_s: 0.123,loss_u_m: 0.118,loss_u_fp: 0.027,mask_ratio: 0.733
[INFO] Iters: 4216,total_loss: 0.117,loss_x: 0.159,loss_u_s: 0.128,loss_u_m: 0.117,loss_u_fp: 0.028,mask_ratio: 0.740
[INFO] Iters: 4278,total_loss: 0.129,loss_x: 0.173,loss_u_s: 0.135,loss_u_m: 0.138,loss_u_fp: 0.033,mask_ratio: 0.735
[INFO] Iters: 4340,total_loss: 0.118,loss_x: 0.164,loss_u_s: 0.121,loss_u_m: 0.114,loss_u_fp: 0.026,mask_ratio: 0.734
[INFO] Iters: 4402,total_loss: 0.117,loss_x: 0.160,loss_u_s: 0.124,loss_u_m: 0.108,loss_u_fp: 0.031,mask_ratio: 0.730
[INFO] ***** Evaluation ***** >>>> Class [0 background] IoU: 93.71
[INFO] ***** Evaluation ***** >>>> Class [1 aeroplane] IoU: 89.19
[INFO] ***** Evaluation ***** >>>> Class [2 bicycle] IoU: 41.03
[INFO] ***** Evaluation ***** >>>> Class [3 bird] IoU: 86.44
[INFO] ***** Evaluation ***** >>>> Class [4 boat] IoU: 68.64
[INFO] ***** Evaluation ***** >>>> Class [5 bottle] IoU: 77.81
[INFO] ***** Evaluation ***** >>>> Class [6 bus] IoU: 89.42
[INFO] ***** Evaluation ***** >>>> Class [7 car] IoU: 81.14
[INFO] ***** Evaluation ***** >>>> Class [8 cat] IoU: 90.94
[INFO] ***** Evaluation ***** >>>> Class [9 chair] IoU: 36.75
[INFO] ***** Evaluation ***** >>>> Class [10 cow] IoU: 82.05
[INFO] ***** Evaluation ***** >>>> Class [11 dining table] IoU: 54.33
[INFO] ***** Evaluation ***** >>>> Class [12 dog] IoU: 84.90
[INFO] ***** Evaluation ***** >>>> Class [13 horse] IoU: 83.93
[INFO] ***** Evaluation ***** >>>> Class [14 motorbike] IoU: 80.01
[INFO] ***** Evaluation ***** >>>> Class [15 person] IoU: 83.70
[INFO] ***** Evaluation ***** >>>> Class [16 potted plant] IoU: 61.40
[INFO] ***** Evaluation ***** >>>> Class [17 sheep] IoU: 85.28
[INFO] ***** Evaluation ***** >>>> Class [18 sofa] IoU: 54.53
[INFO] ***** Evaluation ***** >>>> Class [19 train] IoU: 85.07
[INFO] ***** Evaluation ***** >>>> Class [20 tv/monitor] IoU: 69.15
[INFO] ***** Evaluation ***** original >>>> MeanIoU: 75.21

[INFO] Pseudo-label epoch summary | epoch=8 | masked=0.9593, cov=0.7372, miou=0.5177
[INFO] [DynamicThreshold Overhead] Epoch 8 | Epoch Train Time: 459.0s | Dynamic Threshold Compute Time: 112.86s (24.6% of epoch) | Peak Extra GPU Memory (per batch): 67.7 MB
[INFO] ===========> Epoch: 9, LR: 0.00090, Previous best val_mIOU: 75.21
[INFO] Iters: 4464,total_loss: 0.110,loss_x: 0.153,loss_u_s: 0.102,loss_u_m: 0.112,loss_u_fp: 0.026,mask_ratio: 0.736
[INFO] Iters: 4526,total_loss: 0.110,loss_x: 0.153,loss_u_s: 0.115,loss_u_m: 0.101,loss_u_fp: 0.025,mask_ratio: 0.744
[INFO] Iters: 4588,total_loss: 0.122,loss_x: 0.165,loss_u_s: 0.123,loss_u_m: 0.131,loss_u_fp: 0.032,mask_ratio: 0.741
[INFO] Iters: 4650,total_loss: 0.117,loss_x: 0.163,loss_u_s: 0.117,loss_u_m: 0.116,loss_u_fp: 0.027,mask_ratio: 0.739
[INFO] Iters: 4712,total_loss: 0.120,loss_x: 0.165,loss_u_s: 0.125,loss_u_m: 0.124,loss_u_fp: 0.026,mask_ratio: 0.738
[INFO] Iters: 4774,total_loss: 0.122,loss_x: 0.168,loss_u_s: 0.122,loss_u_m: 0.127,loss_u_fp: 0.029,mask_ratio: 0.728
[INFO] Iters: 4836,total_loss: 0.119,loss_x: 0.165,loss_u_s: 0.118,loss_u_m: 0.122,loss_u_fp: 0.026,mask_ratio: 0.740
[INFO] Iters: 4898,total_loss: 0.129,loss_x: 0.176,loss_u_s: 0.134,loss_u_m: 0.129,loss_u_fp: 0.031,mask_ratio: 0.737
[INFO] ***** Evaluation ***** >>>> Class [0 background] IoU: 93.54
[INFO] ***** Evaluation ***** >>>> Class [1 aeroplane] IoU: 89.06
[INFO] ***** Evaluation ***** >>>> Class [2 bicycle] IoU: 39.34
[INFO] ***** Evaluation ***** >>>> Class [3 bird] IoU: 85.34
[INFO] ***** Evaluation ***** >>>> Class [4 boat] IoU: 66.18
[INFO] ***** Evaluation ***** >>>> Class [5 bottle] IoU: 77.46
[INFO] ***** Evaluation ***** >>>> Class [6 bus] IoU: 89.49
[INFO] ***** Evaluation ***** >>>> Class [7 car] IoU: 85.06
[INFO] ***** Evaluation ***** >>>> Class [8 cat] IoU: 91.55
[INFO] ***** Evaluation ***** >>>> Class [9 chair] IoU: 35.94
[INFO] ***** Evaluation ***** >>>> Class [10 cow] IoU: 82.30
[INFO] ***** Evaluation ***** >>>> Class [11 dining table] IoU: 53.61
[INFO] ***** Evaluation ***** >>>> Class [12 dog] IoU: 86.53
[INFO] ***** Evaluation ***** >>>> Class [13 horse] IoU: 82.92
[INFO] ***** Evaluation ***** >>>> Class [14 motorbike] IoU: 80.22
[INFO] ***** Evaluation ***** >>>> Class [15 person] IoU: 83.85
[INFO] ***** Evaluation ***** >>>> Class [16 potted plant] IoU: 59.71
[INFO] ***** Evaluation ***** >>>> Class [17 sheep] IoU: 84.55
[INFO] ***** Evaluation ***** >>>> Class [18 sofa] IoU: 58.64
[INFO] ***** Evaluation ***** >>>> Class [19 train] IoU: 82.53
[INFO] ***** Evaluation ***** >>>> Class [20 tv/monitor] IoU: 64.10
[INFO] ***** Evaluation ***** original >>>> MeanIoU: 74.85

[INFO] Pseudo-label epoch summary | epoch=9 | masked=0.9611, cov=0.7413, miou=0.5213
[INFO] [DynamicThreshold Overhead] Epoch 9 | Epoch Train Time: 459.1s | Dynamic Threshold Compute Time: 112.67s (24.5% of epoch) | Peak Extra GPU Memory (per batch): 66.0 MB
[INFO] ===========> Epoch: 10, LR: 0.00089, Previous best val_mIOU: 75.21
[INFO] Iters: 4960,total_loss: 0.117,loss_x: 0.159,loss_u_s: 0.124,loss_u_m: 0.126,loss_u_fp: 0.026,mask_ratio: 0.733
[INFO] Iters: 5022,total_loss: 0.118,loss_x: 0.167,loss_u_s: 0.111,loss_u_m: 0.114,loss_u_fp: 0.027,mask_ratio: 0.739
[INFO] Iters: 5084,total_loss: 0.108,loss_x: 0.147,loss_u_s: 0.112,loss_u_m: 0.111,loss_u_fp: 0.027,mask_ratio: 0.736
[INFO] Iters: 5146,total_loss: 0.118,loss_x: 0.158,loss_u_s: 0.130,loss_u_m: 0.119,loss_u_fp: 0.030,mask_ratio: 0.738
[INFO] Iters: 5208,total_loss: 0.110,loss_x: 0.150,loss_u_s: 0.116,loss_u_m: 0.113,loss_u_fp: 0.024,mask_ratio: 0.740
[INFO] Iters: 5270,total_loss: 0.111,loss_x: 0.150,loss_u_s: 0.122,loss_u_m: 0.122,loss_u_fp: 0.024,mask_ratio: 0.745
[INFO] Iters: 5332,total_loss: 0.117,loss_x: 0.164,loss_u_s: 0.110,loss_u_m: 0.113,loss_u_fp: 0.029,mask_ratio: 0.741
[INFO] Iters: 5394,total_loss: 0.112,loss_x: 0.156,loss_u_s: 0.115,loss_u_m: 0.102,loss_u_fp: 0.027,mask_ratio: 0.740
[INFO] ***** Evaluation ***** >>>> Class [0 background] IoU: 93.69
[INFO] ***** Evaluation ***** >>>> Class [1 aeroplane] IoU: 87.63
[INFO] ***** Evaluation ***** >>>> Class [2 bicycle] IoU: 40.92
[INFO] ***** Evaluation ***** >>>> Class [3 bird] IoU: 86.61
[INFO] ***** Evaluation ***** >>>> Class [4 boat] IoU: 66.00
[INFO] ***** Evaluation ***** >>>> Class [5 bottle] IoU: 77.03
[INFO] ***** Evaluation ***** >>>> Class [6 bus] IoU: 92.27
[INFO] ***** Evaluation ***** >>>> Class [7 car] IoU: 85.19
[INFO] ***** Evaluation ***** >>>> Class [8 cat] IoU: 92.56
[INFO] ***** Evaluation ***** >>>> Class [9 chair] IoU: 35.19
[INFO] ***** Evaluation ***** >>>> Class [10 cow] IoU: 78.55
[INFO] ***** Evaluation ***** >>>> Class [11 dining table] IoU: 55.19
[INFO] ***** Evaluation ***** >>>> Class [12 dog] IoU: 84.61
[INFO] ***** Evaluation ***** >>>> Class [13 horse] IoU: 81.61
[INFO] ***** Evaluation ***** >>>> Class [14 motorbike] IoU: 81.10
[INFO] ***** Evaluation ***** >>>> Class [15 person] IoU: 83.74
[INFO] ***** Evaluation ***** >>>> Class [16 potted plant] IoU: 59.89
[INFO] ***** Evaluation ***** >>>> Class [17 sheep] IoU: 81.81
[INFO] ***** Evaluation ***** >>>> Class [18 sofa] IoU: 52.48
[INFO] ***** Evaluation ***** >>>> Class [19 train] IoU: 84.15
[INFO] ***** Evaluation ***** >>>> Class [20 tv/monitor] IoU: 65.14
[INFO] ***** Evaluation ***** original >>>> MeanIoU: 74.54

[INFO] Pseudo-label epoch summary | epoch=10 | masked=0.9608, cov=0.7448, miou=0.5289
[INFO] [DynamicThreshold Overhead] Epoch 10 | Epoch Train Time: 459.1s | Dynamic Threshold Compute Time: 112.62s (24.5% of epoch) | Peak Extra GPU Memory (per batch): 66.8 MB
[INFO] ===========> Epoch: 11, LR: 0.00088, Previous best val_mIOU: 75.21
[INFO] Iters: 5456,total_loss: 0.108,loss_x: 0.148,loss_u_s: 0.110,loss_u_m: 0.110,loss_u_fp: 0.025,mask_ratio: 0.748
[INFO] Iters: 5518,total_loss: 0.111,loss_x: 0.148,loss_u_s: 0.119,loss_u_m: 0.114,loss_u_fp: 0.030,mask_ratio: 0.745
[INFO] Iters: 5580,total_loss: 0.111,loss_x: 0.151,loss_u_s: 0.109,loss_u_m: 0.122,loss_u_fp: 0.026,mask_ratio: 0.743
[INFO] Iters: 5642,total_loss: 0.111,loss_x: 0.148,loss_u_s: 0.123,loss_u_m: 0.120,loss_u_fp: 0.027,mask_ratio: 0.739
[INFO] Iters: 5704,total_loss: 0.107,loss_x: 0.152,loss_u_s: 0.100,loss_u_m: 0.103,loss_u_fp: 0.023,mask_ratio: 0.746
[INFO] Iters: 5766,total_loss: 0.116,loss_x: 0.155,loss_u_s: 0.123,loss_u_m: 0.132,loss_u_fp: 0.028,mask_ratio: 0.746
[INFO] Iters: 5828,total_loss: 0.105,loss_x: 0.141,loss_u_s: 0.119,loss_u_m: 0.109,loss_u_fp: 0.025,mask_ratio: 0.740
[INFO] Iters: 5890,total_loss: 0.110,loss_x: 0.153,loss_u_s: 0.104,loss_u_m: 0.115,loss_u_fp: 0.024,mask_ratio: 0.746
[INFO] ***** Evaluation ***** >>>> Class [0 background] IoU: 93.63
[INFO] ***** Evaluation ***** >>>> Class [1 aeroplane] IoU: 90.26
[INFO] ***** Evaluation ***** >>>> Class [2 bicycle] IoU: 41.71
[INFO] ***** Evaluation ***** >>>> Class [3 bird] IoU: 85.75
[INFO] ***** Evaluation ***** >>>> Class [4 boat] IoU: 68.38
[INFO] ***** Evaluation ***** >>>> Class [5 bottle] IoU: 78.27
[INFO] ***** Evaluation ***** >>>> Class [6 bus] IoU: 92.01
[INFO] ***** Evaluation ***** >>>> Class [7 car] IoU: 85.59
[INFO] ***** Evaluation ***** >>>> Class [8 cat] IoU: 92.47
[INFO] ***** Evaluation ***** >>>> Class [9 chair] IoU: 38.76
[INFO] ***** Evaluation ***** >>>> Class [10 cow] IoU: 83.26
[INFO] ***** Evaluation ***** >>>> Class [11 dining table] IoU: 48.89
[INFO] ***** Evaluation ***** >>>> Class [12 dog] IoU: 87.19
[INFO] ***** Evaluation ***** >>>> Class [13 horse] IoU: 84.97
[INFO] ***** Evaluation ***** >>>> Class [14 motorbike] IoU: 81.91
[INFO] ***** Evaluation ***** >>>> Class [15 person] IoU: 84.11
[INFO] ***** Evaluation ***** >>>> Class [16 potted plant] IoU: 61.98
[INFO] ***** Evaluation ***** >>>> Class [17 sheep] IoU: 79.58
[INFO] ***** Evaluation ***** >>>> Class [18 sofa] IoU: 51.47
[INFO] ***** Evaluation ***** >>>> Class [19 train] IoU: 85.84
[INFO] ***** Evaluation ***** >>>> Class [20 tv/monitor] IoU: 69.23
[INFO] ***** Evaluation ***** original >>>> MeanIoU: 75.49

[INFO] Pseudo-label epoch summary | epoch=11 | masked=0.9603, cov=0.7477, miou=0.5285
[INFO] [DynamicThreshold Overhead] Epoch 11 | Epoch Train Time: 458.6s | Dynamic Threshold Compute Time: 112.71s (24.6% of epoch) | Peak Extra GPU Memory (per batch): 67.4 MB
[INFO] ===========> Epoch: 12, LR: 0.00086, Previous best val_mIOU: 75.49
[INFO] Iters: 5952,total_loss: 0.107,loss_x: 0.142,loss_u_s: 0.119,loss_u_m: 0.116,loss_u_fp: 0.025,mask_ratio: 0.746
[INFO] Iters: 6014,total_loss: 0.109,loss_x: 0.157,loss_u_s: 0.111,loss_u_m: 0.091,loss_u_fp: 0.023,mask_ratio: 0.746
[INFO] Iters: 6076,total_loss: 0.105,loss_x: 0.146,loss_u_s: 0.100,loss_u_m: 0.106,loss_u_fp: 0.026,mask_ratio: 0.749
[INFO] Iters: 6138,total_loss: 0.102,loss_x: 0.145,loss_u_s: 0.101,loss_u_m: 0.099,loss_u_fp: 0.020,mask_ratio: 0.747
[INFO] Iters: 6200,total_loss: 0.099,loss_x: 0.133,loss_u_s: 0.109,loss_u_m: 0.102,loss_u_fp: 0.023,mask_ratio: 0.744
[INFO] Iters: 6262,total_loss: 0.108,loss_x: 0.145,loss_u_s: 0.111,loss_u_m: 0.120,loss_u_fp: 0.025,mask_ratio: 0.745
[INFO] Iters: 6324,total_loss: 0.103,loss_x: 0.136,loss_u_s: 0.110,loss_u_m: 0.114,loss_u_fp: 0.025,mask_ratio: 0.749
[INFO] Iters: 6386,total_loss: 0.112,loss_x: 0.143,loss_u_s: 0.134,loss_u_m: 0.128,loss_u_fp: 0.031,mask_ratio: 0.748
[INFO] ***** Evaluation ***** >>>> Class [0 background] IoU: 93.53
[INFO] ***** Evaluation ***** >>>> Class [1 aeroplane] IoU: 89.97
[INFO] ***** Evaluation ***** >>>> Class [2 bicycle] IoU: 39.38
[INFO] ***** Evaluation ***** >>>> Class [3 bird] IoU: 86.76
[INFO] ***** Evaluation ***** >>>> Class [4 boat] IoU: 69.50
[INFO] ***** Evaluation ***** >>>> Class [5 bottle] IoU: 75.04
[INFO] ***** Evaluation ***** >>>> Class [6 bus] IoU: 92.09
[INFO] ***** Evaluation ***** >>>> Class [7 car] IoU: 87.85
[INFO] ***** Evaluation ***** >>>> Class [8 cat] IoU: 92.60
[INFO] ***** Evaluation ***** >>>> Class [9 chair] IoU: 36.08
[INFO] ***** Evaluation ***** >>>> Class [10 cow] IoU: 85.98
[INFO] ***** Evaluation ***** >>>> Class [11 dining table] IoU: 52.00
[INFO] ***** Evaluation ***** >>>> Class [12 dog] IoU: 86.54
[INFO] ***** Evaluation ***** >>>> Class [13 horse] IoU: 82.00
[INFO] ***** Evaluation ***** >>>> Class [14 motorbike] IoU: 84.38
[INFO] ***** Evaluation ***** >>>> Class [15 person] IoU: 83.50
[INFO] ***** Evaluation ***** >>>> Class [16 potted plant] IoU: 55.34
[INFO] ***** Evaluation ***** >>>> Class [17 sheep] IoU: 84.93
[INFO] ***** Evaluation ***** >>>> Class [18 sofa] IoU: 54.44
[INFO] ***** Evaluation ***** >>>> Class [19 train] IoU: 86.41
[INFO] ***** Evaluation ***** >>>> Class [20 tv/monitor] IoU: 69.41
[INFO] ***** Evaluation ***** original >>>> MeanIoU: 75.61

[INFO] Pseudo-label epoch summary | epoch=12 | masked=0.9623, cov=0.7504, miou=0.5395
[INFO] [DynamicThreshold Overhead] Epoch 12 | Epoch Train Time: 458.3s | Dynamic Threshold Compute Time: 113.00s (24.7% of epoch) | Peak Extra GPU Memory (per batch): 66.7 MB
[INFO] ===========> Epoch: 13, LR: 0.00085, Previous best val_mIOU: 75.61
[INFO] Iters: 6448,total_loss: 0.111,loss_x: 0.152,loss_u_s: 0.112,loss_u_m: 0.115,loss_u_fp: 0.026,mask_ratio: 0.744
[INFO] Iters: 6510,total_loss: 0.104,loss_x: 0.144,loss_u_s: 0.105,loss_u_m: 0.103,loss_u_fp: 0.024,mask_ratio: 0.753
[INFO] Iters: 6572,total_loss: 0.101,loss_x: 0.135,loss_u_s: 0.113,loss_u_m: 0.105,loss_u_fp: 0.025,mask_ratio: 0.754
[INFO] Iters: 6634,total_loss: 0.103,loss_x: 0.137,loss_u_s: 0.098,loss_u_m: 0.115,loss_u_fp: 0.030,mask_ratio: 0.751
[INFO] Iters: 6696,total_loss: 0.105,loss_x: 0.137,loss_u_s: 0.116,loss_u_m: 0.115,loss_u_fp: 0.027,mask_ratio: 0.748
[INFO] Iters: 6758,total_loss: 0.101,loss_x: 0.132,loss_u_s: 0.112,loss_u_m: 0.113,loss_u_fp: 0.026,mask_ratio: 0.749
[INFO] Iters: 6820,total_loss: 0.101,loss_x: 0.138,loss_u_s: 0.099,loss_u_m: 0.105,loss_u_fp: 0.026,mask_ratio: 0.747
[INFO] Iters: 6882,total_loss: 0.100,loss_x: 0.130,loss_u_s: 0.112,loss_u_m: 0.116,loss_u_fp: 0.026,mask_ratio: 0.754
[INFO] ***** Evaluation ***** >>>> Class [0 background] IoU: 93.70
[INFO] ***** Evaluation ***** >>>> Class [1 aeroplane] IoU: 91.16
[INFO] ***** Evaluation ***** >>>> Class [2 bicycle] IoU: 40.03
[INFO] ***** Evaluation ***** >>>> Class [3 bird] IoU: 87.13
[INFO] ***** Evaluation ***** >>>> Class [4 boat] IoU: 69.22
[INFO] ***** Evaluation ***** >>>> Class [5 bottle] IoU: 75.15
[INFO] ***** Evaluation ***** >>>> Class [6 bus] IoU: 91.67
[INFO] ***** Evaluation ***** >>>> Class [7 car] IoU: 83.74
[INFO] ***** Evaluation ***** >>>> Class [8 cat] IoU: 92.53
[INFO] ***** Evaluation ***** >>>> Class [9 chair] IoU: 35.45
[INFO] ***** Evaluation ***** >>>> Class [10 cow] IoU: 82.22
[INFO] ***** Evaluation ***** >>>> Class [11 dining table] IoU: 50.06
[INFO] ***** Evaluation ***** >>>> Class [12 dog] IoU: 87.22
[INFO] ***** Evaluation ***** >>>> Class [13 horse] IoU: 79.27
[INFO] ***** Evaluation ***** >>>> Class [14 motorbike] IoU: 80.43
[INFO] ***** Evaluation ***** >>>> Class [15 person] IoU: 84.10
[INFO] ***** Evaluation ***** >>>> Class [16 potted plant] IoU: 56.52
[INFO] ***** Evaluation ***** >>>> Class [17 sheep] IoU: 86.59
[INFO] ***** Evaluation ***** >>>> Class [18 sofa] IoU: 54.55
[INFO] ***** Evaluation ***** >>>> Class [19 train] IoU: 84.72
[INFO] ***** Evaluation ***** >>>> Class [20 tv/monitor] IoU: 70.47
[INFO] ***** Evaluation ***** original >>>> MeanIoU: 75.04

[INFO] Pseudo-label epoch summary | epoch=13 | masked=0.9608, cov=0.7548, miou=0.5507
[INFO] [DynamicThreshold Overhead] Epoch 13 | Epoch Train Time: 457.4s | Dynamic Threshold Compute Time: 112.93s (24.7% of epoch) | Peak Extra GPU Memory (per batch): 67.5 MB
[INFO] ===========> Epoch: 14, LR: 0.00084, Previous best val_mIOU: 75.61
[INFO] Iters: 6944,total_loss: 0.105,loss_x: 0.149,loss_u_s: 0.103,loss_u_m: 0.099,loss_u_fp: 0.020,mask_ratio: 0.753
[INFO] Iters: 7006,total_loss: 0.099,loss_x: 0.131,loss_u_s: 0.108,loss_u_m: 0.111,loss_u_fp: 0.023,mask_ratio: 0.765
[INFO] Iters: 7068,total_loss: 0.101,loss_x: 0.134,loss_u_s: 0.111,loss_u_m: 0.108,loss_u_fp: 0.027,mask_ratio: 0.757
[INFO] Iters: 7130,total_loss: 0.101,loss_x: 0.135,loss_u_s: 0.119,loss_u_m: 0.102,loss_u_fp: 0.025,mask_ratio: 0.760
[INFO] Iters: 7192,total_loss: 0.091,loss_x: 0.125,loss_u_s: 0.095,loss_u_m: 0.095,loss_u_fp: 0.020,mask_ratio: 0.754
[INFO] Iters: 7254,total_loss: 0.100,loss_x: 0.132,loss_u_s: 0.107,loss_u_m: 0.115,loss_u_fp: 0.023,mask_ratio: 0.755
[INFO] Iters: 7316,total_loss: 0.097,loss_x: 0.129,loss_u_s: 0.115,loss_u_m: 0.099,loss_u_fp: 0.023,mask_ratio: 0.746
[INFO] Iters: 7378,total_loss: 0.103,loss_x: 0.136,loss_u_s: 0.110,loss_u_m: 0.115,loss_u_fp: 0.027,mask_ratio: 0.749
[INFO] ***** Evaluation ***** >>>> Class [0 background] IoU: 93.61
[INFO] ***** Evaluation ***** >>>> Class [1 aeroplane] IoU: 90.38
[INFO] ***** Evaluation ***** >>>> Class [2 bicycle] IoU: 41.04
[INFO] ***** Evaluation ***** >>>> Class [3 bird] IoU: 87.01
[INFO] ***** Evaluation ***** >>>> Class [4 boat] IoU: 67.97
[INFO] ***** Evaluation ***** >>>> Class [5 bottle] IoU: 79.76
[INFO] ***** Evaluation ***** >>>> Class [6 bus] IoU: 93.52
[INFO] ***** Evaluation ***** >>>> Class [7 car] IoU: 85.58
[INFO] ***** Evaluation ***** >>>> Class [8 cat] IoU: 92.20
[INFO] ***** Evaluation ***** >>>> Class [9 chair] IoU: 35.24
[INFO] ***** Evaluation ***** >>>> Class [10 cow] IoU: 79.93
[INFO] ***** Evaluation ***** >>>> Class [11 dining table] IoU: 48.09
[INFO] ***** Evaluation ***** >>>> Class [12 dog] IoU: 87.43
[INFO] ***** Evaluation ***** >>>> Class [13 horse] IoU: 79.46
[INFO] ***** Evaluation ***** >>>> Class [14 motorbike] IoU: 82.53
[INFO] ***** Evaluation ***** >>>> Class [15 person] IoU: 84.14
[INFO] ***** Evaluation ***** >>>> Class [16 potted plant] IoU: 53.58
[INFO] ***** Evaluation ***** >>>> Class [17 sheep] IoU: 85.77
[INFO] ***** Evaluation ***** >>>> Class [18 sofa] IoU: 50.58
[INFO] ***** Evaluation ***** >>>> Class [19 train] IoU: 86.89
[INFO] ***** Evaluation ***** >>>> Class [20 tv/monitor] IoU: 69.85
[INFO] ***** Evaluation ***** original >>>> MeanIoU: 74.98

[INFO] Pseudo-label epoch summary | epoch=14 | masked=0.9611, cov=0.7591, miou=0.5509
[INFO] [DynamicThreshold Overhead] Epoch 14 | Epoch Train Time: 457.9s | Dynamic Threshold Compute Time: 112.87s (24.7% of epoch) | Peak Extra GPU Memory (per batch): 66.6 MB
[INFO] ===========> Epoch: 15, LR: 0.00083, Previous best val_mIOU: 75.61
[INFO] Iters: 7440,total_loss: 0.101,loss_x: 0.135,loss_u_s: 0.105,loss_u_m: 0.110,loss_u_fp: 0.025,mask_ratio: 0.756
[INFO] Iters: 7502,total_loss: 0.089,loss_x: 0.118,loss_u_s: 0.095,loss_u_m: 0.103,loss_u_fp: 0.020,mask_ratio: 0.759
[INFO] Iters: 7564,total_loss: 0.103,loss_x: 0.131,loss_u_s: 0.129,loss_u_m: 0.120,loss_u_fp: 0.025,mask_ratio: 0.758
[INFO] Iters: 7626,total_loss: 0.093,loss_x: 0.126,loss_u_s: 0.098,loss_u_m: 0.098,loss_u_fp: 0.021,mask_ratio: 0.761
[INFO] Iters: 7688,total_loss: 0.102,loss_x: 0.133,loss_u_s: 0.118,loss_u_m: 0.118,loss_u_fp: 0.025,mask_ratio: 0.752
[INFO] Iters: 7750,total_loss: 0.089,loss_x: 0.119,loss_u_s: 0.094,loss_u_m: 0.103,loss_u_fp: 0.020,mask_ratio: 0.755
[INFO] Iters: 7812,total_loss: 0.104,loss_x: 0.140,loss_u_s: 0.098,loss_u_m: 0.125,loss_u_fp: 0.024,mask_ratio: 0.757
[INFO] Iters: 7874,total_loss: 0.101,loss_x: 0.136,loss_u_s: 0.108,loss_u_m: 0.103,loss_u_fp: 0.027,mask_ratio: 0.751
[INFO] ***** Evaluation ***** >>>> Class [0 background] IoU: 93.96
[INFO] ***** Evaluation ***** >>>> Class [1 aeroplane] IoU: 90.25
[INFO] ***** Evaluation ***** >>>> Class [2 bicycle] IoU: 44.07
[INFO] ***** Evaluation ***** >>>> Class [3 bird] IoU: 86.06
[INFO] ***** Evaluation ***** >>>> Class [4 boat] IoU: 71.09
[INFO] ***** Evaluation ***** >>>> Class [5 bottle] IoU: 78.09
[INFO] ***** Evaluation ***** >>>> Class [6 bus] IoU: 91.87
[INFO] ***** Evaluation ***** >>>> Class [7 car] IoU: 87.06
[INFO] ***** Evaluation ***** >>>> Class [8 cat] IoU: 90.90
[INFO] ***** Evaluation ***** >>>> Class [9 chair] IoU: 37.43
[INFO] ***** Evaluation ***** >>>> Class [10 cow] IoU: 85.39
[INFO] ***** Evaluation ***** >>>> Class [11 dining table] IoU: 45.21
[INFO] ***** Evaluation ***** >>>> Class [12 dog] IoU: 85.93
[INFO] ***** Evaluation ***** >>>> Class [13 horse] IoU: 87.19
[INFO] ***** Evaluation ***** >>>> Class [14 motorbike] IoU: 83.16
[INFO] ***** Evaluation ***** >>>> Class [15 person] IoU: 84.25
[INFO] ***** Evaluation ***** >>>> Class [16 potted plant] IoU: 56.94
[INFO] ***** Evaluation ***** >>>> Class [17 sheep] IoU: 82.96
[INFO] ***** Evaluation ***** >>>> Class [18 sofa] IoU: 52.26
[INFO] ***** Evaluation ***** >>>> Class [19 train] IoU: 86.05
[INFO] ***** Evaluation ***** >>>> Class [20 tv/monitor] IoU: 71.16
[INFO] ***** Evaluation ***** original >>>> MeanIoU: 75.78

[INFO] Pseudo-label epoch summary | epoch=15 | masked=0.9619, cov=0.7599, miou=0.5588
[INFO] [DynamicThreshold Overhead] Epoch 15 | Epoch Train Time: 457.3s | Dynamic Threshold Compute Time: 112.99s (24.7% of epoch) | Peak Extra GPU Memory (per batch): 67.3 MB
[INFO] ===========> Epoch: 16, LR: 0.00082, Previous best val_mIOU: 75.78
[INFO] Iters: 7936,total_loss: 0.103,loss_x: 0.136,loss_u_s: 0.118,loss_u_m: 0.110,loss_u_fp: 0.024,mask_ratio: 0.756
[INFO] Iters: 7998,total_loss: 0.089,loss_x: 0.124,loss_u_s: 0.089,loss_u_m: 0.095,loss_u_fp: 0.018,mask_ratio: 0.759
[INFO] Iters: 8060,total_loss: 0.092,loss_x: 0.125,loss_u_s: 0.094,loss_u_m: 0.102,loss_u_fp: 0.020,mask_ratio: 0.756
[INFO] Iters: 8122,total_loss: 0.094,loss_x: 0.124,loss_u_s: 0.104,loss_u_m: 0.107,loss_u_fp: 0.023,mask_ratio: 0.755
[INFO] Iters: 8184,total_loss: 0.093,loss_x: 0.128,loss_u_s: 0.105,loss_u_m: 0.084,loss_u_fp: 0.022,mask_ratio: 0.757
[INFO] Iters: 8246,total_loss: 0.103,loss_x: 0.142,loss_u_s: 0.107,loss_u_m: 0.097,loss_u_fp: 0.023,mask_ratio: 0.754
[INFO] Iters: 8308,total_loss: 0.096,loss_x: 0.126,loss_u_s: 0.114,loss_u_m: 0.106,loss_u_fp: 0.021,mask_ratio: 0.753
[INFO] Iters: 8370,total_loss: 0.085,loss_x: 0.111,loss_u_s: 0.096,loss_u_m: 0.096,loss_u_fp: 0.022,mask_ratio: 0.764
[INFO] ***** Evaluation ***** >>>> Class [0 background] IoU: 93.90
[INFO] ***** Evaluation ***** >>>> Class [1 aeroplane] IoU: 91.24
[INFO] ***** Evaluation ***** >>>> Class [2 bicycle] IoU: 42.07
[INFO] ***** Evaluation ***** >>>> Class [3 bird] IoU: 87.33
[INFO] ***** Evaluation ***** >>>> Class [4 boat] IoU: 66.28
[INFO] ***** Evaluation ***** >>>> Class [5 bottle] IoU: 80.88
[INFO] ***** Evaluation ***** >>>> Class [6 bus] IoU: 93.53
[INFO] ***** Evaluation ***** >>>> Class [7 car] IoU: 87.45
[INFO] ***** Evaluation ***** >>>> Class [8 cat] IoU: 93.00
[INFO] ***** Evaluation ***** >>>> Class [9 chair] IoU: 35.14
[INFO] ***** Evaluation ***** >>>> Class [10 cow] IoU: 80.52
[INFO] ***** Evaluation ***** >>>> Class [11 dining table] IoU: 48.00
[INFO] ***** Evaluation ***** >>>> Class [12 dog] IoU: 84.34
[INFO] ***** Evaluation ***** >>>> Class [13 horse] IoU: 84.43
[INFO] ***** Evaluation ***** >>>> Class [14 motorbike] IoU: 84.06
[INFO] ***** Evaluation ***** >>>> Class [15 person] IoU: 83.94
[INFO] ***** Evaluation ***** >>>> Class [16 potted plant] IoU: 60.34
[INFO] ***** Evaluation ***** >>>> Class [17 sheep] IoU: 85.96
[INFO] ***** Evaluation ***** >>>> Class [18 sofa] IoU: 55.65
[INFO] ***** Evaluation ***** >>>> Class [19 train] IoU: 84.79
[INFO] ***** Evaluation ***** >>>> Class [20 tv/monitor] IoU: 70.11
[INFO] ***** Evaluation ***** original >>>> MeanIoU: 75.86

[INFO] Pseudo-label epoch summary | epoch=16 | masked=0.9619, cov=0.7614, miou=0.5555
[INFO] [DynamicThreshold Overhead] Epoch 16 | Epoch Train Time: 457.8s | Dynamic Threshold Compute Time: 112.96s (24.7% of epoch) | Peak Extra GPU Memory (per batch): 66.8 MB
[INFO] ===========> Epoch: 17, LR: 0.00081, Previous best val_mIOU: 75.86
[INFO] Iters: 8432,total_loss: 0.093,loss_x: 0.127,loss_u_s: 0.098,loss_u_m: 0.097,loss_u_fp: 0.022,mask_ratio: 0.761
[INFO] Iters: 8494,total_loss: 0.090,loss_x: 0.112,loss_u_s: 0.113,loss_u_m: 0.108,loss_u_fp: 0.026,mask_ratio: 0.760
[INFO] Iters: 8556,total_loss: 0.092,loss_x: 0.124,loss_u_s: 0.100,loss_u_m: 0.099,loss_u_fp: 0.022,mask_ratio: 0.754
[INFO] Iters: 8618,total_loss: 0.098,loss_x: 0.129,loss_u_s: 0.110,loss_u_m: 0.114,loss_u_fp: 0.022,mask_ratio: 0.761
[INFO] Iters: 8680,total_loss: 0.094,loss_x: 0.125,loss_u_s: 0.095,loss_u_m: 0.113,loss_u_fp: 0.022,mask_ratio: 0.759
[INFO] Iters: 8742,total_loss: 0.087,loss_x: 0.116,loss_u_s: 0.094,loss_u_m: 0.097,loss_u_fp: 0.020,mask_ratio: 0.771
[INFO] Iters: 8804,total_loss: 0.092,loss_x: 0.123,loss_u_s: 0.092,loss_u_m: 0.104,loss_u_fp: 0.024,mask_ratio: 0.767
[INFO] Iters: 8866,total_loss: 0.107,loss_x: 0.149,loss_u_s: 0.105,loss_u_m: 0.099,loss_u_fp: 0.027,mask_ratio: 0.758
[INFO] ***** Evaluation ***** >>>> Class [0 background] IoU: 94.00
[INFO] ***** Evaluation ***** >>>> Class [1 aeroplane] IoU: 91.12
[INFO] ***** Evaluation ***** >>>> Class [2 bicycle] IoU: 43.15
[INFO] ***** Evaluation ***** >>>> Class [3 bird] IoU: 88.28
[INFO] ***** Evaluation ***** >>>> Class [4 boat] IoU: 67.61
[INFO] ***** Evaluation ***** >>>> Class [5 bottle] IoU: 80.22
[INFO] ***** Evaluation ***** >>>> Class [6 bus] IoU: 93.43
[INFO] ***** Evaluation ***** >>>> Class [7 car] IoU: 87.45
[INFO] ***** Evaluation ***** >>>> Class [8 cat] IoU: 92.22
[INFO] ***** Evaluation ***** >>>> Class [9 chair] IoU: 37.70
[INFO] ***** Evaluation ***** >>>> Class [10 cow] IoU: 80.06
[INFO] ***** Evaluation ***** >>>> Class [11 dining table] IoU: 44.18
[INFO] ***** Evaluation ***** >>>> Class [12 dog] IoU: 85.53
[INFO] ***** Evaluation ***** >>>> Class [13 horse] IoU: 84.96
[INFO] ***** Evaluation ***** >>>> Class [14 motorbike] IoU: 83.05
[INFO] ***** Evaluation ***** >>>> Class [15 person] IoU: 85.28
[INFO] ***** Evaluation ***** >>>> Class [16 potted plant] IoU: 60.63
[INFO] ***** Evaluation ***** >>>> Class [17 sheep] IoU: 81.50
[INFO] ***** Evaluation ***** >>>> Class [18 sofa] IoU: 55.47
[INFO] ***** Evaluation ***** >>>> Class [19 train] IoU: 84.82
[INFO] ***** Evaluation ***** >>>> Class [20 tv/monitor] IoU: 71.44
[INFO] ***** Evaluation ***** original >>>> MeanIoU: 75.81

[INFO] Pseudo-label epoch summary | epoch=17 | masked=0.9622, cov=0.7644, miou=0.5627
[INFO] [DynamicThreshold Overhead] Epoch 17 | Epoch Train Time: 457.7s | Dynamic Threshold Compute Time: 112.88s (24.7% of epoch) | Peak Extra GPU Memory (per batch): 68.1 MB
[INFO] ===========> Epoch: 18, LR: 0.00080, Previous best val_mIOU: 75.86
[INFO] Iters: 8928,total_loss: 0.091,loss_x: 0.119,loss_u_s: 0.110,loss_u_m: 0.096,loss_u_fp: 0.023,mask_ratio: 0.754
[INFO] Iters: 8990,total_loss: 0.092,loss_x: 0.120,loss_u_s: 0.111,loss_u_m: 0.103,loss_u_fp: 0.019,mask_ratio: 0.760
[INFO] Iters: 9052,total_loss: 0.090,loss_x: 0.117,loss_u_s: 0.101,loss_u_m: 0.103,loss_u_fp: 0.022,mask_ratio: 0.763
[INFO] Iters: 9114,total_loss: 0.089,loss_x: 0.121,loss_u_s: 0.093,loss_u_m: 0.092,loss_u_fp: 0.020,mask_ratio: 0.762
[INFO] Iters: 9176,total_loss: 0.086,loss_x: 0.115,loss_u_s: 0.098,loss_u_m: 0.097,loss_u_fp: 0.018,mask_ratio: 0.767
[INFO] Iters: 9238,total_loss: 0.085,loss_x: 0.114,loss_u_s: 0.091,loss_u_m: 0.092,loss_u_fp: 0.020,mask_ratio: 0.767
[INFO] Iters: 9300,total_loss: 0.090,loss_x: 0.118,loss_u_s: 0.109,loss_u_m: 0.101,loss_u_fp: 0.019,mask_ratio: 0.772
[INFO] Iters: 9362,total_loss: 0.096,loss_x: 0.131,loss_u_s: 0.094,loss_u_m: 0.105,loss_u_fp: 0.024,mask_ratio: 0.765
[INFO] ***** Evaluation ***** >>>> Class [0 background] IoU: 94.23
[INFO] ***** Evaluation ***** >>>> Class [1 aeroplane] IoU: 91.17
[INFO] ***** Evaluation ***** >>>> Class [2 bicycle] IoU: 42.87
[INFO] ***** Evaluation ***** >>>> Class [3 bird] IoU: 88.85
[INFO] ***** Evaluation ***** >>>> Class [4 boat] IoU: 71.27
[INFO] ***** Evaluation ***** >>>> Class [5 bottle] IoU: 79.72
[INFO] ***** Evaluation ***** >>>> Class [6 bus] IoU: 89.66
[INFO] ***** Evaluation ***** >>>> Class [7 car] IoU: 85.73
[INFO] ***** Evaluation ***** >>>> Class [8 cat] IoU: 92.54
[INFO] ***** Evaluation ***** >>>> Class [9 chair] IoU: 38.62
[INFO] ***** Evaluation ***** >>>> Class [10 cow] IoU: 83.00
[INFO] ***** Evaluation ***** >>>> Class [11 dining table] IoU: 53.01
[INFO] ***** Evaluation ***** >>>> Class [12 dog] IoU: 88.06
[INFO] ***** Evaluation ***** >>>> Class [13 horse] IoU: 83.52
[INFO] ***** Evaluation ***** >>>> Class [14 motorbike] IoU: 81.79
[INFO] ***** Evaluation ***** >>>> Class [15 person] IoU: 84.92
[INFO] ***** Evaluation ***** >>>> Class [16 potted plant] IoU: 61.24
[INFO] ***** Evaluation ***** >>>> Class [17 sheep] IoU: 84.23
[INFO] ***** Evaluation ***** >>>> Class [18 sofa] IoU: 53.70
[INFO] ***** Evaluation ***** >>>> Class [19 train] IoU: 82.95
[INFO] ***** Evaluation ***** >>>> Class [20 tv/monitor] IoU: 71.80
[INFO] ***** Evaluation ***** original >>>> MeanIoU: 76.33

[INFO] Pseudo-label epoch summary | epoch=18 | masked=0.9614, cov=0.7688, miou=0.5641
[INFO] [DynamicThreshold Overhead] Epoch 18 | Epoch Train Time: 458.8s | Dynamic Threshold Compute Time: 112.74s (24.6% of epoch) | Peak Extra GPU Memory (per batch): 67.9 MB
[INFO] ===========> Epoch: 19, LR: 0.00078, Previous best val_mIOU: 76.33
[INFO] Iters: 9424,total_loss: 0.093,loss_x: 0.124,loss_u_s: 0.098,loss_u_m: 0.109,loss_u_fp: 0.024,mask_ratio: 0.763
[INFO] Iters: 9486,total_loss: 0.088,loss_x: 0.120,loss_u_s: 0.093,loss_u_m: 0.092,loss_u_fp: 0.020,mask_ratio: 0.769
[INFO] Iters: 9548,total_loss: 0.092,loss_x: 0.121,loss_u_s: 0.100,loss_u_m: 0.111,loss_u_fp: 0.022,mask_ratio: 0.760
[INFO] Iters: 9610,total_loss: 0.089,loss_x: 0.115,loss_u_s: 0.114,loss_u_m: 0.103,loss_u_fp: 0.018,mask_ratio: 0.764
[INFO] Iters: 9672,total_loss: 0.088,loss_x: 0.115,loss_u_s: 0.102,loss_u_m: 0.095,loss_u_fp: 0.024,mask_ratio: 0.770
[INFO] Iters: 9734,total_loss: 0.092,loss_x: 0.116,loss_u_s: 0.117,loss_u_m: 0.117,loss_u_fp: 0.019,mask_ratio: 0.765
[INFO] Iters: 9796,total_loss: 0.087,loss_x: 0.115,loss_u_s: 0.094,loss_u_m: 0.099,loss_u_fp: 0.021,mask_ratio: 0.763
[INFO] Iters: 9858,total_loss: 0.098,loss_x: 0.134,loss_u_s: 0.100,loss_u_m: 0.106,loss_u_fp: 0.021,mask_ratio: 0.764
[INFO] ***** Evaluation ***** >>>> Class [0 background] IoU: 93.97
[INFO] ***** Evaluation ***** >>>> Class [1 aeroplane] IoU: 90.95
[INFO] ***** Evaluation ***** >>>> Class [2 bicycle] IoU: 41.76
[INFO] ***** Evaluation ***** >>>> Class [3 bird] IoU: 88.17
[INFO] ***** Evaluation ***** >>>> Class [4 boat] IoU: 66.62
[INFO] ***** Evaluation ***** >>>> Class [5 bottle] IoU: 80.25
[INFO] ***** Evaluation ***** >>>> Class [6 bus] IoU: 90.46
[INFO] ***** Evaluation ***** >>>> Class [7 car] IoU: 86.27
[INFO] ***** Evaluation ***** >>>> Class [8 cat] IoU: 91.33
[INFO] ***** Evaluation ***** >>>> Class [9 chair] IoU: 37.25
[INFO] ***** Evaluation ***** >>>> Class [10 cow] IoU: 78.71
[INFO] ***** Evaluation ***** >>>> Class [11 dining table] IoU: 50.54
[INFO] ***** Evaluation ***** >>>> Class [12 dog] IoU: 81.08
[INFO] ***** Evaluation ***** >>>> Class [13 horse] IoU: 83.32
[INFO] ***** Evaluation ***** >>>> Class [14 motorbike] IoU: 82.44
[INFO] ***** Evaluation ***** >>>> Class [15 person] IoU: 84.05
[INFO] ***** Evaluation ***** >>>> Class [16 potted plant] IoU: 62.82
[INFO] ***** Evaluation ***** >>>> Class [17 sheep] IoU: 84.16
[INFO] ***** Evaluation ***** >>>> Class [18 sofa] IoU: 51.20
[INFO] ***** Evaluation ***** >>>> Class [19 train] IoU: 83.80
[INFO] ***** Evaluation ***** >>>> Class [20 tv/monitor] IoU: 71.70
[INFO] ***** Evaluation ***** original >>>> MeanIoU: 75.28

[INFO] Pseudo-label epoch summary | epoch=19 | masked=0.9616, cov=0.7689, miou=0.5647
[INFO] [DynamicThreshold Overhead] Epoch 19 | Epoch Train Time: 458.2s | Dynamic Threshold Compute Time: 112.81s (24.6% of epoch) | Peak Extra GPU Memory (per batch): 67.2 MB
[INFO] ===========> Epoch: 20, LR: 0.00077, Previous best val_mIOU: 76.33
[INFO] Iters: 9920,total_loss: 0.088,loss_x: 0.119,loss_u_s: 0.102,loss_u_m: 0.093,loss_u_fp: 0.019,mask_ratio: 0.765
[INFO] Iters: 9982,total_loss: 0.090,loss_x: 0.116,loss_u_s: 0.112,loss_u_m: 0.101,loss_u_fp: 0.022,mask_ratio: 0.763
[INFO] Iters: 10044,total_loss: 0.086,loss_x: 0.117,loss_u_s: 0.093,loss_u_m: 0.090,loss_u_fp: 0.018,mask_ratio: 0.770
[INFO] Iters: 10106,total_loss: 0.094,loss_x: 0.122,loss_u_s: 0.104,loss_u_m: 0.113,loss_u_fp: 0.024,mask_ratio: 0.761
[INFO] Iters: 10168,total_loss: 0.090,loss_x: 0.115,loss_u_s: 0.102,loss_u_m: 0.106,loss_u_fp: 0.025,mask_ratio: 0.765
[INFO] Iters: 10230,total_loss: 0.090,loss_x: 0.117,loss_u_s: 0.103,loss_u_m: 0.112,loss_u_fp: 0.020,mask_ratio: 0.761
[INFO] Iters: 10292,total_loss: 0.087,loss_x: 0.116,loss_u_s: 0.100,loss_u_m: 0.095,loss_u_fp: 0.020,mask_ratio: 0.770
[INFO] Iters: 10354,total_loss: 0.090,loss_x: 0.122,loss_u_s: 0.096,loss_u_m: 0.092,loss_u_fp: 0.023,mask_ratio: 0.767
[INFO] ***** Evaluation ***** >>>> Class [0 background] IoU: 94.16
[INFO] ***** Evaluation ***** >>>> Class [1 aeroplane] IoU: 91.30
[INFO] ***** Evaluation ***** >>>> Class [2 bicycle] IoU: 41.97
[INFO] ***** Evaluation ***** >>>> Class [3 bird] IoU: 88.16
[INFO] ***** Evaluation ***** >>>> Class [4 boat] IoU: 71.53
[INFO] ***** Evaluation ***** >>>> Class [5 bottle] IoU: 79.46
[INFO] ***** Evaluation ***** >>>> Class [6 bus] IoU: 90.86
[INFO] ***** Evaluation ***** >>>> Class [7 car] IoU: 87.52
[INFO] ***** Evaluation ***** >>>> Class [8 cat] IoU: 92.58
[INFO] ***** Evaluation ***** >>>> Class [9 chair] IoU: 37.39
[INFO] ***** Evaluation ***** >>>> Class [10 cow] IoU: 78.72
[INFO] ***** Evaluation ***** >>>> Class [11 dining table] IoU: 48.36
[INFO] ***** Evaluation ***** >>>> Class [12 dog] IoU: 85.16
[INFO] ***** Evaluation ***** >>>> Class [13 horse] IoU: 79.35
[INFO] ***** Evaluation ***** >>>> Class [14 motorbike] IoU: 84.75
[INFO] ***** Evaluation ***** >>>> Class [15 person] IoU: 84.22
[INFO] ***** Evaluation ***** >>>> Class [16 potted plant] IoU: 59.83
[INFO] ***** Evaluation ***** >>>> Class [17 sheep] IoU: 81.28
[INFO] ***** Evaluation ***** >>>> Class [18 sofa] IoU: 57.51
[INFO] ***** Evaluation ***** >>>> Class [19 train] IoU: 84.73
[INFO] ***** Evaluation ***** >>>> Class [20 tv/monitor] IoU: 70.85
[INFO] ***** Evaluation ***** original >>>> MeanIoU: 75.70

[INFO] Pseudo-label epoch summary | epoch=20 | masked=0.9633, cov=0.7686, miou=0.5720
[INFO] [DynamicThreshold Overhead] Epoch 20 | Epoch Train Time: 458.0s | Dynamic Threshold Compute Time: 112.90s (24.6% of epoch) | Peak Extra GPU Memory (per batch): 66.2 MB
[INFO] ===========> Epoch: 21, LR: 0.00076, Previous best val_mIOU: 76.33
[INFO] Iters: 10416,total_loss: 0.094,loss_x: 0.126,loss_u_s: 0.100,loss_u_m: 0.108,loss_u_fp: 0.022,mask_ratio: 0.763
[INFO] Iters: 10478,total_loss: 0.083,loss_x: 0.111,loss_u_s: 0.094,loss_u_m: 0.092,loss_u_fp: 0.018,mask_ratio: 0.763
[INFO] Iters: 10540,total_loss: 0.091,loss_x: 0.118,loss_u_s: 0.108,loss_u_m: 0.106,loss_u_fp: 0.023,mask_ratio: 0.764
[INFO] Iters: 10602,total_loss: 0.086,loss_x: 0.112,loss_u_s: 0.097,loss_u_m: 0.098,loss_u_fp: 0.021,mask_ratio: 0.764
[INFO] Iters: 10664,total_loss: 0.087,loss_x: 0.118,loss_u_s: 0.091,loss_u_m: 0.090,loss_u_fp: 0.022,mask_ratio: 0.766
[INFO] Iters: 10726,total_loss: 0.091,loss_x: 0.119,loss_u_s: 0.102,loss_u_m: 0.103,loss_u_fp: 0.024,mask_ratio: 0.765
[INFO] Iters: 10788,total_loss: 0.082,loss_x: 0.106,loss_u_s: 0.098,loss_u_m: 0.091,loss_u_fp: 0.021,mask_ratio: 0.773
[INFO] Iters: 10850,total_loss: 0.091,loss_x: 0.122,loss_u_s: 0.105,loss_u_m: 0.098,loss_u_fp: 0.018,mask_ratio: 0.769
[INFO] ***** Evaluation ***** >>>> Class [0 background] IoU: 94.24
[INFO] ***** Evaluation ***** >>>> Class [1 aeroplane] IoU: 91.31
[INFO] ***** Evaluation ***** >>>> Class [2 bicycle] IoU: 42.25
[INFO] ***** Evaluation ***** >>>> Class [3 bird] IoU: 88.40
[INFO] ***** Evaluation ***** >>>> Class [4 boat] IoU: 70.74
[INFO] ***** Evaluation ***** >>>> Class [5 bottle] IoU: 78.99
[INFO] ***** Evaluation ***** >>>> Class [6 bus] IoU: 93.05
[INFO] ***** Evaluation ***** >>>> Class [7 car] IoU: 86.46
[INFO] ***** Evaluation ***** >>>> Class [8 cat] IoU: 93.30
[INFO] ***** Evaluation ***** >>>> Class [9 chair] IoU: 38.48
[INFO] ***** Evaluation ***** >>>> Class [10 cow] IoU: 84.75
[INFO] ***** Evaluation ***** >>>> Class [11 dining table] IoU: 52.33
[INFO] ***** Evaluation ***** >>>> Class [12 dog] IoU: 87.43
[INFO] ***** Evaluation ***** >>>> Class [13 horse] IoU: 84.03
[INFO] ***** Evaluation ***** >>>> Class [14 motorbike] IoU: 82.30
[INFO] ***** Evaluation ***** >>>> Class [15 person] IoU: 85.46
[INFO] ***** Evaluation ***** >>>> Class [16 potted plant] IoU: 62.36
[INFO] ***** Evaluation ***** >>>> Class [17 sheep] IoU: 85.96
[INFO] ***** Evaluation ***** >>>> Class [18 sofa] IoU: 54.11
[INFO] ***** Evaluation ***** >>>> Class [19 train] IoU: 85.54
[INFO] ***** Evaluation ***** >>>> Class [20 tv/monitor] IoU: 72.14
[INFO] ***** Evaluation ***** original >>>> MeanIoU: 76.84

[INFO] Pseudo-label epoch summary | epoch=21 | masked=0.9622, cov=0.7719, miou=0.5772
[INFO] [DynamicThreshold Overhead] Epoch 21 | Epoch Train Time: 457.4s | Dynamic Threshold Compute Time: 112.94s (24.7% of epoch) | Peak Extra GPU Memory (per batch): 66.2 MB
[INFO] ===========> Epoch: 22, LR: 0.00075, Previous best val_mIOU: 76.84
[INFO] Iters: 10912,total_loss: 0.077,loss_x: 0.101,loss_u_s: 0.092,loss_u_m: 0.084,loss_u_fp: 0.016,mask_ratio: 0.780
[INFO] Iters: 10974,total_loss: 0.081,loss_x: 0.109,loss_u_s: 0.090,loss_u_m: 0.086,loss_u_fp: 0.020,mask_ratio: 0.767
[INFO] Iters: 11036,total_loss: 0.084,loss_x: 0.110,loss_u_s: 0.097,loss_u_m: 0.096,loss_u_fp: 0.019,mask_ratio: 0.771
[INFO] Iters: 11098,total_loss: 0.089,loss_x: 0.125,loss_u_s: 0.091,loss_u_m: 0.082,loss_u_fp: 0.021,mask_ratio: 0.769
[INFO] Iters: 11160,total_loss: 0.087,loss_x: 0.112,loss_u_s: 0.107,loss_u_m: 0.102,loss_u_fp: 0.021,mask_ratio: 0.765
[INFO] Iters: 11222,total_loss: 0.082,loss_x: 0.103,loss_u_s: 0.092,loss_u_m: 0.102,loss_u_fp: 0.024,mask_ratio: 0.772
[INFO] Iters: 11284,total_loss: 0.087,loss_x: 0.114,loss_u_s: 0.090,loss_u_m: 0.101,loss_u_fp: 0.022,mask_ratio: 0.768
[INFO] Iters: 11346,total_loss: 0.085,loss_x: 0.111,loss_u_s: 0.106,loss_u_m: 0.096,loss_u_fp: 0.019,mask_ratio: 0.766
[INFO] ***** Evaluation ***** >>>> Class [0 background] IoU: 94.10
[INFO] ***** Evaluation ***** >>>> Class [1 aeroplane] IoU: 91.87
[INFO] ***** Evaluation ***** >>>> Class [2 bicycle] IoU: 42.36
[INFO] ***** Evaluation ***** >>>> Class [3 bird] IoU: 87.90
[INFO] ***** Evaluation ***** >>>> Class [4 boat] IoU: 70.27
[INFO] ***** Evaluation ***** >>>> Class [5 bottle] IoU: 79.94
[INFO] ***** Evaluation ***** >>>> Class [6 bus] IoU: 90.45
[INFO] ***** Evaluation ***** >>>> Class [7 car] IoU: 85.54
[INFO] ***** Evaluation ***** >>>> Class [8 cat] IoU: 92.51
[INFO] ***** Evaluation ***** >>>> Class [9 chair] IoU: 38.79
[INFO] ***** Evaluation ***** >>>> Class [10 cow] IoU: 84.53
[INFO] ***** Evaluation ***** >>>> Class [11 dining table] IoU: 48.25
[INFO] ***** Evaluation ***** >>>> Class [12 dog] IoU: 86.47
[INFO] ***** Evaluation ***** >>>> Class [13 horse] IoU: 85.12
[INFO] ***** Evaluation ***** >>>> Class [14 motorbike] IoU: 81.15
[INFO] ***** Evaluation ***** >>>> Class [15 person] IoU: 84.65
[INFO] ***** Evaluation ***** >>>> Class [16 potted plant] IoU: 63.33
[INFO] ***** Evaluation ***** >>>> Class [17 sheep] IoU: 82.94
[INFO] ***** Evaluation ***** >>>> Class [18 sofa] IoU: 53.82
[INFO] ***** Evaluation ***** >>>> Class [19 train] IoU: 85.19
[INFO] ***** Evaluation ***** >>>> Class [20 tv/monitor] IoU: 70.30
[INFO] ***** Evaluation ***** original >>>> MeanIoU: 76.17

[INFO] Pseudo-label epoch summary | epoch=22 | masked=0.9652, cov=0.7723, miou=0.5778
[INFO] [DynamicThreshold Overhead] Epoch 22 | Epoch Train Time: 458.1s | Dynamic Threshold Compute Time: 112.89s (24.6% of epoch) | Peak Extra GPU Memory (per batch): 67.5 MB
[INFO] ===========> Epoch: 23, LR: 0.00074, Previous best val_mIOU: 76.84
[INFO] Iters: 11408,total_loss: 0.081,loss_x: 0.107,loss_u_s: 0.090,loss_u_m: 0.091,loss_u_fp: 0.020,mask_ratio: 0.769
[INFO] Iters: 11470,total_loss: 0.082,loss_x: 0.106,loss_u_s: 0.098,loss_u_m: 0.094,loss_u_fp: 0.019,mask_ratio: 0.775
[INFO] Iters: 11532,total_loss: 0.085,loss_x: 0.114,loss_u_s: 0.099,loss_u_m: 0.090,loss_u_fp: 0.018,mask_ratio: 0.775
[INFO] Iters: 11594,total_loss: 0.079,loss_x: 0.106,loss_u_s: 0.094,loss_u_m: 0.081,loss_u_fp: 0.017,mask_ratio: 0.773
[INFO] Iters: 11656,total_loss: 0.081,loss_x: 0.105,loss_u_s: 0.087,loss_u_m: 0.101,loss_u_fp: 0.020,mask_ratio: 0.764
[INFO] Iters: 11718,total_loss: 0.083,loss_x: 0.108,loss_u_s: 0.087,loss_u_m: 0.100,loss_u_fp: 0.022,mask_ratio: 0.772
[INFO] Iters: 11780,total_loss: 0.083,loss_x: 0.106,loss_u_s: 0.091,loss_u_m: 0.104,loss_u_fp: 0.020,mask_ratio: 0.771
[INFO] Iters: 11842,total_loss: 0.083,loss_x: 0.109,loss_u_s: 0.091,loss_u_m: 0.091,loss_u_fp: 0.020,mask_ratio: 0.773
[INFO] ***** Evaluation ***** >>>> Class [0 background] IoU: 94.02
[INFO] ***** Evaluation ***** >>>> Class [1 aeroplane] IoU: 91.65
[INFO] ***** Evaluation ***** >>>> Class [2 bicycle] IoU: 41.87
[INFO] ***** Evaluation ***** >>>> Class [3 bird] IoU: 88.02
[INFO] ***** Evaluation ***** >>>> Class [4 boat] IoU: 70.09
[INFO] ***** Evaluation ***** >>>> Class [5 bottle] IoU: 80.79
[INFO] ***** Evaluation ***** >>>> Class [6 bus] IoU: 93.76
[INFO] ***** Evaluation ***** >>>> Class [7 car] IoU: 86.21
[INFO] ***** Evaluation ***** >>>> Class [8 cat] IoU: 91.45
[INFO] ***** Evaluation ***** >>>> Class [9 chair] IoU: 37.60
[INFO] ***** Evaluation ***** >>>> Class [10 cow] IoU: 82.03
[INFO] ***** Evaluation ***** >>>> Class [11 dining table] IoU: 46.48
[INFO] ***** Evaluation ***** >>>> Class [12 dog] IoU: 82.25
[INFO] ***** Evaluation ***** >>>> Class [13 horse] IoU: 86.71
[INFO] ***** Evaluation ***** >>>> Class [14 motorbike] IoU: 80.97
[INFO] ***** Evaluation ***** >>>> Class [15 person] IoU: 84.77
[INFO] ***** Evaluation ***** >>>> Class [16 potted plant] IoU: 62.33
[INFO] ***** Evaluation ***** >>>> Class [17 sheep] IoU: 79.55
[INFO] ***** Evaluation ***** >>>> Class [18 sofa] IoU: 56.74
[INFO] ***** Evaluation ***** >>>> Class [19 train] IoU: 85.54
[INFO] ***** Evaluation ***** >>>> Class [20 tv/monitor] IoU: 70.83
[INFO] ***** Evaluation ***** original >>>> MeanIoU: 75.89

[INFO] Pseudo-label epoch summary | epoch=23 | masked=0.9625, cov=0.7758, miou=0.5817
[INFO] [DynamicThreshold Overhead] Epoch 23 | Epoch Train Time: 458.3s | Dynamic Threshold Compute Time: 112.90s (24.6% of epoch) | Peak Extra GPU Memory (per batch): 67.5 MB
[INFO] ===========> Epoch: 24, LR: 0.00073, Previous best val_mIOU: 76.84
[INFO] Iters: 11904,total_loss: 0.081,loss_x: 0.101,loss_u_s: 0.103,loss_u_m: 0.101,loss_u_fp: 0.021,mask_ratio: 0.772
[INFO] Iters: 11966,total_loss: 0.079,loss_x: 0.101,loss_u_s: 0.090,loss_u_m: 0.102,loss_u_fp: 0.018,mask_ratio: 0.774
[INFO] Iters: 12028,total_loss: 0.084,loss_x: 0.112,loss_u_s: 0.089,loss_u_m: 0.091,loss_u_fp: 0.023,mask_ratio: 0.773
[INFO] Iters: 12090,total_loss: 0.078,loss_x: 0.101,loss_u_s: 0.094,loss_u_m: 0.089,loss_u_fp: 0.019,mask_ratio: 0.775
[INFO] Iters: 12152,total_loss: 0.080,loss_x: 0.102,loss_u_s: 0.088,loss_u_m: 0.093,loss_u_fp: 0.022,mask_ratio: 0.778
[INFO] Iters: 12214,total_loss: 0.088,loss_x: 0.110,loss_u_s: 0.107,loss_u_m: 0.114,loss_u_fp: 0.020,mask_ratio: 0.772
[INFO] Iters: 12276,total_loss: 0.081,loss_x: 0.098,loss_u_s: 0.099,loss_u_m: 0.114,loss_u_fp: 0.022,mask_ratio: 0.774
[INFO] Iters: 12338,total_loss: 0.081,loss_x: 0.101,loss_u_s: 0.099,loss_u_m: 0.106,loss_u_fp: 0.019,mask_ratio: 0.774
[INFO] ***** Evaluation ***** >>>> Class [0 background] IoU: 94.09
[INFO] ***** Evaluation ***** >>>> Class [1 aeroplane] IoU: 92.17
[INFO] ***** Evaluation ***** >>>> Class [2 bicycle] IoU: 42.43
[INFO] ***** Evaluation ***** >>>> Class [3 bird] IoU: 88.27
[INFO] ***** Evaluation ***** >>>> Class [4 boat] IoU: 66.11
[INFO] ***** Evaluation ***** >>>> Class [5 bottle] IoU: 80.41
[INFO] ***** Evaluation ***** >>>> Class [6 bus] IoU: 92.30
[INFO] ***** Evaluation ***** >>>> Class [7 car] IoU: 88.55
[INFO] ***** Evaluation ***** >>>> Class [8 cat] IoU: 89.06
[INFO] ***** Evaluation ***** >>>> Class [9 chair] IoU: 35.76
[INFO] ***** Evaluation ***** >>>> Class [10 cow] IoU: 85.31
[INFO] ***** Evaluation ***** >>>> Class [11 dining table] IoU: 46.07
[INFO] ***** Evaluation ***** >>>> Class [12 dog] IoU: 83.97
[INFO] ***** Evaluation ***** >>>> Class [13 horse] IoU: 86.18
[INFO] ***** Evaluation ***** >>>> Class [14 motorbike] IoU: 84.78
[INFO] ***** Evaluation ***** >>>> Class [15 person] IoU: 84.97
[INFO] ***** Evaluation ***** >>>> Class [16 potted plant] IoU: 65.47
[INFO] ***** Evaluation ***** >>>> Class [17 sheep] IoU: 80.64
[INFO] ***** Evaluation ***** >>>> Class [18 sofa] IoU: 54.57
[INFO] ***** Evaluation ***** >>>> Class [19 train] IoU: 85.33
[INFO] ***** Evaluation ***** >>>> Class [20 tv/monitor] IoU: 71.58
[INFO] ***** Evaluation ***** original >>>> MeanIoU: 76.09

[INFO] Pseudo-label epoch summary | epoch=24 | masked=0.9628, cov=0.7787, miou=0.5864
[INFO] [DynamicThreshold Overhead] Epoch 24 | Epoch Train Time: 457.7s | Dynamic Threshold Compute Time: 112.94s (24.7% of epoch) | Peak Extra GPU Memory (per batch): 67.2 MB
[INFO] ===========> Epoch: 25, LR: 0.00071, Previous best val_mIOU: 76.84
[INFO] Iters: 12400,total_loss: 0.081,loss_x: 0.109,loss_u_s: 0.085,loss_u_m: 0.087,loss_u_fp: 0.020,mask_ratio: 0.778
[INFO] Iters: 12462,total_loss: 0.076,loss_x: 0.100,loss_u_s: 0.085,loss_u_m: 0.092,loss_u_fp: 0.016,mask_ratio: 0.775
[INFO] Iters: 12524,total_loss: 0.076,loss_x: 0.095,loss_u_s: 0.093,loss_u_m: 0.094,loss_u_fp: 0.020,mask_ratio: 0.778
[INFO] Iters: 12586,total_loss: 0.083,loss_x: 0.112,loss_u_s: 0.092,loss_u_m: 0.089,loss_u_fp: 0.017,mask_ratio: 0.781
[INFO] Iters: 12648,total_loss: 0.081,loss_x: 0.107,loss_u_s: 0.087,loss_u_m: 0.095,loss_u_fp: 0.018,mask_ratio: 0.773
[INFO] Iters: 12710,total_loss: 0.079,loss_x: 0.103,loss_u_s: 0.092,loss_u_m: 0.089,loss_u_fp: 0.018,mask_ratio: 0.773
[INFO] Iters: 12772,total_loss: 0.077,loss_x: 0.101,loss_u_s: 0.088,loss_u_m: 0.086,loss_u_fp: 0.019,mask_ratio: 0.772
[INFO] Iters: 12834,total_loss: 0.078,loss_x: 0.102,loss_u_s: 0.087,loss_u_m: 0.094,loss_u_fp: 0.019,mask_ratio: 0.770
[INFO] ***** Evaluation ***** >>>> Class [0 background] IoU: 94.08
[INFO] ***** Evaluation ***** >>>> Class [1 aeroplane] IoU: 91.29
[INFO] ***** Evaluation ***** >>>> Class [2 bicycle] IoU: 42.36
[INFO] ***** Evaluation ***** >>>> Class [3 bird] IoU: 87.32
[INFO] ***** Evaluation ***** >>>> Class [4 boat] IoU: 70.82
[INFO] ***** Evaluation ***** >>>> Class [5 bottle] IoU: 80.86
[INFO] ***** Evaluation ***** >>>> Class [6 bus] IoU: 91.87
[INFO] ***** Evaluation ***** >>>> Class [7 car] IoU: 86.40
[INFO] ***** Evaluation ***** >>>> Class [8 cat] IoU: 92.71
[INFO] ***** Evaluation ***** >>>> Class [9 chair] IoU: 38.34
[INFO] ***** Evaluation ***** >>>> Class [10 cow] IoU: 80.59
[INFO] ***** Evaluation ***** >>>> Class [11 dining table] IoU: 45.91
[INFO] ***** Evaluation ***** >>>> Class [12 dog] IoU: 84.49
[INFO] ***** Evaluation ***** >>>> Class [13 horse] IoU: 84.01
[INFO] ***** Evaluation ***** >>>> Class [14 motorbike] IoU: 81.83
[INFO] ***** Evaluation ***** >>>> Class [15 person] IoU: 85.28
[INFO] ***** Evaluation ***** >>>> Class [16 potted plant] IoU: 60.44
[INFO] ***** Evaluation ***** >>>> Class [17 sheep] IoU: 83.68
[INFO] ***** Evaluation ***** >>>> Class [18 sofa] IoU: 53.65
[INFO] ***** Evaluation ***** >>>> Class [19 train] IoU: 84.90
[INFO] ***** Evaluation ***** >>>> Class [20 tv/monitor] IoU: 69.14
[INFO] ***** Evaluation ***** original >>>> MeanIoU: 75.71

[INFO] Pseudo-label epoch summary | epoch=25 | masked=0.9645, cov=0.7782, miou=0.5907
[INFO] [DynamicThreshold Overhead] Epoch 25 | Epoch Train Time: 457.6s | Dynamic Threshold Compute Time: 113.01s (24.7% of epoch) | Peak Extra GPU Memory (per batch): 67.5 MB
[INFO] ===========> Epoch: 26, LR: 0.00070, Previous best val_mIOU: 76.84
[INFO] Iters: 12896,total_loss: 0.086,loss_x: 0.110,loss_u_s: 0.117,loss_u_m: 0.094,loss_u_fp: 0.021,mask_ratio: 0.772
[INFO] Iters: 12958,total_loss: 0.074,loss_x: 0.099,loss_u_s: 0.083,loss_u_m: 0.086,loss_u_fp: 0.015,mask_ratio: 0.781
[INFO] Iters: 13020,total_loss: 0.081,loss_x: 0.108,loss_u_s: 0.090,loss_u_m: 0.088,loss_u_fp: 0.016,mask_ratio: 0.778
[INFO] Iters: 13082,total_loss: 0.078,loss_x: 0.096,loss_u_s: 0.100,loss_u_m: 0.104,loss_u_fp: 0.019,mask_ratio: 0.780
[INFO] Iters: 13144,total_loss: 0.082,loss_x: 0.104,loss_u_s: 0.092,loss_u_m: 0.099,loss_u_fp: 0.023,mask_ratio: 0.774
[INFO] Iters: 13206,total_loss: 0.084,loss_x: 0.113,loss_u_s: 0.098,loss_u_m: 0.087,loss_u_fp: 0.018,mask_ratio: 0.775
[INFO] Iters: 13268,total_loss: 0.081,loss_x: 0.110,loss_u_s: 0.086,loss_u_m: 0.094,loss_u_fp: 0.016,mask_ratio: 0.773
[INFO] Iters: 13330,total_loss: 0.080,loss_x: 0.108,loss_u_s: 0.084,loss_u_m: 0.086,loss_u_fp: 0.018,mask_ratio: 0.776
[INFO] ***** Evaluation ***** >>>> Class [0 background] IoU: 94.17
[INFO] ***** Evaluation ***** >>>> Class [1 aeroplane] IoU: 91.30
[INFO] ***** Evaluation ***** >>>> Class [2 bicycle] IoU: 43.03
[INFO] ***** Evaluation ***** >>>> Class [3 bird] IoU: 87.77
[INFO] ***** Evaluation ***** >>>> Class [4 boat] IoU: 68.98
[INFO] ***** Evaluation ***** >>>> Class [5 bottle] IoU: 81.17
[INFO] ***** Evaluation ***** >>>> Class [6 bus] IoU: 94.17
[INFO] ***** Evaluation ***** >>>> Class [7 car] IoU: 87.35
[INFO] ***** Evaluation ***** >>>> Class [8 cat] IoU: 93.32
[INFO] ***** Evaluation ***** >>>> Class [9 chair] IoU: 38.18
[INFO] ***** Evaluation ***** >>>> Class [10 cow] IoU: 78.22
[INFO] ***** Evaluation ***** >>>> Class [11 dining table] IoU: 52.36
[INFO] ***** Evaluation ***** >>>> Class [12 dog] IoU: 85.97
[INFO] ***** Evaluation ***** >>>> Class [13 horse] IoU: 82.01
[INFO] ***** Evaluation ***** >>>> Class [14 motorbike] IoU: 83.15
[INFO] ***** Evaluation ***** >>>> Class [15 person] IoU: 85.39
[INFO] ***** Evaluation ***** >>>> Class [16 potted plant] IoU: 63.51
[INFO] ***** Evaluation ***** >>>> Class [17 sheep] IoU: 86.00
[INFO] ***** Evaluation ***** >>>> Class [18 sofa] IoU: 50.43
[INFO] ***** Evaluation ***** >>>> Class [19 train] IoU: 87.41
[INFO] ***** Evaluation ***** >>>> Class [20 tv/monitor] IoU: 71.63
[INFO] ***** Evaluation ***** original >>>> MeanIoU: 76.45

[INFO] Pseudo-label epoch summary | epoch=26 | masked=0.9634, cov=0.7807, miou=0.5916
[INFO] [DynamicThreshold Overhead] Epoch 26 | Epoch Train Time: 458.0s | Dynamic Threshold Compute Time: 112.98s (24.7% of epoch) | Peak Extra GPU Memory (per batch): 67.0 MB
[INFO] ===========> Epoch: 27, LR: 0.00069, Previous best val_mIOU: 76.84
[INFO] Iters: 13392,total_loss: 0.075,loss_x: 0.094,loss_u_s: 0.086,loss_u_m: 0.094,loss_u_fp: 0.020,mask_ratio: 0.776
[INFO] Iters: 13454,total_loss: 0.076,loss_x: 0.099,loss_u_s: 0.085,loss_u_m: 0.087,loss_u_fp: 0.021,mask_ratio: 0.778
[INFO] Iters: 13516,total_loss: 0.079,loss_x: 0.106,loss_u_s: 0.085,loss_u_m: 0.087,loss_u_fp: 0.017,mask_ratio: 0.775
[INFO] Iters: 13578,total_loss: 0.079,loss_x: 0.101,loss_u_s: 0.099,loss_u_m: 0.096,loss_u_fp: 0.019,mask_ratio: 0.777
[INFO] Iters: 13640,total_loss: 0.073,loss_x: 0.094,loss_u_s: 0.090,loss_u_m: 0.085,loss_u_fp: 0.017,mask_ratio: 0.779
[INFO] Iters: 13702,total_loss: 0.078,loss_x: 0.105,loss_u_s: 0.088,loss_u_m: 0.081,loss_u_fp: 0.017,mask_ratio: 0.778
[INFO] Iters: 13764,total_loss: 0.080,loss_x: 0.102,loss_u_s: 0.086,loss_u_m: 0.103,loss_u_fp: 0.021,mask_ratio: 0.781
[INFO] Iters: 13826,total_loss: 0.075,loss_x: 0.099,loss_u_s: 0.090,loss_u_m: 0.084,loss_u_fp: 0.016,mask_ratio: 0.781
[INFO] ***** Evaluation ***** >>>> Class [0 background] IoU: 94.20
[INFO] ***** Evaluation ***** >>>> Class [1 aeroplane] IoU: 91.25
[INFO] ***** Evaluation ***** >>>> Class [2 bicycle] IoU: 43.37
[INFO] ***** Evaluation ***** >>>> Class [3 bird] IoU: 88.22
[INFO] ***** Evaluation ***** >>>> Class [4 boat] IoU: 69.85
[INFO] ***** Evaluation ***** >>>> Class [5 bottle] IoU: 81.81
[INFO] ***** Evaluation ***** >>>> Class [6 bus] IoU: 94.61
[INFO] ***** Evaluation ***** >>>> Class [7 car] IoU: 88.99
[INFO] ***** Evaluation ***** >>>> Class [8 cat] IoU: 92.90
[INFO] ***** Evaluation ***** >>>> Class [9 chair] IoU: 35.85
[INFO] ***** Evaluation ***** >>>> Class [10 cow] IoU: 81.77
[INFO] ***** Evaluation ***** >>>> Class [11 dining table] IoU: 51.48
[INFO] ***** Evaluation ***** >>>> Class [12 dog] IoU: 87.87
[INFO] ***** Evaluation ***** >>>> Class [13 horse] IoU: 82.64
[INFO] ***** Evaluation ***** >>>> Class [14 motorbike] IoU: 85.24
[INFO] ***** Evaluation ***** >>>> Class [15 person] IoU: 85.15
[INFO] ***** Evaluation ***** >>>> Class [16 potted plant] IoU: 61.11
[INFO] ***** Evaluation ***** >>>> Class [17 sheep] IoU: 84.22
[INFO] ***** Evaluation ***** >>>> Class [18 sofa] IoU: 53.05
[INFO] ***** Evaluation ***** >>>> Class [19 train] IoU: 87.39
[INFO] ***** Evaluation ***** >>>> Class [20 tv/monitor] IoU: 71.98
[INFO] ***** Evaluation ***** original >>>> MeanIoU: 76.81

[INFO] Pseudo-label epoch summary | epoch=27 | masked=0.9633, cov=0.7822, miou=0.5892
[INFO] [DynamicThreshold Overhead] Epoch 27 | Epoch Train Time: 457.4s | Dynamic Threshold Compute Time: 112.85s (24.7% of epoch) | Peak Extra GPU Memory (per batch): 66.2 MB
[INFO] ===========> Epoch: 28, LR: 0.00068, Previous best val_mIOU: 76.84
[INFO] Iters: 13888,total_loss: 0.086,loss_x: 0.112,loss_u_s: 0.102,loss_u_m: 0.092,loss_u_fp: 0.022,mask_ratio: 0.775
[INFO] Iters: 13950,total_loss: 0.076,loss_x: 0.100,loss_u_s: 0.092,loss_u_m: 0.088,loss_u_fp: 0.017,mask_ratio: 0.773
[INFO] Iters: 14012,total_loss: 0.072,loss_x: 0.094,loss_u_s: 0.082,loss_u_m: 0.090,loss_u_fp: 0.015,mask_ratio: 0.785
[INFO] Iters: 14074,total_loss: 0.077,loss_x: 0.098,loss_u_s: 0.100,loss_u_m: 0.084,loss_u_fp: 0.018,mask_ratio: 0.781
[INFO] Iters: 14136,total_loss: 0.072,loss_x: 0.092,loss_u_s: 0.082,loss_u_m: 0.089,loss_u_fp: 0.017,mask_ratio: 0.785
[INFO] Iters: 14198,total_loss: 0.076,loss_x: 0.099,loss_u_s: 0.089,loss_u_m: 0.088,loss_u_fp: 0.017,mask_ratio: 0.779
[INFO] Iters: 14260,total_loss: 0.077,loss_x: 0.102,loss_u_s: 0.089,loss_u_m: 0.082,loss_u_fp: 0.020,mask_ratio: 0.777
[INFO] Iters: 14322,total_loss: 0.077,loss_x: 0.100,loss_u_s: 0.094,loss_u_m: 0.091,loss_u_fp: 0.016,mask_ratio: 0.781
[INFO] ***** Evaluation ***** >>>> Class [0 background] IoU: 94.02
[INFO] ***** Evaluation ***** >>>> Class [1 aeroplane] IoU: 92.00
[INFO] ***** Evaluation ***** >>>> Class [2 bicycle] IoU: 43.36
[INFO] ***** Evaluation ***** >>>> Class [3 bird] IoU: 87.14
[INFO] ***** Evaluation ***** >>>> Class [4 boat] IoU: 70.67
[INFO] ***** Evaluation ***** >>>> Class [5 bottle] IoU: 81.40
[INFO] ***** Evaluation ***** >>>> Class [6 bus] IoU: 94.12
[INFO] ***** Evaluation ***** >>>> Class [7 car] IoU: 86.34
[INFO] ***** Evaluation ***** >>>> Class [8 cat] IoU: 93.50
[INFO] ***** Evaluation ***** >>>> Class [9 chair] IoU: 40.84
[INFO] ***** Evaluation ***** >>>> Class [10 cow] IoU: 88.79
[INFO] ***** Evaluation ***** >>>> Class [11 dining table] IoU: 35.01
[INFO] ***** Evaluation ***** >>>> Class [12 dog] IoU: 89.55
[INFO] ***** Evaluation ***** >>>> Class [13 horse] IoU: 85.34
[INFO] ***** Evaluation ***** >>>> Class [14 motorbike] IoU: 81.33
[INFO] ***** Evaluation ***** >>>> Class [15 person] IoU: 85.39
[INFO] ***** Evaluation ***** >>>> Class [16 potted plant] IoU: 66.17
[INFO] ***** Evaluation ***** >>>> Class [17 sheep] IoU: 88.85
[INFO] ***** Evaluation ***** >>>> Class [18 sofa] IoU: 48.61
[INFO] ***** Evaluation ***** >>>> Class [19 train] IoU: 87.88
[INFO] ***** Evaluation ***** >>>> Class [20 tv/monitor] IoU: 73.30
[INFO] ***** Evaluation ***** original >>>> MeanIoU: 76.84

[INFO] Pseudo-label epoch summary | epoch=28 | masked=0.9617, cov=0.7839, miou=0.5864
[INFO] [DynamicThreshold Overhead] Epoch 28 | Epoch Train Time: 457.8s | Dynamic Threshold Compute Time: 113.10s (24.7% of epoch) | Peak Extra GPU Memory (per batch): 67.2 MB
[INFO] ===========> Epoch: 29, LR: 0.00067, Previous best val_mIOU: 76.84
[INFO] Iters: 14384,total_loss: 0.077,loss_x: 0.100,loss_u_s: 0.094,loss_u_m: 0.086,loss_u_fp: 0.018,mask_ratio: 0.779
[INFO] Iters: 14446,total_loss: 0.076,loss_x: 0.097,loss_u_s: 0.093,loss_u_m: 0.093,loss_u_fp: 0.016,mask_ratio: 0.779
[INFO] Iters: 14508,total_loss: 0.076,loss_x: 0.102,loss_u_s: 0.081,loss_u_m: 0.088,loss_u_fp: 0.016,mask_ratio: 0.782
[INFO] Iters: 14570,total_loss: 0.075,loss_x: 0.092,loss_u_s: 0.093,loss_u_m: 0.098,loss_u_fp: 0.020,mask_ratio: 0.784
[INFO] Iters: 14632,total_loss: 0.079,loss_x: 0.102,loss_u_s: 0.084,loss_u_m: 0.101,loss_u_fp: 0.018,mask_ratio: 0.780
[INFO] Iters: 14694,total_loss: 0.076,loss_x: 0.096,loss_u_s: 0.096,loss_u_m: 0.094,loss_u_fp: 0.016,mask_ratio: 0.785
[INFO] Iters: 14756,total_loss: 0.076,loss_x: 0.096,loss_u_s: 0.087,loss_u_m: 0.095,loss_u_fp: 0.021,mask_ratio: 0.783
[INFO] Iters: 14818,total_loss: 0.069,loss_x: 0.093,loss_u_s: 0.073,loss_u_m: 0.079,loss_u_fp: 0.016,mask_ratio: 0.784
[INFO] ***** Evaluation ***** >>>> Class [0 background] IoU: 94.11
[INFO] ***** Evaluation ***** >>>> Class [1 aeroplane] IoU: 88.03
[INFO] ***** Evaluation ***** >>>> Class [2 bicycle] IoU: 43.01
[INFO] ***** Evaluation ***** >>>> Class [3 bird] IoU: 87.50
[INFO] ***** Evaluation ***** >>>> Class [4 boat] IoU: 69.76
[INFO] ***** Evaluation ***** >>>> Class [5 bottle] IoU: 81.98
[INFO] ***** Evaluation ***** >>>> Class [6 bus] IoU: 93.01
[INFO] ***** Evaluation ***** >>>> Class [7 car] IoU: 87.31
[INFO] ***** Evaluation ***** >>>> Class [8 cat] IoU: 92.60
[INFO] ***** Evaluation ***** >>>> Class [9 chair] IoU: 36.58
[INFO] ***** Evaluation ***** >>>> Class [10 cow] IoU: 81.81
[INFO] ***** Evaluation ***** >>>> Class [11 dining table] IoU: 43.80
[INFO] ***** Evaluation ***** >>>> Class [12 dog] IoU: 87.07
[INFO] ***** Evaluation ***** >>>> Class [13 horse] IoU: 83.21
[INFO] ***** Evaluation ***** >>>> Class [14 motorbike] IoU: 82.46
[INFO] ***** Evaluation ***** >>>> Class [15 person] IoU: 84.79
[INFO] ***** Evaluation ***** >>>> Class [16 potted plant] IoU: 63.98
[INFO] ***** Evaluation ***** >>>> Class [17 sheep] IoU: 88.60
[INFO] ***** Evaluation ***** >>>> Class [18 sofa] IoU: 53.14
[INFO] ***** Evaluation ***** >>>> Class [19 train] IoU: 87.85
[INFO] ***** Evaluation ***** >>>> Class [20 tv/monitor] IoU: 71.50
[INFO] ***** Evaluation ***** original >>>> MeanIoU: 76.29

[INFO] Pseudo-label epoch summary | epoch=29 | masked=0.9625, cov=0.7864, miou=0.5894
[INFO] [DynamicThreshold Overhead] Epoch 29 | Epoch Train Time: 459.0s | Dynamic Threshold Compute Time: 112.69s (24.6% of epoch) | Peak Extra GPU Memory (per batch): 67.7 MB
[INFO] ===========> Epoch: 30, LR: 0.00066, Previous best val_mIOU: 76.84
[INFO] Iters: 14880,total_loss: 0.079,loss_x: 0.103,loss_u_s: 0.092,loss_u_m: 0.091,loss_u_fp: 0.018,mask_ratio: 0.781
[INFO] Iters: 14942,total_loss: 0.074,loss_x: 0.091,loss_u_s: 0.101,loss_u_m: 0.094,loss_u_fp: 0.019,mask_ratio: 0.784
[INFO] Iters: 15004,total_loss: 0.074,loss_x: 0.101,loss_u_s: 0.079,loss_u_m: 0.079,loss_u_fp: 0.016,mask_ratio: 0.784
[INFO] Iters: 15066,total_loss: 0.074,loss_x: 0.096,loss_u_s: 0.081,loss_u_m: 0.088,loss_u_fp: 0.019,mask_ratio: 0.784
[INFO] Iters: 15128,total_loss: 0.072,loss_x: 0.098,loss_u_s: 0.081,loss_u_m: 0.072,loss_u_fp: 0.017,mask_ratio: 0.786
[INFO] Iters: 15190,total_loss: 0.078,loss_x: 0.100,loss_u_s: 0.093,loss_u_m: 0.092,loss_u_fp: 0.019,mask_ratio: 0.785
[INFO] Iters: 15252,total_loss: 0.076,loss_x: 0.095,loss_u_s: 0.091,loss_u_m: 0.095,loss_u_fp: 0.019,mask_ratio: 0.779
[INFO] Iters: 15314,total_loss: 0.074,loss_x: 0.092,loss_u_s: 0.097,loss_u_m: 0.091,loss_u_fp: 0.018,mask_ratio: 0.786
[INFO] ***** Evaluation ***** >>>> Class [0 background] IoU: 94.36
[INFO] ***** Evaluation ***** >>>> Class [1 aeroplane] IoU: 92.61
[INFO] ***** Evaluation ***** >>>> Class [2 bicycle] IoU: 43.07
[INFO] ***** Evaluation ***** >>>> Class [3 bird] IoU: 88.01
[INFO] ***** Evaluation ***** >>>> Class [4 boat] IoU: 73.75
[INFO] ***** Evaluation ***** >>>> Class [5 bottle] IoU: 80.04
[INFO] ***** Evaluation ***** >>>> Class [6 bus] IoU: 94.45
[INFO] ***** Evaluation ***** >>>> Class [7 car] IoU: 86.80
[INFO] ***** Evaluation ***** >>>> Class [8 cat] IoU: 92.75
[INFO] ***** Evaluation ***** >>>> Class [9 chair] IoU: 39.64
[INFO] ***** Evaluation ***** >>>> Class [10 cow] IoU: 86.36
[INFO] ***** Evaluation ***** >>>> Class [11 dining table] IoU: 47.00
[INFO] ***** Evaluation ***** >>>> Class [12 dog] IoU: 87.46
[INFO] ***** Evaluation ***** >>>> Class [13 horse] IoU: 84.60
[INFO] ***** Evaluation ***** >>>> Class [14 motorbike] IoU: 82.16
[INFO] ***** Evaluation ***** >>>> Class [15 person] IoU: 85.10
[INFO] ***** Evaluation ***** >>>> Class [16 potted plant] IoU: 63.36
[INFO] ***** Evaluation ***** >>>> Class [17 sheep] IoU: 83.77
[INFO] ***** Evaluation ***** >>>> Class [18 sofa] IoU: 57.48
[INFO] ***** Evaluation ***** >>>> Class [19 train] IoU: 85.93
[INFO] ***** Evaluation ***** >>>> Class [20 tv/monitor] IoU: 71.35
[INFO] ***** Evaluation ***** original >>>> MeanIoU: 77.15

[INFO] Pseudo-label epoch summary | epoch=30 | masked=0.9638, cov=0.7879, miou=0.5956
[INFO] [DynamicThreshold Overhead] Epoch 30 | Epoch Train Time: 458.4s | Dynamic Threshold Compute Time: 112.74s (24.6% of epoch) | Peak Extra GPU Memory (per batch): 67.1 MB
[INFO] ===========> Epoch: 31, LR: 0.00064, Previous best val_mIOU: 77.15
[INFO] Iters: 15376,total_loss: 0.072,loss_x: 0.095,loss_u_s: 0.081,loss_u_m: 0.080,loss_u_fp: 0.019,mask_ratio: 0.783
[INFO] Iters: 15438,total_loss: 0.073,loss_x: 0.098,loss_u_s: 0.083,loss_u_m: 0.079,loss_u_fp: 0.014,mask_ratio: 0.786
[INFO] Iters: 15500,total_loss: 0.074,loss_x: 0.093,loss_u_s: 0.090,loss_u_m: 0.092,loss_u_fp: 0.018,mask_ratio: 0.783
[INFO] Iters: 15562,total_loss: 0.077,loss_x: 0.103,loss_u_s: 0.083,loss_u_m: 0.090,loss_u_fp: 0.015,mask_ratio: 0.782
[INFO] Iters: 15624,total_loss: 0.073,loss_x: 0.090,loss_u_s: 0.101,loss_u_m: 0.086,loss_u_fp: 0.020,mask_ratio: 0.785
[INFO] Iters: 15686,total_loss: 0.074,loss_x: 0.093,loss_u_s: 0.096,loss_u_m: 0.092,loss_u_fp: 0.017,mask_ratio: 0.786
[INFO] Iters: 15748,total_loss: 0.070,loss_x: 0.094,loss_u_s: 0.080,loss_u_m: 0.073,loss_u_fp: 0.016,mask_ratio: 0.784
[INFO] Iters: 15810,total_loss: 0.078,loss_x: 0.093,loss_u_s: 0.103,loss_u_m: 0.113,loss_u_fp: 0.019,mask_ratio: 0.785
[INFO] ***** Evaluation ***** >>>> Class [0 background] IoU: 94.42
[INFO] ***** Evaluation ***** >>>> Class [1 aeroplane] IoU: 92.18
[INFO] ***** Evaluation ***** >>>> Class [2 bicycle] IoU: 44.37
[INFO] ***** Evaluation ***** >>>> Class [3 bird] IoU: 88.87
[INFO] ***** Evaluation ***** >>>> Class [4 boat] IoU: 70.20
[INFO] ***** Evaluation ***** >>>> Class [5 bottle] IoU: 80.95
[INFO] ***** Evaluation ***** >>>> Class [6 bus] IoU: 92.71
[INFO] ***** Evaluation ***** >>>> Class [7 car] IoU: 88.25
[INFO] ***** Evaluation ***** >>>> Class [8 cat] IoU: 93.45
[INFO] ***** Evaluation ***** >>>> Class [9 chair] IoU: 36.25
[INFO] ***** Evaluation ***** >>>> Class [10 cow] IoU: 84.84
[INFO] ***** Evaluation ***** >>>> Class [11 dining table] IoU: 49.30
[INFO] ***** Evaluation ***** >>>> Class [12 dog] IoU: 88.20
[INFO] ***** Evaluation ***** >>>> Class [13 horse] IoU: 82.29
[INFO] ***** Evaluation ***** >>>> Class [14 motorbike] IoU: 85.47
[INFO] ***** Evaluation ***** >>>> Class [15 person] IoU: 85.60
[INFO] ***** Evaluation ***** >>>> Class [16 potted plant] IoU: 63.22
[INFO] ***** Evaluation ***** >>>> Class [17 sheep] IoU: 87.36
[INFO] ***** Evaluation ***** >>>> Class [18 sofa] IoU: 56.01
[INFO] ***** Evaluation ***** >>>> Class [19 train] IoU: 85.70
[INFO] ***** Evaluation ***** >>>> Class [20 tv/monitor] IoU: 71.19
[INFO] ***** Evaluation ***** original >>>> MeanIoU: 77.18

[INFO] Pseudo-label epoch summary | epoch=31 | masked=0.9637, cov=0.7882, miou=0.6004
[INFO] [DynamicThreshold Overhead] Epoch 31 | Epoch Train Time: 457.7s | Dynamic Threshold Compute Time: 112.88s (24.7% of epoch) | Peak Extra GPU Memory (per batch): 67.0 MB
[INFO] ===========> Epoch: 32, LR: 0.00063, Previous best val_mIOU: 77.18
[INFO] Iters: 15872,total_loss: 0.069,loss_x: 0.087,loss_u_s: 0.091,loss_u_m: 0.079,loss_u_fp: 0.017,mask_ratio: 0.782
[INFO] Iters: 15934,total_loss: 0.069,loss_x: 0.086,loss_u_s: 0.087,loss_u_m: 0.092,loss_u_fp: 0.016,mask_ratio: 0.786
[INFO] Iters: 15996,total_loss: 0.074,loss_x: 0.095,loss_u_s: 0.090,loss_u_m: 0.089,loss_u_fp: 0.017,mask_ratio: 0.785
[INFO] Iters: 16058,total_loss: 0.076,loss_x: 0.097,loss_u_s: 0.087,loss_u_m: 0.093,loss_u_fp: 0.018,mask_ratio: 0.781
[INFO] Iters: 16120,total_loss: 0.070,loss_x: 0.095,loss_u_s: 0.073,loss_u_m: 0.082,loss_u_fp: 0.013,mask_ratio: 0.786
[INFO] Iters: 16182,total_loss: 0.076,loss_x: 0.099,loss_u_s: 0.094,loss_u_m: 0.081,loss_u_fp: 0.018,mask_ratio: 0.783
[INFO] Iters: 16244,total_loss: 0.068,loss_x: 0.088,loss_u_s: 0.084,loss_u_m: 0.079,loss_u_fp: 0.017,mask_ratio: 0.785
[INFO] Iters: 16306,total_loss: 0.074,loss_x: 0.095,loss_u_s: 0.087,loss_u_m: 0.084,loss_u_fp: 0.020,mask_ratio: 0.784
[INFO] ***** Evaluation ***** >>>> Class [0 background] IoU: 94.23
[INFO] ***** Evaluation ***** >>>> Class [1 aeroplane] IoU: 92.23
[INFO] ***** Evaluation ***** >>>> Class [2 bicycle] IoU: 42.79
[INFO] ***** Evaluation ***** >>>> Class [3 bird] IoU: 88.77
[INFO] ***** Evaluation ***** >>>> Class [4 boat] IoU: 69.72
[INFO] ***** Evaluation ***** >>>> Class [5 bottle] IoU: 82.21
[INFO] ***** Evaluation ***** >>>> Class [6 bus] IoU: 94.57
[INFO] ***** Evaluation ***** >>>> Class [7 car] IoU: 87.19
[INFO] ***** Evaluation ***** >>>> Class [8 cat] IoU: 93.15
[INFO] ***** Evaluation ***** >>>> Class [9 chair] IoU: 37.35
[INFO] ***** Evaluation ***** >>>> Class [10 cow] IoU: 82.51
[INFO] ***** Evaluation ***** >>>> Class [11 dining table] IoU: 44.25
[INFO] ***** Evaluation ***** >>>> Class [12 dog] IoU: 87.60
[INFO] ***** Evaluation ***** >>>> Class [13 horse] IoU: 81.93
[INFO] ***** Evaluation ***** >>>> Class [14 motorbike] IoU: 83.12
[INFO] ***** Evaluation ***** >>>> Class [15 person] IoU: 84.69
[INFO] ***** Evaluation ***** >>>> Class [16 potted plant] IoU: 64.13
[INFO] ***** Evaluation ***** >>>> Class [17 sheep] IoU: 86.24
[INFO] ***** Evaluation ***** >>>> Class [18 sofa] IoU: 57.41
[INFO] ***** Evaluation ***** >>>> Class [19 train] IoU: 88.41
[INFO] ***** Evaluation ***** >>>> Class [20 tv/monitor] IoU: 72.05
[INFO] ***** Evaluation ***** original >>>> MeanIoU: 76.88

[INFO] Pseudo-label epoch summary | epoch=32 | masked=0.9629, cov=0.7882, miou=0.5976
[INFO] [DynamicThreshold Overhead] Epoch 32 | Epoch Train Time: 458.4s | Dynamic Threshold Compute Time: 112.97s (24.6% of epoch) | Peak Extra GPU Memory (per batch): 66.7 MB
[INFO] ===========> Epoch: 33, LR: 0.00062, Previous best val_mIOU: 77.18
[INFO] Iters: 16368,total_loss: 0.070,loss_x: 0.089,loss_u_s: 0.081,loss_u_m: 0.094,loss_u_fp: 0.016,mask_ratio: 0.784
[INFO] Iters: 16430,total_loss: 0.075,loss_x: 0.098,loss_u_s: 0.090,loss_u_m: 0.079,loss_u_fp: 0.018,mask_ratio: 0.787
[INFO] Iters: 16492,total_loss: 0.074,loss_x: 0.094,loss_u_s: 0.098,loss_u_m: 0.084,loss_u_fp: 0.018,mask_ratio: 0.786
[INFO] Iters: 16554,total_loss: 0.074,loss_x: 0.087,loss_u_s: 0.110,loss_u_m: 0.100,loss_u_fp: 0.019,mask_ratio: 0.781
[INFO] Iters: 16616,total_loss: 0.068,loss_x: 0.087,loss_u_s: 0.078,loss_u_m: 0.083,loss_u_fp: 0.015,mask_ratio: 0.792
[INFO] Iters: 16678,total_loss: 0.070,loss_x: 0.088,loss_u_s: 0.087,loss_u_m: 0.089,loss_u_fp: 0.017,mask_ratio: 0.783
[INFO] Iters: 16740,total_loss: 0.073,loss_x: 0.092,loss_u_s: 0.087,loss_u_m: 0.093,loss_u_fp: 0.018,mask_ratio: 0.786
[INFO] Iters: 16802,total_loss: 0.067,loss_x: 0.088,loss_u_s: 0.078,loss_u_m: 0.079,loss_u_fp: 0.014,mask_ratio: 0.791
[INFO] ***** Evaluation ***** >>>> Class [0 background] IoU: 94.06
[INFO] ***** Evaluation ***** >>>> Class [1 aeroplane] IoU: 92.37
[INFO] ***** Evaluation ***** >>>> Class [2 bicycle] IoU: 43.71
[INFO] ***** Evaluation ***** >>>> Class [3 bird] IoU: 88.73
[INFO] ***** Evaluation ***** >>>> Class [4 boat] IoU: 73.75
[INFO] ***** Evaluation ***** >>>> Class [5 bottle] IoU: 80.89
[INFO] ***** Evaluation ***** >>>> Class [6 bus] IoU: 94.61
[INFO] ***** Evaluation ***** >>>> Class [7 car] IoU: 87.80
[INFO] ***** Evaluation ***** >>>> Class [8 cat] IoU: 93.17
[INFO] ***** Evaluation ***** >>>> Class [9 chair] IoU: 37.61
[INFO] ***** Evaluation ***** >>>> Class [10 cow] IoU: 86.36
[INFO] ***** Evaluation ***** >>>> Class [11 dining table] IoU: 38.86
[INFO] ***** Evaluation ***** >>>> Class [12 dog] IoU: 88.46
[INFO] ***** Evaluation ***** >>>> Class [13 horse] IoU: 85.77
[INFO] ***** Evaluation ***** >>>> Class [14 motorbike] IoU: 84.86
[INFO] ***** Evaluation ***** >>>> Class [15 person] IoU: 84.95
[INFO] ***** Evaluation ***** >>>> Class [16 potted plant] IoU: 63.57
[INFO] ***** Evaluation ***** >>>> Class [17 sheep] IoU: 85.03
[INFO] ***** Evaluation ***** >>>> Class [18 sofa] IoU: 51.61
[INFO] ***** Evaluation ***** >>>> Class [19 train] IoU: 86.45
[INFO] ***** Evaluation ***** >>>> Class [20 tv/monitor] IoU: 72.20
[INFO] ***** Evaluation ***** original >>>> MeanIoU: 76.90

[INFO] Pseudo-label epoch summary | epoch=33 | masked=0.9605, cov=0.7908, miou=0.5990
[INFO] [DynamicThreshold Overhead] Epoch 33 | Epoch Train Time: 458.4s | Dynamic Threshold Compute Time: 112.68s (24.6% of epoch) | Peak Extra GPU Memory (per batch): 67.1 MB
[INFO] ===========> Epoch: 34, LR: 0.00061, Previous best val_mIOU: 77.18
[INFO] Iters: 16864,total_loss: 0.074,loss_x: 0.094,loss_u_s: 0.086,loss_u_m: 0.088,loss_u_fp: 0.018,mask_ratio: 0.789
[INFO] Iters: 16926,total_loss: 0.069,loss_x: 0.087,loss_u_s: 0.087,loss_u_m: 0.082,loss_u_fp: 0.018,mask_ratio: 0.786
[INFO] Iters: 16988,total_loss: 0.070,loss_x: 0.084,loss_u_s: 0.092,loss_u_m: 0.094,loss_u_fp: 0.020,mask_ratio: 0.785
[INFO] Iters: 17050,total_loss: 0.076,loss_x: 0.100,loss_u_s: 0.089,loss_u_m: 0.090,loss_u_fp: 0.017,mask_ratio: 0.779
[INFO] Iters: 17112,total_loss: 0.073,loss_x: 0.093,loss_u_s: 0.094,loss_u_m: 0.086,loss_u_fp: 0.016,mask_ratio: 0.793
[INFO] Iters: 17174,total_loss: 0.070,loss_x: 0.090,loss_u_s: 0.086,loss_u_m: 0.081,loss_u_fp: 0.017,mask_ratio: 0.787
[INFO] Iters: 17236,total_loss: 0.072,loss_x: 0.093,loss_u_s: 0.085,loss_u_m: 0.083,loss_u_fp: 0.017,mask_ratio: 0.789
[INFO] Iters: 17298,total_loss: 0.067,loss_x: 0.088,loss_u_s: 0.078,loss_u_m: 0.079,loss_u_fp: 0.014,mask_ratio: 0.794
[INFO] ***** Evaluation ***** >>>> Class [0 background] IoU: 94.33
[INFO] ***** Evaluation ***** >>>> Class [1 aeroplane] IoU: 92.16
[INFO] ***** Evaluation ***** >>>> Class [2 bicycle] IoU: 42.66
[INFO] ***** Evaluation ***** >>>> Class [3 bird] IoU: 88.44
[INFO] ***** Evaluation ***** >>>> Class [4 boat] IoU: 70.93
[INFO] ***** Evaluation ***** >>>> Class [5 bottle] IoU: 81.39
[INFO] ***** Evaluation ***** >>>> Class [6 bus] IoU: 94.42
[INFO] ***** Evaluation ***** >>>> Class [7 car] IoU: 86.08
[INFO] ***** Evaluation ***** >>>> Class [8 cat] IoU: 93.23
[INFO] ***** Evaluation ***** >>>> Class [9 chair] IoU: 36.99
[INFO] ***** Evaluation ***** >>>> Class [10 cow] IoU: 87.53
[INFO] ***** Evaluation ***** >>>> Class [11 dining table] IoU: 51.08
[INFO] ***** Evaluation ***** >>>> Class [12 dog] IoU: 89.06
[INFO] ***** Evaluation ***** >>>> Class [13 horse] IoU: 86.15
[INFO] ***** Evaluation ***** >>>> Class [14 motorbike] IoU: 82.77
[INFO] ***** Evaluation ***** >>>> Class [15 person] IoU: 85.49
[INFO] ***** Evaluation ***** >>>> Class [16 potted plant] IoU: 64.97
[INFO] ***** Evaluation ***** >>>> Class [17 sheep] IoU: 85.62
[INFO] ***** Evaluation ***** >>>> Class [18 sofa] IoU: 54.83
[INFO] ***** Evaluation ***** >>>> Class [19 train] IoU: 88.31
[INFO] ***** Evaluation ***** >>>> Class [20 tv/monitor] IoU: 70.85
[INFO] ***** Evaluation ***** original >>>> MeanIoU: 77.49

[INFO] Pseudo-label epoch summary | epoch=34 | masked=0.9639, cov=0.7919, miou=0.6087
[INFO] [DynamicThreshold Overhead] Epoch 34 | Epoch Train Time: 457.8s | Dynamic Threshold Compute Time: 112.99s (24.7% of epoch) | Peak Extra GPU Memory (per batch): 67.2 MB
[INFO] ===========> Epoch: 35, LR: 0.00060, Previous best val_mIOU: 77.49
[INFO] Iters: 17360,total_loss: 0.068,loss_x: 0.087,loss_u_s: 0.086,loss_u_m: 0.077,loss_u_fp: 0.017,mask_ratio: 0.790
[INFO] Iters: 17422,total_loss: 0.075,loss_x: 0.097,loss_u_s: 0.085,loss_u_m: 0.093,loss_u_fp: 0.014,mask_ratio: 0.791
[INFO] Iters: 17484,total_loss: 0.071,loss_x: 0.090,loss_u_s: 0.089,loss_u_m: 0.087,loss_u_fp: 0.019,mask_ratio: 0.785
[INFO] Iters: 17546,total_loss: 0.077,loss_x: 0.103,loss_u_s: 0.079,loss_u_m: 0.087,loss_u_fp: 0.018,mask_ratio: 0.787
[INFO] Iters: 17608,total_loss: 0.072,loss_x: 0.094,loss_u_s: 0.084,loss_u_m: 0.079,loss_u_fp: 0.018,mask_ratio: 0.788
[INFO] Iters: 17670,total_loss: 0.070,loss_x: 0.091,loss_u_s: 0.089,loss_u_m: 0.079,loss_u_fp: 0.015,mask_ratio: 0.791
[INFO] Iters: 17732,total_loss: 0.069,loss_x: 0.088,loss_u_s: 0.085,loss_u_m: 0.079,loss_u_fp: 0.018,mask_ratio: 0.786
[INFO] Iters: 17794,total_loss: 0.069,loss_x: 0.088,loss_u_s: 0.079,loss_u_m: 0.086,loss_u_fp: 0.017,mask_ratio: 0.790
[INFO] ***** Evaluation ***** >>>> Class [0 background] IoU: 94.47
[INFO] ***** Evaluation ***** >>>> Class [1 aeroplane] IoU: 93.05
[INFO] ***** Evaluation ***** >>>> Class [2 bicycle] IoU: 43.11
[INFO] ***** Evaluation ***** >>>> Class [3 bird] IoU: 88.96
[INFO] ***** Evaluation ***** >>>> Class [4 boat] IoU: 72.12
[INFO] ***** Evaluation ***** >>>> Class [5 bottle] IoU: 82.21
[INFO] ***** Evaluation ***** >>>> Class [6 bus] IoU: 94.79
[INFO] ***** Evaluation ***** >>>> Class [7 car] IoU: 87.64
[INFO] ***** Evaluation ***** >>>> Class [8 cat] IoU: 93.29
[INFO] ***** Evaluation ***** >>>> Class [9 chair] IoU: 38.36
[INFO] ***** Evaluation ***** >>>> Class [10 cow] IoU: 88.00
[INFO] ***** Evaluation ***** >>>> Class [11 dining table] IoU: 46.44
[INFO] ***** Evaluation ***** >>>> Class [12 dog] IoU: 88.90
[INFO] ***** Evaluation ***** >>>> Class [13 horse] IoU: 86.23
[INFO] ***** Evaluation ***** >>>> Class [14 motorbike] IoU: 84.74
[INFO] ***** Evaluation ***** >>>> Class [15 person] IoU: 85.47
[INFO] ***** Evaluation ***** >>>> Class [16 potted plant] IoU: 61.26
[INFO] ***** Evaluation ***** >>>> Class [17 sheep] IoU: 86.56
[INFO] ***** Evaluation ***** >>>> Class [18 sofa] IoU: 57.29
[INFO] ***** Evaluation ***** >>>> Class [19 train] IoU: 88.79
[INFO] ***** Evaluation ***** >>>> Class [20 tv/monitor] IoU: 72.85
[INFO] ***** Evaluation ***** original >>>> MeanIoU: 77.84

[INFO] Pseudo-label epoch summary | epoch=35 | masked=0.9637, cov=0.7925, miou=0.6054
[INFO] [DynamicThreshold Overhead] Epoch 35 | Epoch Train Time: 458.2s | Dynamic Threshold Compute Time: 112.95s (24.7% of epoch) | Peak Extra GPU Memory (per batch): 66.1 MB
[INFO] ===========> Epoch: 36, LR: 0.00058, Previous best val_mIOU: 77.84
[INFO] Iters: 17856,total_loss: 0.067,loss_x: 0.085,loss_u_s: 0.079,loss_u_m: 0.080,loss_u_fp: 0.016,mask_ratio: 0.792
[INFO] Iters: 17918,total_loss: 0.068,loss_x: 0.089,loss_u_s: 0.083,loss_u_m: 0.072,loss_u_fp: 0.014,mask_ratio: 0.792
[INFO] Iters: 17980,total_loss: 0.066,loss_x: 0.081,loss_u_s: 0.080,loss_u_m: 0.091,loss_u_fp: 0.017,mask_ratio: 0.788
[INFO] Iters: 18042,total_loss: 0.073,loss_x: 0.096,loss_u_s: 0.080,loss_u_m: 0.082,loss_u_fp: 0.017,mask_ratio: 0.785
[INFO] Iters: 18104,total_loss: 0.076,loss_x: 0.094,loss_u_s: 0.093,loss_u_m: 0.098,loss_u_fp: 0.019,mask_ratio: 0.789
[INFO] Iters: 18166,total_loss: 0.069,loss_x: 0.086,loss_u_s: 0.084,loss_u_m: 0.085,loss_u_fp: 0.019,mask_ratio: 0.790
[INFO] Iters: 18228,total_loss: 0.068,loss_x: 0.085,loss_u_s: 0.082,loss_u_m: 0.084,loss_u_fp: 0.020,mask_ratio: 0.792
[INFO] Iters: 18290,total_loss: 0.066,loss_x: 0.086,loss_u_s: 0.078,loss_u_m: 0.077,loss_u_fp: 0.014,mask_ratio: 0.797
[INFO] ***** Evaluation ***** >>>> Class [0 background] IoU: 94.25
[INFO] ***** Evaluation ***** >>>> Class [1 aeroplane] IoU: 92.59
[INFO] ***** Evaluation ***** >>>> Class [2 bicycle] IoU: 42.75
[INFO] ***** Evaluation ***** >>>> Class [3 bird] IoU: 89.08
[INFO] ***** Evaluation ***** >>>> Class [4 boat] IoU: 73.80
[INFO] ***** Evaluation ***** >>>> Class [5 bottle] IoU: 81.54
[INFO] ***** Evaluation ***** >>>> Class [6 bus] IoU: 94.41
[INFO] ***** Evaluation ***** >>>> Class [7 car] IoU: 87.39
[INFO] ***** Evaluation ***** >>>> Class [8 cat] IoU: 93.56
[INFO] ***** Evaluation ***** >>>> Class [9 chair] IoU: 37.22
[INFO] ***** Evaluation ***** >>>> Class [10 cow] IoU: 86.54
[INFO] ***** Evaluation ***** >>>> Class [11 dining table] IoU: 46.09
[INFO] ***** Evaluation ***** >>>> Class [12 dog] IoU: 88.73
[INFO] ***** Evaluation ***** >>>> Class [13 horse] IoU: 84.13
[INFO] ***** Evaluation ***** >>>> Class [14 motorbike] IoU: 84.63
[INFO] ***** Evaluation ***** >>>> Class [15 person] IoU: 85.23
[INFO] ***** Evaluation ***** >>>> Class [16 potted plant] IoU: 64.74
[INFO] ***** Evaluation ***** >>>> Class [17 sheep] IoU: 88.00
[INFO] ***** Evaluation ***** >>>> Class [18 sofa] IoU: 52.60
[INFO] ***** Evaluation ***** >>>> Class [19 train] IoU: 88.68
[INFO] ***** Evaluation ***** >>>> Class [20 tv/monitor] IoU: 72.08
[INFO] ***** Evaluation ***** original >>>> MeanIoU: 77.53

[INFO] Pseudo-label epoch summary | epoch=36 | masked=0.9631, cov=0.7950, miou=0.6097
[INFO] [DynamicThreshold Overhead] Epoch 36 | Epoch Train Time: 458.0s | Dynamic Threshold Compute Time: 112.68s (24.6% of epoch) | Peak Extra GPU Memory (per batch): 69.0 MB
[INFO] ===========> Epoch: 37, LR: 0.00057, Previous best val_mIOU: 77.84
[INFO] Iters: 18352,total_loss: 0.073,loss_x: 0.092,loss_u_s: 0.091,loss_u_m: 0.092,loss_u_fp: 0.018,mask_ratio: 0.795
[INFO] Iters: 18414,total_loss: 0.072,loss_x: 0.094,loss_u_s: 0.079,loss_u_m: 0.080,loss_u_fp: 0.018,mask_ratio: 0.790
[INFO] Iters: 18476,total_loss: 0.072,loss_x: 0.092,loss_u_s: 0.081,loss_u_m: 0.092,loss_u_fp: 0.019,mask_ratio: 0.790
[INFO] Iters: 18538,total_loss: 0.068,loss_x: 0.087,loss_u_s: 0.082,loss_u_m: 0.079,loss_u_fp: 0.018,mask_ratio: 0.789
[INFO] Iters: 18600,total_loss: 0.066,loss_x: 0.085,loss_u_s: 0.073,loss_u_m: 0.077,loss_u_fp: 0.018,mask_ratio: 0.789
[INFO] Iters: 18662,total_loss: 0.072,loss_x: 0.093,loss_u_s: 0.079,loss_u_m: 0.085,loss_u_fp: 0.019,mask_ratio: 0.784
[INFO] Iters: 18724,total_loss: 0.069,loss_x: 0.086,loss_u_s: 0.079,loss_u_m: 0.095,loss_u_fp: 0.017,mask_ratio: 0.790
[INFO] Iters: 18786,total_loss: 0.075,loss_x: 0.093,loss_u_s: 0.098,loss_u_m: 0.093,loss_u_fp: 0.020,mask_ratio: 0.787
[INFO] ***** Evaluation ***** >>>> Class [0 background] IoU: 94.24
[INFO] ***** Evaluation ***** >>>> Class [1 aeroplane] IoU: 92.72
[INFO] ***** Evaluation ***** >>>> Class [2 bicycle] IoU: 43.71
[INFO] ***** Evaluation ***** >>>> Class [3 bird] IoU: 89.32
[INFO] ***** Evaluation ***** >>>> Class [4 boat] IoU: 72.71
[INFO] ***** Evaluation ***** >>>> Class [5 bottle] IoU: 81.57
[INFO] ***** Evaluation ***** >>>> Class [6 bus] IoU: 91.78
[INFO] ***** Evaluation ***** >>>> Class [7 car] IoU: 87.64
[INFO] ***** Evaluation ***** >>>> Class [8 cat] IoU: 93.57
[INFO] ***** Evaluation ***** >>>> Class [9 chair] IoU: 36.51
[INFO] ***** Evaluation ***** >>>> Class [10 cow] IoU: 85.78
[INFO] ***** Evaluation ***** >>>> Class [11 dining table] IoU: 44.27
[INFO] ***** Evaluation ***** >>>> Class [12 dog] IoU: 88.62
[INFO] ***** Evaluation ***** >>>> Class [13 horse] IoU: 83.30
[INFO] ***** Evaluation ***** >>>> Class [14 motorbike] IoU: 83.55
[INFO] ***** Evaluation ***** >>>> Class [15 person] IoU: 85.74
[INFO] ***** Evaluation ***** >>>> Class [16 potted plant] IoU: 64.19
[INFO] ***** Evaluation ***** >>>> Class [17 sheep] IoU: 87.10
[INFO] ***** Evaluation ***** >>>> Class [18 sofa] IoU: 54.41
[INFO] ***** Evaluation ***** >>>> Class [19 train] IoU: 85.51
[INFO] ***** Evaluation ***** >>>> Class [20 tv/monitor] IoU: 70.48
[INFO] ***** Evaluation ***** original >>>> MeanIoU: 76.99

[INFO] Pseudo-label epoch summary | epoch=37 | masked=0.9628, cov=0.7919, miou=0.6069
[INFO] [DynamicThreshold Overhead] Epoch 37 | Epoch Train Time: 458.1s | Dynamic Threshold Compute Time: 112.65s (24.6% of epoch) | Peak Extra GPU Memory (per batch): 66.6 MB
[INFO] ===========> Epoch: 38, LR: 0.00056, Previous best val_mIOU: 77.84
[INFO] Iters: 18848,total_loss: 0.067,loss_x: 0.084,loss_u_s: 0.091,loss_u_m: 0.081,loss_u_fp: 0.015,mask_ratio: 0.785
[INFO] Iters: 18910,total_loss: 0.070,loss_x: 0.092,loss_u_s: 0.075,loss_u_m: 0.083,loss_u_fp: 0.014,mask_ratio: 0.793
[INFO] Iters: 18972,total_loss: 0.072,loss_x: 0.088,loss_u_s: 0.098,loss_u_m: 0.087,loss_u_fp: 0.018,mask_ratio: 0.787
[INFO] Iters: 19034,total_loss: 0.067,loss_x: 0.087,loss_u_s: 0.080,loss_u_m: 0.076,loss_u_fp: 0.015,mask_ratio: 0.787
[INFO] Iters: 19096,total_loss: 0.071,loss_x: 0.086,loss_u_s: 0.090,loss_u_m: 0.093,loss_u_fp: 0.020,mask_ratio: 0.787
[INFO] Iters: 19158,total_loss: 0.069,loss_x: 0.088,loss_u_s: 0.083,loss_u_m: 0.083,loss_u_fp: 0.017,mask_ratio: 0.786
[INFO] Iters: 19220,total_loss: 0.071,loss_x: 0.092,loss_u_s: 0.080,loss_u_m: 0.081,loss_u_fp: 0.019,mask_ratio: 0.795
[INFO] Iters: 19282,total_loss: 0.068,loss_x: 0.089,loss_u_s: 0.072,loss_u_m: 0.088,loss_u_fp: 0.014,mask_ratio: 0.792
[INFO] ***** Evaluation ***** >>>> Class [0 background] IoU: 94.20
[INFO] ***** Evaluation ***** >>>> Class [1 aeroplane] IoU: 92.55
[INFO] ***** Evaluation ***** >>>> Class [2 bicycle] IoU: 43.96
[INFO] ***** Evaluation ***** >>>> Class [3 bird] IoU: 88.80
[INFO] ***** Evaluation ***** >>>> Class [4 boat] IoU: 72.35
[INFO] ***** Evaluation ***** >>>> Class [5 bottle] IoU: 80.44
[INFO] ***** Evaluation ***** >>>> Class [6 bus] IoU: 94.53
[INFO] ***** Evaluation ***** >>>> Class [7 car] IoU: 88.62
[INFO] ***** Evaluation ***** >>>> Class [8 cat] IoU: 93.52
[INFO] ***** Evaluation ***** >>>> Class [9 chair] IoU: 36.24
[INFO] ***** Evaluation ***** >>>> Class [10 cow] IoU: 86.18
[INFO] ***** Evaluation ***** >>>> Class [11 dining table] IoU: 50.54
[INFO] ***** Evaluation ***** >>>> Class [12 dog] IoU: 89.06
[INFO] ***** Evaluation ***** >>>> Class [13 horse] IoU: 85.38
[INFO] ***** Evaluation ***** >>>> Class [14 motorbike] IoU: 85.48
[INFO] ***** Evaluation ***** >>>> Class [15 person] IoU: 84.99
[INFO] ***** Evaluation ***** >>>> Class [16 potted plant] IoU: 65.43
[INFO] ***** Evaluation ***** >>>> Class [17 sheep] IoU: 83.19
[INFO] ***** Evaluation ***** >>>> Class [18 sofa] IoU: 49.17
[INFO] ***** Evaluation ***** >>>> Class [19 train] IoU: 86.71
[INFO] ***** Evaluation ***** >>>> Class [20 tv/monitor] IoU: 71.43
[INFO] ***** Evaluation ***** original >>>> MeanIoU: 77.28

[INFO] Pseudo-label epoch summary | epoch=38 | masked=0.9628, cov=0.7939, miou=0.6111
[INFO] [DynamicThreshold Overhead] Epoch 38 | Epoch Train Time: 459.0s | Dynamic Threshold Compute Time: 112.35s (24.5% of epoch) | Peak Extra GPU Memory (per batch): 67.9 MB
[INFO] ===========> Epoch: 39, LR: 0.00055, Previous best val_mIOU: 77.84
[INFO] Iters: 19344,total_loss: 0.069,loss_x: 0.087,loss_u_s: 0.085,loss_u_m: 0.085,loss_u_fp: 0.018,mask_ratio: 0.791
[INFO] Iters: 19406,total_loss: 0.070,loss_x: 0.091,loss_u_s: 0.086,loss_u_m: 0.076,loss_u_fp: 0.016,mask_ratio: 0.793
[INFO] Iters: 19468,total_loss: 0.071,loss_x: 0.090,loss_u_s: 0.081,loss_u_m: 0.089,loss_u_fp: 0.016,mask_ratio: 0.795
[INFO] Iters: 19530,total_loss: 0.063,loss_x: 0.080,loss_u_s: 0.075,loss_u_m: 0.078,loss_u_fp: 0.016,mask_ratio: 0.790
[INFO] Iters: 19592,total_loss: 0.071,loss_x: 0.086,loss_u_s: 0.099,loss_u_m: 0.090,loss_u_fp: 0.017,mask_ratio: 0.788
[INFO] Iters: 19654,total_loss: 0.066,loss_x: 0.086,loss_u_s: 0.072,loss_u_m: 0.078,loss_u_fp: 0.014,mask_ratio: 0.796
[INFO] Iters: 19716,total_loss: 0.074,loss_x: 0.093,loss_u_s: 0.087,loss_u_m: 0.098,loss_u_fp: 0.017,mask_ratio: 0.789
[INFO] Iters: 19778,total_loss: 0.071,loss_x: 0.088,loss_u_s: 0.095,loss_u_m: 0.087,loss_u_fp: 0.017,mask_ratio: 0.792
[INFO] ***** Evaluation ***** >>>> Class [0 background] IoU: 94.37
[INFO] ***** Evaluation ***** >>>> Class [1 aeroplane] IoU: 92.47
[INFO] ***** Evaluation ***** >>>> Class [2 bicycle] IoU: 44.27
[INFO] ***** Evaluation ***** >>>> Class [3 bird] IoU: 88.53
[INFO] ***** Evaluation ***** >>>> Class [4 boat] IoU: 72.45
[INFO] ***** Evaluation ***** >>>> Class [5 bottle] IoU: 82.18
[INFO] ***** Evaluation ***** >>>> Class [6 bus] IoU: 94.59
[INFO] ***** Evaluation ***** >>>> Class [7 car] IoU: 86.66
[INFO] ***** Evaluation ***** >>>> Class [8 cat] IoU: 93.70
[INFO] ***** Evaluation ***** >>>> Class [9 chair] IoU: 35.72
[INFO] ***** Evaluation ***** >>>> Class [10 cow] IoU: 89.54
[INFO] ***** Evaluation ***** >>>> Class [11 dining table] IoU: 51.29
[INFO] ***** Evaluation ***** >>>> Class [12 dog] IoU: 89.96
[INFO] ***** Evaluation ***** >>>> Class [13 horse] IoU: 87.59
[INFO] ***** Evaluation ***** >>>> Class [14 motorbike] IoU: 81.73
[INFO] ***** Evaluation ***** >>>> Class [15 person] IoU: 85.66
[INFO] ***** Evaluation ***** >>>> Class [16 potted plant] IoU: 64.35
[INFO] ***** Evaluation ***** >>>> Class [17 sheep] IoU: 87.32
[INFO] ***** Evaluation ***** >>>> Class [18 sofa] IoU: 51.51
[INFO] ***** Evaluation ***** >>>> Class [19 train] IoU: 88.72
[INFO] ***** Evaluation ***** >>>> Class [20 tv/monitor] IoU: 71.96
[INFO] ***** Evaluation ***** original >>>> MeanIoU: 77.84

[INFO] Pseudo-label epoch summary | epoch=39 | masked=0.9615, cov=0.7953, miou=0.6133
[INFO] [DynamicThreshold Overhead] Epoch 39 | Epoch Train Time: 459.1s | Dynamic Threshold Compute Time: 112.34s (24.5% of epoch) | Peak Extra GPU Memory (per batch): 67.1 MB
[INFO] ===========> Epoch: 40, LR: 0.00054, Previous best val_mIOU: 77.84
[INFO] Iters: 19840,total_loss: 0.069,loss_x: 0.083,loss_u_s: 0.091,loss_u_m: 0.094,loss_u_fp: 0.017,mask_ratio: 0.789
[INFO] Iters: 19902,total_loss: 0.068,loss_x: 0.088,loss_u_s: 0.083,loss_u_m: 0.082,loss_u_fp: 0.015,mask_ratio: 0.794
[INFO] Iters: 19964,total_loss: 0.064,loss_x: 0.081,loss_u_s: 0.084,loss_u_m: 0.067,loss_u_fp: 0.016,mask_ratio: 0.797
[INFO] Iters: 20026,total_loss: 0.069,loss_x: 0.089,loss_u_s: 0.082,loss_u_m: 0.084,loss_u_fp: 0.016,mask_ratio: 0.792
[INFO] Iters: 20088,total_loss: 0.069,loss_x: 0.089,loss_u_s: 0.084,loss_u_m: 0.079,loss_u_fp: 0.016,mask_ratio: 0.795
[INFO] Iters: 20150,total_loss: 0.069,loss_x: 0.086,loss_u_s: 0.086,loss_u_m: 0.090,loss_u_fp: 0.016,mask_ratio: 0.790
[INFO] Iters: 20212,total_loss: 0.068,loss_x: 0.091,loss_u_s: 0.070,loss_u_m: 0.080,loss_u_fp: 0.015,mask_ratio: 0.797
[INFO] Iters: 20274,total_loss: 0.073,loss_x: 0.094,loss_u_s: 0.093,loss_u_m: 0.087,loss_u_fp: 0.015,mask_ratio: 0.794
[INFO] ***** Evaluation ***** >>>> Class [0 background] IoU: 94.40
[INFO] ***** Evaluation ***** >>>> Class [1 aeroplane] IoU: 92.40
[INFO] ***** Evaluation ***** >>>> Class [2 bicycle] IoU: 43.62
[INFO] ***** Evaluation ***** >>>> Class [3 bird] IoU: 88.98
[INFO] ***** Evaluation ***** >>>> Class [4 boat] IoU: 71.39
[INFO] ***** Evaluation ***** >>>> Class [5 bottle] IoU: 80.56
[INFO] ***** Evaluation ***** >>>> Class [6 bus] IoU: 93.62
[INFO] ***** Evaluation ***** >>>> Class [7 car] IoU: 88.14
[INFO] ***** Evaluation ***** >>>> Class [8 cat] IoU: 93.32
[INFO] ***** Evaluation ***** >>>> Class [9 chair] IoU: 34.85
[INFO] ***** Evaluation ***** >>>> Class [10 cow] IoU: 88.04
[INFO] ***** Evaluation ***** >>>> Class [11 dining table] IoU: 51.29
[INFO] ***** Evaluation ***** >>>> Class [12 dog] IoU: 89.09
[INFO] ***** Evaluation ***** >>>> Class [13 horse] IoU: 86.32
[INFO] ***** Evaluation ***** >>>> Class [14 motorbike] IoU: 83.69
[INFO] ***** Evaluation ***** >>>> Class [15 person] IoU: 85.34
[INFO] ***** Evaluation ***** >>>> Class [16 potted plant] IoU: 64.96
[INFO] ***** Evaluation ***** >>>> Class [17 sheep] IoU: 88.23
[INFO] ***** Evaluation ***** >>>> Class [18 sofa] IoU: 56.51
[INFO] ***** Evaluation ***** >>>> Class [19 train] IoU: 87.46
[INFO] ***** Evaluation ***** >>>> Class [20 tv/monitor] IoU: 71.23
[INFO] ***** Evaluation ***** original >>>> MeanIoU: 77.78

[INFO] Pseudo-label epoch summary | epoch=40 | masked=0.9621, cov=0.7977, miou=0.6065
[INFO] [DynamicThreshold Overhead] Epoch 40 | Epoch Train Time: 458.4s | Dynamic Threshold Compute Time: 112.70s (24.6% of epoch) | Peak Extra GPU Memory (per batch): 66.7 MB
[INFO] ===========> Epoch: 41, LR: 0.00052, Previous best val_mIOU: 77.84
[INFO] Iters: 20336,total_loss: 0.065,loss_x: 0.084,loss_u_s: 0.082,loss_u_m: 0.075,loss_u_fp: 0.013,mask_ratio: 0.792
[INFO] Iters: 20398,total_loss: 0.067,loss_x: 0.083,loss_u_s: 0.095,loss_u_m: 0.072,loss_u_fp: 0.017,mask_ratio: 0.793
[INFO] Iters: 20460,total_loss: 0.066,loss_x: 0.087,loss_u_s: 0.070,loss_u_m: 0.081,loss_u_fp: 0.014,mask_ratio: 0.798
[INFO] Iters: 20522,total_loss: 0.063,loss_x: 0.078,loss_u_s: 0.084,loss_u_m: 0.077,loss_u_fp: 0.015,mask_ratio: 0.799
[INFO] Iters: 20584,total_loss: 0.067,loss_x: 0.082,loss_u_s: 0.085,loss_u_m: 0.089,loss_u_fp: 0.017,mask_ratio: 0.793
[INFO] Iters: 20646,total_loss: 0.066,loss_x: 0.085,loss_u_s: 0.075,loss_u_m: 0.087,loss_u_fp: 0.014,mask_ratio: 0.794
[INFO] Iters: 20708,total_loss: 0.070,loss_x: 0.085,loss_u_s: 0.091,loss_u_m: 0.093,loss_u_fp: 0.019,mask_ratio: 0.794
[INFO] Iters: 20770,total_loss: 0.066,loss_x: 0.086,loss_u_s: 0.078,loss_u_m: 0.080,loss_u_fp: 0.014,mask_ratio: 0.797
[INFO] ***** Evaluation ***** >>>> Class [0 background] IoU: 94.35
[INFO] ***** Evaluation ***** >>>> Class [1 aeroplane] IoU: 91.65
[INFO] ***** Evaluation ***** >>>> Class [2 bicycle] IoU: 43.48
[INFO] ***** Evaluation ***** >>>> Class [3 bird] IoU: 89.13
[INFO] ***** Evaluation ***** >>>> Class [4 boat] IoU: 71.86
[INFO] ***** Evaluation ***** >>>> Class [5 bottle] IoU: 82.03
[INFO] ***** Evaluation ***** >>>> Class [6 bus] IoU: 94.85
[INFO] ***** Evaluation ***** >>>> Class [7 car] IoU: 87.48
[INFO] ***** Evaluation ***** >>>> Class [8 cat] IoU: 93.62
[INFO] ***** Evaluation ***** >>>> Class [9 chair] IoU: 38.16
[INFO] ***** Evaluation ***** >>>> Class [10 cow] IoU: 88.71
[INFO] ***** Evaluation ***** >>>> Class [11 dining table] IoU: 41.28
[INFO] ***** Evaluation ***** >>>> Class [12 dog] IoU: 90.35
[INFO] ***** Evaluation ***** >>>> Class [13 horse] IoU: 86.66
[INFO] ***** Evaluation ***** >>>> Class [14 motorbike] IoU: 83.66
[INFO] ***** Evaluation ***** >>>> Class [15 person] IoU: 85.74
[INFO] ***** Evaluation ***** >>>> Class [16 potted plant] IoU: 63.51
[INFO] ***** Evaluation ***** >>>> Class [17 sheep] IoU: 88.63
[INFO] ***** Evaluation ***** >>>> Class [18 sofa] IoU: 55.25
[INFO] ***** Evaluation ***** >>>> Class [19 train] IoU: 88.96
[INFO] ***** Evaluation ***** >>>> Class [20 tv/monitor] IoU: 71.00
[INFO] ***** Evaluation ***** original >>>> MeanIoU: 77.63

[INFO] Pseudo-label epoch summary | epoch=41 | masked=0.9623, cov=0.7991, miou=0.6126
[INFO] [DynamicThreshold Overhead] Epoch 41 | Epoch Train Time: 457.3s | Dynamic Threshold Compute Time: 112.89s (24.7% of epoch) | Peak Extra GPU Memory (per batch): 67.5 MB
[INFO] ===========> Epoch: 42, LR: 0.00051, Previous best val_mIOU: 77.84
[INFO] Iters: 20832,total_loss: 0.066,loss_x: 0.083,loss_u_s: 0.077,loss_u_m: 0.079,loss_u_fp: 0.019,mask_ratio: 0.791
[INFO] Iters: 20894,total_loss: 0.069,loss_x: 0.084,loss_u_s: 0.095,loss_u_m: 0.085,loss_u_fp: 0.018,mask_ratio: 0.790
[INFO] Iters: 20956,total_loss: 0.068,loss_x: 0.088,loss_u_s: 0.091,loss_u_m: 0.078,loss_u_fp: 0.013,mask_ratio: 0.800
[INFO] Iters: 21018,total_loss: 0.063,loss_x: 0.079,loss_u_s: 0.085,loss_u_m: 0.069,loss_u_fp: 0.015,mask_ratio: 0.799
[INFO] Iters: 21080,total_loss: 0.066,loss_x: 0.081,loss_u_s: 0.089,loss_u_m: 0.083,loss_u_fp: 0.015,mask_ratio: 0.796
[INFO] Iters: 21142,total_loss: 0.068,loss_x: 0.082,loss_u_s: 0.091,loss_u_m: 0.086,loss_u_fp: 0.017,mask_ratio: 0.793
[INFO] Iters: 21204,total_loss: 0.067,loss_x: 0.085,loss_u_s: 0.080,loss_u_m: 0.087,loss_u_fp: 0.016,mask_ratio: 0.794
[INFO] Iters: 21266,total_loss: 0.068,loss_x: 0.085,loss_u_s: 0.084,loss_u_m: 0.091,loss_u_fp: 0.014,mask_ratio: 0.791
[INFO] ***** Evaluation ***** >>>> Class [0 background] IoU: 94.39
[INFO] ***** Evaluation ***** >>>> Class [1 aeroplane] IoU: 92.64
[INFO] ***** Evaluation ***** >>>> Class [2 bicycle] IoU: 43.78
[INFO] ***** Evaluation ***** >>>> Class [3 bird] IoU: 88.48
[INFO] ***** Evaluation ***** >>>> Class [4 boat] IoU: 72.65
[INFO] ***** Evaluation ***** >>>> Class [5 bottle] IoU: 81.10
[INFO] ***** Evaluation ***** >>>> Class [6 bus] IoU: 94.73
[INFO] ***** Evaluation ***** >>>> Class [7 car] IoU: 86.62
[INFO] ***** Evaluation ***** >>>> Class [8 cat] IoU: 93.59
[INFO] ***** Evaluation ***** >>>> Class [9 chair] IoU: 36.38
[INFO] ***** Evaluation ***** >>>> Class [10 cow] IoU: 88.22
[INFO] ***** Evaluation ***** >>>> Class [11 dining table] IoU: 46.86
[INFO] ***** Evaluation ***** >>>> Class [12 dog] IoU: 89.84
[INFO] ***** Evaluation ***** >>>> Class [13 horse] IoU: 86.86
[INFO] ***** Evaluation ***** >>>> Class [14 motorbike] IoU: 81.97
[INFO] ***** Evaluation ***** >>>> Class [15 person] IoU: 85.58
[INFO] ***** Evaluation ***** >>>> Class [16 potted plant] IoU: 64.08
[INFO] ***** Evaluation ***** >>>> Class [17 sheep] IoU: 87.97
[INFO] ***** Evaluation ***** >>>> Class [18 sofa] IoU: 52.60
[INFO] ***** Evaluation ***** >>>> Class [19 train] IoU: 89.96
[INFO] ***** Evaluation ***** >>>> Class [20 tv/monitor] IoU: 70.34
[INFO] ***** Evaluation ***** original >>>> MeanIoU: 77.55

[INFO] Pseudo-label epoch summary | epoch=42 | masked=0.9639, cov=0.7987, miou=0.6209
[INFO] [DynamicThreshold Overhead] Epoch 42 | Epoch Train Time: 459.4s | Dynamic Threshold Compute Time: 112.78s (24.5% of epoch) | Peak Extra GPU Memory (per batch): 66.9 MB
[INFO] ===========> Epoch: 43, LR: 0.00050, Previous best val_mIOU: 77.84
[INFO] Iters: 21328,total_loss: 0.065,loss_x: 0.082,loss_u_s: 0.078,loss_u_m: 0.079,loss_u_fp: 0.016,mask_ratio: 0.796
[INFO] Iters: 21390,total_loss: 0.063,loss_x: 0.080,loss_u_s: 0.076,loss_u_m: 0.080,loss_u_fp: 0.015,mask_ratio: 0.795
[INFO] Iters: 21452,total_loss: 0.065,loss_x: 0.081,loss_u_s: 0.078,loss_u_m: 0.082,loss_u_fp: 0.019,mask_ratio: 0.794
[INFO] Iters: 21514,total_loss: 0.067,loss_x: 0.086,loss_u_s: 0.086,loss_u_m: 0.080,loss_u_fp: 0.011,mask_ratio: 0.802
[INFO] Iters: 21576,total_loss: 0.065,loss_x: 0.082,loss_u_s: 0.088,loss_u_m: 0.074,loss_u_fp: 0.015,mask_ratio: 0.798
[INFO] Iters: 21638,total_loss: 0.067,loss_x: 0.086,loss_u_s: 0.079,loss_u_m: 0.088,loss_u_fp: 0.014,mask_ratio: 0.796
[INFO] Iters: 21700,total_loss: 0.062,loss_x: 0.079,loss_u_s: 0.078,loss_u_m: 0.074,loss_u_fp: 0.016,mask_ratio: 0.798
[INFO] Iters: 21762,total_loss: 0.067,loss_x: 0.081,loss_u_s: 0.087,loss_u_m: 0.087,loss_u_fp: 0.018,mask_ratio: 0.791
[INFO] ***** Evaluation ***** >>>> Class [0 background] IoU: 94.36
[INFO] ***** Evaluation ***** >>>> Class [1 aeroplane] IoU: 92.53
[INFO] ***** Evaluation ***** >>>> Class [2 bicycle] IoU: 43.11
[INFO] ***** Evaluation ***** >>>> Class [3 bird] IoU: 89.70
[INFO] ***** Evaluation ***** >>>> Class [4 boat] IoU: 71.97
[INFO] ***** Evaluation ***** >>>> Class [5 bottle] IoU: 82.34
[INFO] ***** Evaluation ***** >>>> Class [6 bus] IoU: 94.42
[INFO] ***** Evaluation ***** >>>> Class [7 car] IoU: 87.68
[INFO] ***** Evaluation ***** >>>> Class [8 cat] IoU: 94.17
[INFO] ***** Evaluation ***** >>>> Class [9 chair] IoU: 37.39
[INFO] ***** Evaluation ***** >>>> Class [10 cow] IoU: 84.49
[INFO] ***** Evaluation ***** >>>> Class [11 dining table] IoU: 50.32
[INFO] ***** Evaluation ***** >>>> Class [12 dog] IoU: 87.74
[INFO] ***** Evaluation ***** >>>> Class [13 horse] IoU: 86.82
[INFO] ***** Evaluation ***** >>>> Class [14 motorbike] IoU: 84.44
[INFO] ***** Evaluation ***** >>>> Class [15 person] IoU: 85.43
[INFO] ***** Evaluation ***** >>>> Class [16 potted plant] IoU: 62.09
[INFO] ***** Evaluation ***** >>>> Class [17 sheep] IoU: 85.86
[INFO] ***** Evaluation ***** >>>> Class [18 sofa] IoU: 49.88
[INFO] ***** Evaluation ***** >>>> Class [19 train] IoU: 89.74
[INFO] ***** Evaluation ***** >>>> Class [20 tv/monitor] IoU: 71.88
[INFO] ***** Evaluation ***** original >>>> MeanIoU: 77.45

[INFO] Pseudo-label epoch summary | epoch=43 | masked=0.9640, cov=0.8002, miou=0.6169
[INFO] [DynamicThreshold Overhead] Epoch 43 | Epoch Train Time: 457.7s | Dynamic Threshold Compute Time: 112.89s (24.7% of epoch) | Peak Extra GPU Memory (per batch): 67.5 MB
[INFO] ===========> Epoch: 44, LR: 0.00049, Previous best val_mIOU: 77.84
[INFO] Iters: 21824,total_loss: 0.065,loss_x: 0.084,loss_u_s: 0.077,loss_u_m: 0.084,loss_u_fp: 0.013,mask_ratio: 0.795
[INFO] Iters: 21886,total_loss: 0.063,loss_x: 0.080,loss_u_s: 0.073,loss_u_m: 0.080,loss_u_fp: 0.015,mask_ratio: 0.796
[INFO] Iters: 21948,total_loss: 0.067,loss_x: 0.088,loss_u_s: 0.081,loss_u_m: 0.071,loss_u_fp: 0.015,mask_ratio: 0.800
[INFO] Iters: 22010,total_loss: 0.063,loss_x: 0.084,loss_u_s: 0.071,loss_u_m: 0.069,loss_u_fp: 0.013,mask_ratio: 0.796
[INFO] Iters: 22072,total_loss: 0.060,loss_x: 0.075,loss_u_s: 0.071,loss_u_m: 0.073,loss_u_fp: 0.017,mask_ratio: 0.795
[INFO] Iters: 22134,total_loss: 0.067,loss_x: 0.088,loss_u_s: 0.079,loss_u_m: 0.074,loss_u_fp: 0.016,mask_ratio: 0.796
[INFO] Iters: 22196,total_loss: 0.067,loss_x: 0.085,loss_u_s: 0.086,loss_u_m: 0.078,loss_u_fp: 0.015,mask_ratio: 0.792
[INFO] Iters: 22258,total_loss: 0.065,loss_x: 0.080,loss_u_s: 0.086,loss_u_m: 0.082,loss_u_fp: 0.016,mask_ratio: 0.797
[INFO] ***** Evaluation ***** >>>> Class [0 background] IoU: 94.46
[INFO] ***** Evaluation ***** >>>> Class [1 aeroplane] IoU: 92.55
[INFO] ***** Evaluation ***** >>>> Class [2 bicycle] IoU: 44.27
[INFO] ***** Evaluation ***** >>>> Class [3 bird] IoU: 89.26
[INFO] ***** Evaluation ***** >>>> Class [4 boat] IoU: 73.40
[INFO] ***** Evaluation ***** >>>> Class [5 bottle] IoU: 81.87
[INFO] ***** Evaluation ***** >>>> Class [6 bus] IoU: 94.48
[INFO] ***** Evaluation ***** >>>> Class [7 car] IoU: 87.80
[INFO] ***** Evaluation ***** >>>> Class [8 cat] IoU: 93.85
[INFO] ***** Evaluation ***** >>>> Class [9 chair] IoU: 40.25
[INFO] ***** Evaluation ***** >>>> Class [10 cow] IoU: 87.88
[INFO] ***** Evaluation ***** >>>> Class [11 dining table] IoU: 45.52
[INFO] ***** Evaluation ***** >>>> Class [12 dog] IoU: 90.05
[INFO] ***** Evaluation ***** >>>> Class [13 horse] IoU: 86.19
[INFO] ***** Evaluation ***** >>>> Class [14 motorbike] IoU: 84.66
[INFO] ***** Evaluation ***** >>>> Class [15 person] IoU: 85.44
[INFO] ***** Evaluation ***** >>>> Class [16 potted plant] IoU: 66.28
[INFO] ***** Evaluation ***** >>>> Class [17 sheep] IoU: 88.02
[INFO] ***** Evaluation ***** >>>> Class [18 sofa] IoU: 52.60
[INFO] ***** Evaluation ***** >>>> Class [19 train] IoU: 88.61
[INFO] ***** Evaluation ***** >>>> Class [20 tv/monitor] IoU: 70.81
[INFO] ***** Evaluation ***** original >>>> MeanIoU: 78.01

[INFO] Pseudo-label epoch summary | epoch=44 | masked=0.9640, cov=0.7998, miou=0.6199
[INFO] [DynamicThreshold Overhead] Epoch 44 | Epoch Train Time: 457.9s | Dynamic Threshold Compute Time: 112.80s (24.6% of epoch) | Peak Extra GPU Memory (per batch): 68.2 MB
[INFO] ===========> Epoch: 45, LR: 0.00048, Previous best val_mIOU: 78.01
[INFO] Iters: 22320,total_loss: 0.064,loss_x: 0.081,loss_u_s: 0.083,loss_u_m: 0.074,loss_u_fp: 0.017,mask_ratio: 0.797
[INFO] Iters: 22382,total_loss: 0.065,loss_x: 0.082,loss_u_s: 0.080,loss_u_m: 0.084,loss_u_fp: 0.015,mask_ratio: 0.793
[INFO] Iters: 22444,total_loss: 0.062,loss_x: 0.078,loss_u_s: 0.080,loss_u_m: 0.077,loss_u_fp: 0.014,mask_ratio: 0.799
[INFO] Iters: 22506,total_loss: 0.066,loss_x: 0.079,loss_u_s: 0.091,loss_u_m: 0.091,loss_u_fp: 0.016,mask_ratio: 0.796
[INFO] Iters: 22568,total_loss: 0.067,loss_x: 0.084,loss_u_s: 0.081,loss_u_m: 0.087,loss_u_fp: 0.017,mask_ratio: 0.795
[INFO] Iters: 22630,total_loss: 0.065,loss_x: 0.078,loss_u_s: 0.085,loss_u_m: 0.086,loss_u_fp: 0.017,mask_ratio: 0.795
[INFO] Iters: 22692,total_loss: 0.063,loss_x: 0.082,loss_u_s: 0.073,loss_u_m: 0.077,loss_u_fp: 0.015,mask_ratio: 0.797
[INFO] Iters: 22754,total_loss: 0.064,loss_x: 0.080,loss_u_s: 0.082,loss_u_m: 0.080,loss_u_fp: 0.013,mask_ratio: 0.795
[INFO] ***** Evaluation ***** >>>> Class [0 background] IoU: 94.51
[INFO] ***** Evaluation ***** >>>> Class [1 aeroplane] IoU: 92.00
[INFO] ***** Evaluation ***** >>>> Class [2 bicycle] IoU: 44.40
[INFO] ***** Evaluation ***** >>>> Class [3 bird] IoU: 89.24
[INFO] ***** Evaluation ***** >>>> Class [4 boat] IoU: 72.58
[INFO] ***** Evaluation ***** >>>> Class [5 bottle] IoU: 82.74
[INFO] ***** Evaluation ***** >>>> Class [6 bus] IoU: 94.85
[INFO] ***** Evaluation ***** >>>> Class [7 car] IoU: 87.49
[INFO] ***** Evaluation ***** >>>> Class [8 cat] IoU: 93.88
[INFO] ***** Evaluation ***** >>>> Class [9 chair] IoU: 38.41
[INFO] ***** Evaluation ***** >>>> Class [10 cow] IoU: 88.73
[INFO] ***** Evaluation ***** >>>> Class [11 dining table] IoU: 47.94
[INFO] ***** Evaluation ***** >>>> Class [12 dog] IoU: 89.66
[INFO] ***** Evaluation ***** >>>> Class [13 horse] IoU: 87.50
[INFO] ***** Evaluation ***** >>>> Class [14 motorbike] IoU: 84.93
[INFO] ***** Evaluation ***** >>>> Class [15 person] IoU: 84.93
[INFO] ***** Evaluation ***** >>>> Class [16 potted plant] IoU: 62.99
[INFO] ***** Evaluation ***** >>>> Class [17 sheep] IoU: 89.22
[INFO] ***** Evaluation ***** >>>> Class [18 sofa] IoU: 58.35
[INFO] ***** Evaluation ***** >>>> Class [19 train] IoU: 89.16
[INFO] ***** Evaluation ***** >>>> Class [20 tv/monitor] IoU: 71.92
[INFO] ***** Evaluation ***** original >>>> MeanIoU: 78.35

[INFO] Pseudo-label epoch summary | epoch=45 | masked=0.9629, cov=0.8005, miou=0.6171
[INFO] [DynamicThreshold Overhead] Epoch 45 | Epoch Train Time: 458.1s | Dynamic Threshold Compute Time: 112.60s (24.6% of epoch) | Peak Extra GPU Memory (per batch): 66.2 MB
[INFO] ===========> Epoch: 46, LR: 0.00046, Previous best val_mIOU: 78.35
[INFO] Iters: 22816,total_loss: 0.061,loss_x: 0.080,loss_u_s: 0.063,loss_u_m: 0.075,loss_u_fp: 0.013,mask_ratio: 0.800
[INFO] Iters: 22878,total_loss: 0.062,loss_x: 0.078,loss_u_s: 0.080,loss_u_m: 0.071,loss_u_fp: 0.017,mask_ratio: 0.801
[INFO] Iters: 22940,total_loss: 0.066,loss_x: 0.085,loss_u_s: 0.080,loss_u_m: 0.081,loss_u_fp: 0.014,mask_ratio: 0.800
[INFO] Iters: 23002,total_loss: 0.064,loss_x: 0.082,loss_u_s: 0.077,loss_u_m: 0.076,loss_u_fp: 0.016,mask_ratio: 0.795
[INFO] Iters: 23064,total_loss: 0.065,loss_x: 0.079,loss_u_s: 0.092,loss_u_m: 0.077,loss_u_fp: 0.017,mask_ratio: 0.800
[INFO] Iters: 23126,total_loss: 0.063,loss_x: 0.076,loss_u_s: 0.088,loss_u_m: 0.083,loss_u_fp: 0.014,mask_ratio: 0.802
[INFO] Iters: 23188,total_loss: 0.065,loss_x: 0.083,loss_u_s: 0.080,loss_u_m: 0.076,loss_u_fp: 0.014,mask_ratio: 0.801
[INFO] Iters: 23250,total_loss: 0.067,loss_x: 0.080,loss_u_s: 0.087,loss_u_m: 0.099,loss_u_fp: 0.016,mask_ratio: 0.795
[INFO] ***** Evaluation ***** >>>> Class [0 background] IoU: 94.46
[INFO] ***** Evaluation ***** >>>> Class [1 aeroplane] IoU: 91.86
[INFO] ***** Evaluation ***** >>>> Class [2 bicycle] IoU: 43.34
[INFO] ***** Evaluation ***** >>>> Class [3 bird] IoU: 89.32
[INFO] ***** Evaluation ***** >>>> Class [4 boat] IoU: 71.74
[INFO] ***** Evaluation ***** >>>> Class [5 bottle] IoU: 82.44
[INFO] ***** Evaluation ***** >>>> Class [6 bus] IoU: 91.66
[INFO] ***** Evaluation ***** >>>> Class [7 car] IoU: 87.65
[INFO] ***** Evaluation ***** >>>> Class [8 cat] IoU: 92.99
[INFO] ***** Evaluation ***** >>>> Class [9 chair] IoU: 39.52
[INFO] ***** Evaluation ***** >>>> Class [10 cow] IoU: 86.74
[INFO] ***** Evaluation ***** >>>> Class [11 dining table] IoU: 44.05
[INFO] ***** Evaluation ***** >>>> Class [12 dog] IoU: 87.54
[INFO] ***** Evaluation ***** >>>> Class [13 horse] IoU: 87.68
[INFO] ***** Evaluation ***** >>>> Class [14 motorbike] IoU: 84.79
[INFO] ***** Evaluation ***** >>>> Class [15 person] IoU: 86.00
[INFO] ***** Evaluation ***** >>>> Class [16 potted plant] IoU: 64.15
[INFO] ***** Evaluation ***** >>>> Class [17 sheep] IoU: 86.64
[INFO] ***** Evaluation ***** >>>> Class [18 sofa] IoU: 55.49
[INFO] ***** Evaluation ***** >>>> Class [19 train] IoU: 87.43
[INFO] ***** Evaluation ***** >>>> Class [20 tv/monitor] IoU: 70.99
[INFO] ***** Evaluation ***** original >>>> MeanIoU: 77.45

[INFO] Pseudo-label epoch summary | epoch=46 | masked=0.9618, cov=0.8028, miou=0.6171
[INFO] [DynamicThreshold Overhead] Epoch 46 | Epoch Train Time: 457.8s | Dynamic Threshold Compute Time: 112.87s (24.7% of epoch) | Peak Extra GPU Memory (per batch): 66.7 MB
[INFO] ===========> Epoch: 47, LR: 0.00045, Previous best val_mIOU: 78.35
[INFO] Iters: 23312,total_loss: 0.065,loss_x: 0.079,loss_u_s: 0.075,loss_u_m: 0.093,loss_u_fp: 0.016,mask_ratio: 0.796
[INFO] Iters: 23374,total_loss: 0.061,loss_x: 0.079,loss_u_s: 0.071,loss_u_m: 0.075,loss_u_fp: 0.012,mask_ratio: 0.802
[INFO] Iters: 23436,total_loss: 0.064,loss_x: 0.085,loss_u_s: 0.071,loss_u_m: 0.075,loss_u_fp: 0.013,mask_ratio: 0.802
[INFO] Iters: 23498,total_loss: 0.064,loss_x: 0.077,loss_u_s: 0.078,loss_u_m: 0.090,loss_u_fp: 0.015,mask_ratio: 0.802
[INFO] Iters: 23560,total_loss: 0.063,loss_x: 0.079,loss_u_s: 0.077,loss_u_m: 0.087,loss_u_fp: 0.013,mask_ratio: 0.800
[INFO] Iters: 23622,total_loss: 0.066,loss_x: 0.086,loss_u_s: 0.069,loss_u_m: 0.080,loss_u_fp: 0.015,mask_ratio: 0.799
[INFO] Iters: 23684,total_loss: 0.067,loss_x: 0.083,loss_u_s: 0.082,loss_u_m: 0.088,loss_u_fp: 0.017,mask_ratio: 0.791
[INFO] Iters: 23746,total_loss: 0.063,loss_x: 0.084,loss_u_s: 0.071,loss_u_m: 0.072,loss_u_fp: 0.012,mask_ratio: 0.802
[INFO] ***** Evaluation ***** >>>> Class [0 background] IoU: 94.41
[INFO] ***** Evaluation ***** >>>> Class [1 aeroplane] IoU: 92.61
[INFO] ***** Evaluation ***** >>>> Class [2 bicycle] IoU: 43.60
[INFO] ***** Evaluation ***** >>>> Class [3 bird] IoU: 90.01
[INFO] ***** Evaluation ***** >>>> Class [4 boat] IoU: 73.50
[INFO] ***** Evaluation ***** >>>> Class [5 bottle] IoU: 83.72
[INFO] ***** Evaluation ***** >>>> Class [6 bus] IoU: 94.75
[INFO] ***** Evaluation ***** >>>> Class [7 car] IoU: 87.59
[INFO] ***** Evaluation ***** >>>> Class [8 cat] IoU: 93.33
[INFO] ***** Evaluation ***** >>>> Class [9 chair] IoU: 42.21
[INFO] ***** Evaluation ***** >>>> Class [10 cow] IoU: 79.52
[INFO] ***** Evaluation ***** >>>> Class [11 dining table] IoU: 47.51
[INFO] ***** Evaluation ***** >>>> Class [12 dog] IoU: 86.04
[INFO] ***** Evaluation ***** >>>> Class [13 horse] IoU: 84.99
[INFO] ***** Evaluation ***** >>>> Class [14 motorbike] IoU: 84.42
[INFO] ***** Evaluation ***** >>>> Class [15 person] IoU: 85.75
[INFO] ***** Evaluation ***** >>>> Class [16 potted plant] IoU: 67.33
[INFO] ***** Evaluation ***** >>>> Class [17 sheep] IoU: 89.33
[INFO] ***** Evaluation ***** >>>> Class [18 sofa] IoU: 46.72
[INFO] ***** Evaluation ***** >>>> Class [19 train] IoU: 89.10
[INFO] ***** Evaluation ***** >>>> Class [20 tv/monitor] IoU: 72.75
[INFO] ***** Evaluation ***** original >>>> MeanIoU: 77.58

[INFO] Pseudo-label epoch summary | epoch=47 | masked=0.9631, cov=0.8030, miou=0.6183
[INFO] [DynamicThreshold Overhead] Epoch 47 | Epoch Train Time: 457.9s | Dynamic Threshold Compute Time: 112.84s (24.6% of epoch) | Peak Extra GPU Memory (per batch): 67.5 MB
[INFO] ===========> Epoch: 48, LR: 0.00044, Previous best val_mIOU: 78.35
[INFO] Iters: 23808,total_loss: 0.066,loss_x: 0.080,loss_u_s: 0.088,loss_u_m: 0.088,loss_u_fp: 0.016,mask_ratio: 0.795
[INFO] Iters: 23870,total_loss: 0.065,loss_x: 0.082,loss_u_s: 0.076,loss_u_m: 0.082,loss_u_fp: 0.016,mask_ratio: 0.794
[INFO] Iters: 23932,total_loss: 0.065,loss_x: 0.080,loss_u_s: 0.077,loss_u_m: 0.087,loss_u_fp: 0.018,mask_ratio: 0.800
[INFO] Iters: 23994,total_loss: 0.060,loss_x: 0.075,loss_u_s: 0.080,loss_u_m: 0.076,loss_u_fp: 0.014,mask_ratio: 0.799
[INFO] Iters: 24056,total_loss: 0.064,loss_x: 0.085,loss_u_s: 0.073,loss_u_m: 0.072,loss_u_fp: 0.014,mask_ratio: 0.802
[INFO] Iters: 24118,total_loss: 0.068,loss_x: 0.081,loss_u_s: 0.088,loss_u_m: 0.089,loss_u_fp: 0.019,mask_ratio: 0.795
[INFO] Iters: 24180,total_loss: 0.064,loss_x: 0.077,loss_u_s: 0.093,loss_u_m: 0.080,loss_u_fp: 0.013,mask_ratio: 0.803
[INFO] Iters: 24242,total_loss: 0.066,loss_x: 0.084,loss_u_s: 0.076,loss_u_m: 0.086,loss_u_fp: 0.014,mask_ratio: 0.800
[INFO] ***** Evaluation ***** >>>> Class [0 background] IoU: 94.40
[INFO] ***** Evaluation ***** >>>> Class [1 aeroplane] IoU: 92.34
[INFO] ***** Evaluation ***** >>>> Class [2 bicycle] IoU: 43.87
[INFO] ***** Evaluation ***** >>>> Class [3 bird] IoU: 89.74
[INFO] ***** Evaluation ***** >>>> Class [4 boat] IoU: 72.36
[INFO] ***** Evaluation ***** >>>> Class [5 bottle] IoU: 81.99
[INFO] ***** Evaluation ***** >>>> Class [6 bus] IoU: 94.85
[INFO] ***** Evaluation ***** >>>> Class [7 car] IoU: 86.77
[INFO] ***** Evaluation ***** >>>> Class [8 cat] IoU: 93.81
[INFO] ***** Evaluation ***** >>>> Class [9 chair] IoU: 37.48
[INFO] ***** Evaluation ***** >>>> Class [10 cow] IoU: 87.25
[INFO] ***** Evaluation ***** >>>> Class [11 dining table] IoU: 50.30
[INFO] ***** Evaluation ***** >>>> Class [12 dog] IoU: 88.76
[INFO] ***** Evaluation ***** >>>> Class [13 horse] IoU: 84.15
[INFO] ***** Evaluation ***** >>>> Class [14 motorbike] IoU: 82.62
[INFO] ***** Evaluation ***** >>>> Class [15 person] IoU: 85.38
[INFO] ***** Evaluation ***** >>>> Class [16 potted plant] IoU: 64.42
[INFO] ***** Evaluation ***** >>>> Class [17 sheep] IoU: 86.80
[INFO] ***** Evaluation ***** >>>> Class [18 sofa] IoU: 52.61
[INFO] ***** Evaluation ***** >>>> Class [19 train] IoU: 89.22
[INFO] ***** Evaluation ***** >>>> Class [20 tv/monitor] IoU: 71.39
[INFO] ***** Evaluation ***** original >>>> MeanIoU: 77.64

[INFO] Pseudo-label epoch summary | epoch=48 | masked=0.9618, cov=0.8036, miou=0.6145
[INFO] [DynamicThreshold Overhead] Epoch 48 | Epoch Train Time: 457.7s | Dynamic Threshold Compute Time: 112.95s (24.7% of epoch) | Peak Extra GPU Memory (per batch): 66.9 MB
[INFO] ===========> Epoch: 49, LR: 0.00043, Previous best val_mIOU: 78.35
[INFO] Iters: 24304,total_loss: 0.061,loss_x: 0.080,loss_u_s: 0.066,loss_u_m: 0.078,loss_u_fp: 0.014,mask_ratio: 0.803
[INFO] Iters: 24366,total_loss: 0.064,loss_x: 0.086,loss_u_s: 0.077,loss_u_m: 0.071,loss_u_fp: 0.011,mask_ratio: 0.801
[INFO] Iters: 24428,total_loss: 0.060,loss_x: 0.075,loss_u_s: 0.075,loss_u_m: 0.076,loss_u_fp: 0.016,mask_ratio: 0.802
[INFO] Iters: 24490,total_loss: 0.066,loss_x: 0.082,loss_u_s: 0.084,loss_u_m: 0.087,loss_u_fp: 0.016,mask_ratio: 0.799
[INFO] Iters: 24552,total_loss: 0.061,loss_x: 0.078,loss_u_s: 0.074,loss_u_m: 0.080,loss_u_fp: 0.011,mask_ratio: 0.800
[INFO] Iters: 24614,total_loss: 0.061,loss_x: 0.079,loss_u_s: 0.072,loss_u_m: 0.077,loss_u_fp: 0.015,mask_ratio: 0.801
[INFO] Iters: 24676,total_loss: 0.062,loss_x: 0.077,loss_u_s: 0.078,loss_u_m: 0.078,loss_u_fp: 0.015,mask_ratio: 0.798
[INFO] Iters: 24738,total_loss: 0.062,loss_x: 0.076,loss_u_s: 0.077,loss_u_m: 0.083,loss_u_fp: 0.014,mask_ratio: 0.800
[INFO] ***** Evaluation ***** >>>> Class [0 background] IoU: 94.57
[INFO] ***** Evaluation ***** >>>> Class [1 aeroplane] IoU: 92.41
[INFO] ***** Evaluation ***** >>>> Class [2 bicycle] IoU: 44.22
[INFO] ***** Evaluation ***** >>>> Class [3 bird] IoU: 89.77
[INFO] ***** Evaluation ***** >>>> Class [4 boat] IoU: 72.07
[INFO] ***** Evaluation ***** >>>> Class [5 bottle] IoU: 82.49
[INFO] ***** Evaluation ***** >>>> Class [6 bus] IoU: 95.05
[INFO] ***** Evaluation ***** >>>> Class [7 car] IoU: 87.56
[INFO] ***** Evaluation ***** >>>> Class [8 cat] IoU: 93.93
[INFO] ***** Evaluation ***** >>>> Class [9 chair] IoU: 41.83
[INFO] ***** Evaluation ***** >>>> Class [10 cow] IoU: 89.56
[INFO] ***** Evaluation ***** >>>> Class [11 dining table] IoU: 49.69
[INFO] ***** Evaluation ***** >>>> Class [12 dog] IoU: 90.29
[INFO] ***** Evaluation ***** >>>> Class [13 horse] IoU: 87.40
[INFO] ***** Evaluation ***** >>>> Class [14 motorbike] IoU: 84.44
[INFO] ***** Evaluation ***** >>>> Class [15 person] IoU: 86.36
[INFO] ***** Evaluation ***** >>>> Class [16 potted plant] IoU: 64.82
[INFO] ***** Evaluation ***** >>>> Class [17 sheep] IoU: 89.14
[INFO] ***** Evaluation ***** >>>> Class [18 sofa] IoU: 54.34
[INFO] ***** Evaluation ***** >>>> Class [19 train] IoU: 89.21
[INFO] ***** Evaluation ***** >>>> Class [20 tv/monitor] IoU: 71.83
[INFO] ***** Evaluation ***** original >>>> MeanIoU: 78.62

[INFO] Pseudo-label epoch summary | epoch=49 | masked=0.9624, cov=0.8037, miou=0.6182
[INFO] [DynamicThreshold Overhead] Epoch 49 | Epoch Train Time: 457.8s | Dynamic Threshold Compute Time: 112.94s (24.7% of epoch) | Peak Extra GPU Memory (per batch): 67.2 MB
[INFO] ===========> Epoch: 50, LR: 0.00041, Previous best val_mIOU: 78.62
[INFO] Iters: 24800,total_loss: 0.066,loss_x: 0.076,loss_u_s: 0.086,loss_u_m: 0.096,loss_u_fp: 0.019,mask_ratio: 0.794
[INFO] Iters: 24862,total_loss: 0.064,loss_x: 0.078,loss_u_s: 0.080,loss_u_m: 0.091,loss_u_fp: 0.013,mask_ratio: 0.800
[INFO] Iters: 24924,total_loss: 0.062,loss_x: 0.076,loss_u_s: 0.084,loss_u_m: 0.077,loss_u_fp: 0.016,mask_ratio: 0.801
[INFO] Iters: 24986,total_loss: 0.061,loss_x: 0.081,loss_u_s: 0.070,loss_u_m: 0.064,loss_u_fp: 0.013,mask_ratio: 0.802
[INFO] Iters: 25048,total_loss: 0.065,loss_x: 0.084,loss_u_s: 0.075,loss_u_m: 0.075,loss_u_fp: 0.016,mask_ratio: 0.797
[INFO] Iters: 25110,total_loss: 0.061,loss_x: 0.075,loss_u_s: 0.075,loss_u_m: 0.085,loss_u_fp: 0.013,mask_ratio: 0.795
[INFO] Iters: 25172,total_loss: 0.061,loss_x: 0.077,loss_u_s: 0.071,loss_u_m: 0.076,loss_u_fp: 0.015,mask_ratio: 0.802
[INFO] Iters: 25234,total_loss: 0.064,loss_x: 0.080,loss_u_s: 0.086,loss_u_m: 0.079,loss_u_fp: 0.013,mask_ratio: 0.802
[INFO] ***** Evaluation ***** >>>> Class [0 background] IoU: 94.39
[INFO] ***** Evaluation ***** >>>> Class [1 aeroplane] IoU: 93.06
[INFO] ***** Evaluation ***** >>>> Class [2 bicycle] IoU: 44.33
[INFO] ***** Evaluation ***** >>>> Class [3 bird] IoU: 89.92
[INFO] ***** Evaluation ***** >>>> Class [4 boat] IoU: 71.90
[INFO] ***** Evaluation ***** >>>> Class [5 bottle] IoU: 83.43
[INFO] ***** Evaluation ***** >>>> Class [6 bus] IoU: 94.67
[INFO] ***** Evaluation ***** >>>> Class [7 car] IoU: 87.39
[INFO] ***** Evaluation ***** >>>> Class [8 cat] IoU: 94.23
[INFO] ***** Evaluation ***** >>>> Class [9 chair] IoU: 40.53
[INFO] ***** Evaluation ***** >>>> Class [10 cow] IoU: 88.19
[INFO] ***** Evaluation ***** >>>> Class [11 dining table] IoU: 46.61
[INFO] ***** Evaluation ***** >>>> Class [12 dog] IoU: 89.50
[INFO] ***** Evaluation ***** >>>> Class [13 horse] IoU: 84.75
[INFO] ***** Evaluation ***** >>>> Class [14 motorbike] IoU: 84.50
[INFO] ***** Evaluation ***** >>>> Class [15 person] IoU: 85.97
[INFO] ***** Evaluation ***** >>>> Class [16 potted plant] IoU: 66.44
[INFO] ***** Evaluation ***** >>>> Class [17 sheep] IoU: 88.14
[INFO] ***** Evaluation ***** >>>> Class [18 sofa] IoU: 44.04
[INFO] ***** Evaluation ***** >>>> Class [19 train] IoU: 88.48
[INFO] ***** Evaluation ***** >>>> Class [20 tv/monitor] IoU: 72.58
[INFO] ***** Evaluation ***** original >>>> MeanIoU: 77.76

[INFO] Pseudo-label epoch summary | epoch=50 | masked=0.9622, cov=0.8033, miou=0.6160
[INFO] [DynamicThreshold Overhead] Epoch 50 | Epoch Train Time: 457.8s | Dynamic Threshold Compute Time: 112.99s (24.7% of epoch) | Peak Extra GPU Memory (per batch): 67.5 MB
[INFO] ===========> Epoch: 51, LR: 0.00040, Previous best val_mIOU: 78.62
[INFO] Iters: 25296,total_loss: 0.068,loss_x: 0.087,loss_u_s: 0.081,loss_u_m: 0.084,loss_u_fp: 0.016,mask_ratio: 0.795
[INFO] Iters: 25358,total_loss: 0.061,loss_x: 0.079,loss_u_s: 0.074,loss_u_m: 0.071,loss_u_fp: 0.013,mask_ratio: 0.803
[INFO] Iters: 25420,total_loss: 0.062,loss_x: 0.076,loss_u_s: 0.075,loss_u_m: 0.088,loss_u_fp: 0.016,mask_ratio: 0.797
[INFO] Iters: 25482,total_loss: 0.066,loss_x: 0.082,loss_u_s: 0.089,loss_u_m: 0.079,loss_u_fp: 0.014,mask_ratio: 0.799
[INFO] Iters: 25544,total_loss: 0.059,loss_x: 0.073,loss_u_s: 0.082,loss_u_m: 0.064,loss_u_fp: 0.016,mask_ratio: 0.799
[INFO] Iters: 25606,total_loss: 0.064,loss_x: 0.079,loss_u_s: 0.077,loss_u_m: 0.088,loss_u_fp: 0.014,mask_ratio: 0.798
[INFO] Iters: 25668,total_loss: 0.063,loss_x: 0.081,loss_u_s: 0.071,loss_u_m: 0.077,loss_u_fp: 0.019,mask_ratio: 0.802
[INFO] Iters: 25730,total_loss: 0.061,loss_x: 0.074,loss_u_s: 0.075,loss_u_m: 0.080,loss_u_fp: 0.017,mask_ratio: 0.800
[INFO] ***** Evaluation ***** >>>> Class [0 background] IoU: 94.37
[INFO] ***** Evaluation ***** >>>> Class [1 aeroplane] IoU: 91.96
[INFO] ***** Evaluation ***** >>>> Class [2 bicycle] IoU: 43.84
[INFO] ***** Evaluation ***** >>>> Class [3 bird] IoU: 89.52
[INFO] ***** Evaluation ***** >>>> Class [4 boat] IoU: 73.42
[INFO] ***** Evaluation ***** >>>> Class [5 bottle] IoU: 83.45
[INFO] ***** Evaluation ***** >>>> Class [6 bus] IoU: 95.05
[INFO] ***** Evaluation ***** >>>> Class [7 car] IoU: 87.63
[INFO] ***** Evaluation ***** >>>> Class [8 cat] IoU: 93.99
[INFO] ***** Evaluation ***** >>>> Class [9 chair] IoU: 41.00
[INFO] ***** Evaluation ***** >>>> Class [10 cow] IoU: 86.02
[INFO] ***** Evaluation ***** >>>> Class [11 dining table] IoU: 44.06
[INFO] ***** Evaluation ***** >>>> Class [12 dog] IoU: 88.36
[INFO] ***** Evaluation ***** >>>> Class [13 horse] IoU: 86.01
[INFO] ***** Evaluation ***** >>>> Class [14 motorbike] IoU: 85.59
[INFO] ***** Evaluation ***** >>>> Class [15 person] IoU: 85.98
[INFO] ***** Evaluation ***** >>>> Class [16 potted plant] IoU: 64.98
[INFO] ***** Evaluation ***** >>>> Class [17 sheep] IoU: 88.40
[INFO] ***** Evaluation ***** >>>> Class [18 sofa] IoU: 52.85
[INFO] ***** Evaluation ***** >>>> Class [19 train] IoU: 88.09
[INFO] ***** Evaluation ***** >>>> Class [20 tv/monitor] IoU: 71.18
[INFO] ***** Evaluation ***** original >>>> MeanIoU: 77.89

[INFO] Pseudo-label epoch summary | epoch=51 | masked=0.9625, cov=0.8042, miou=0.6172
[INFO] [DynamicThreshold Overhead] Epoch 51 | Epoch Train Time: 459.0s | Dynamic Threshold Compute Time: 112.71s (24.6% of epoch) | Peak Extra GPU Memory (per batch): 66.2 MB
[INFO] ===========> Epoch: 52, LR: 0.00039, Previous best val_mIOU: 78.62
[INFO] Iters: 25792,total_loss: 0.064,loss_x: 0.082,loss_u_s: 0.081,loss_u_m: 0.077,loss_u_fp: 0.013,mask_ratio: 0.804
[INFO] Iters: 25854,total_loss: 0.062,loss_x: 0.079,loss_u_s: 0.078,loss_u_m: 0.070,loss_u_fp: 0.016,mask_ratio: 0.801
[INFO] Iters: 25916,total_loss: 0.060,loss_x: 0.078,loss_u_s: 0.074,loss_u_m: 0.065,loss_u_fp: 0.014,mask_ratio: 0.806
[INFO] Iters: 25978,total_loss: 0.065,loss_x: 0.080,loss_u_s: 0.086,loss_u_m: 0.082,loss_u_fp: 0.016,mask_ratio: 0.806
[INFO] Iters: 26040,total_loss: 0.065,loss_x: 0.078,loss_u_s: 0.089,loss_u_m: 0.083,loss_u_fp: 0.016,mask_ratio: 0.799
[INFO] Iters: 26102,total_loss: 0.062,loss_x: 0.079,loss_u_s: 0.078,loss_u_m: 0.077,loss_u_fp: 0.012,mask_ratio: 0.800
[INFO] Iters: 26164,total_loss: 0.061,loss_x: 0.075,loss_u_s: 0.085,loss_u_m: 0.073,loss_u_fp: 0.014,mask_ratio: 0.803
[INFO] Iters: 26226,total_loss: 0.058,loss_x: 0.072,loss_u_s: 0.079,loss_u_m: 0.068,loss_u_fp: 0.014,mask_ratio: 0.804
[INFO] ***** Evaluation ***** >>>> Class [0 background] IoU: 94.50
[INFO] ***** Evaluation ***** >>>> Class [1 aeroplane] IoU: 92.63
[INFO] ***** Evaluation ***** >>>> Class [2 bicycle] IoU: 44.03
[INFO] ***** Evaluation ***** >>>> Class [3 bird] IoU: 89.37
[INFO] ***** Evaluation ***** >>>> Class [4 boat] IoU: 73.07
[INFO] ***** Evaluation ***** >>>> Class [5 bottle] IoU: 83.39
[INFO] ***** Evaluation ***** >>>> Class [6 bus] IoU: 94.90
[INFO] ***** Evaluation ***** >>>> Class [7 car] IoU: 87.22
[INFO] ***** Evaluation ***** >>>> Class [8 cat] IoU: 93.95
[INFO] ***** Evaluation ***** >>>> Class [9 chair] IoU: 38.56
[INFO] ***** Evaluation ***** >>>> Class [10 cow] IoU: 90.99
[INFO] ***** Evaluation ***** >>>> Class [11 dining table] IoU: 45.56
[INFO] ***** Evaluation ***** >>>> Class [12 dog] IoU: 89.42
[INFO] ***** Evaluation ***** >>>> Class [13 horse] IoU: 87.91
[INFO] ***** Evaluation ***** >>>> Class [14 motorbike] IoU: 84.17
[INFO] ***** Evaluation ***** >>>> Class [15 person] IoU: 86.28
[INFO] ***** Evaluation ***** >>>> Class [16 potted plant] IoU: 64.98
[INFO] ***** Evaluation ***** >>>> Class [17 sheep] IoU: 88.77
[INFO] ***** Evaluation ***** >>>> Class [18 sofa] IoU: 53.68
[INFO] ***** Evaluation ***** >>>> Class [19 train] IoU: 89.95
[INFO] ***** Evaluation ***** >>>> Class [20 tv/monitor] IoU: 73.16
[INFO] ***** Evaluation ***** original >>>> MeanIoU: 78.40

[INFO] Pseudo-label epoch summary | epoch=52 | masked=0.9615, cov=0.8065, miou=0.6127
[INFO] [DynamicThreshold Overhead] Epoch 52 | Epoch Train Time: 459.5s | Dynamic Threshold Compute Time: 112.80s (24.6% of epoch) | Peak Extra GPU Memory (per batch): 66.8 MB
[INFO] ===========> Epoch: 53, LR: 0.00038, Previous best val_mIOU: 78.62
[INFO] Iters: 26288,total_loss: 0.061,loss_x: 0.077,loss_u_s: 0.078,loss_u_m: 0.074,loss_u_fp: 0.016,mask_ratio: 0.802
[INFO] Iters: 26350,total_loss: 0.061,loss_x: 0.080,loss_u_s: 0.074,loss_u_m: 0.068,loss_u_fp: 0.015,mask_ratio: 0.805
[INFO] Iters: 26412,total_loss: 0.061,loss_x: 0.076,loss_u_s: 0.073,loss_u_m: 0.077,loss_u_fp: 0.015,mask_ratio: 0.798
[INFO] Iters: 26474,total_loss: 0.061,loss_x: 0.076,loss_u_s: 0.083,loss_u_m: 0.076,loss_u_fp: 0.014,mask_ratio: 0.807
[INFO] Iters: 26536,total_loss: 0.061,loss_x: 0.079,loss_u_s: 0.068,loss_u_m: 0.076,loss_u_fp: 0.014,mask_ratio: 0.805
[INFO] Iters: 26598,total_loss: 0.061,loss_x: 0.073,loss_u_s: 0.082,loss_u_m: 0.079,loss_u_fp: 0.017,mask_ratio: 0.801
[INFO] Iters: 26660,total_loss: 0.058,loss_x: 0.072,loss_u_s: 0.070,loss_u_m: 0.075,loss_u_fp: 0.016,mask_ratio: 0.806
[INFO] Iters: 26722,total_loss: 0.062,loss_x: 0.077,loss_u_s: 0.077,loss_u_m: 0.080,loss_u_fp: 0.014,mask_ratio: 0.805
[INFO] ***** Evaluation ***** >>>> Class [0 background] IoU: 94.47
[INFO] ***** Evaluation ***** >>>> Class [1 aeroplane] IoU: 92.03
[INFO] ***** Evaluation ***** >>>> Class [2 bicycle] IoU: 44.06
[INFO] ***** Evaluation ***** >>>> Class [3 bird] IoU: 89.14
[INFO] ***** Evaluation ***** >>>> Class [4 boat] IoU: 70.39
[INFO] ***** Evaluation ***** >>>> Class [5 bottle] IoU: 83.01
[INFO] ***** Evaluation ***** >>>> Class [6 bus] IoU: 94.78
[INFO] ***** Evaluation ***** >>>> Class [7 car] IoU: 87.25
[INFO] ***** Evaluation ***** >>>> Class [8 cat] IoU: 93.86
[INFO] ***** Evaluation ***** >>>> Class [9 chair] IoU: 38.01
[INFO] ***** Evaluation ***** >>>> Class [10 cow] IoU: 88.14
[INFO] ***** Evaluation ***** >>>> Class [11 dining table] IoU: 47.50
[INFO] ***** Evaluation ***** >>>> Class [12 dog] IoU: 88.20
[INFO] ***** Evaluation ***** >>>> Class [13 horse] IoU: 86.44
[INFO] ***** Evaluation ***** >>>> Class [14 motorbike] IoU: 83.96
[INFO] ***** Evaluation ***** >>>> Class [15 person] IoU: 85.72
[INFO] ***** Evaluation ***** >>>> Class [16 potted plant] IoU: 65.67
[INFO] ***** Evaluation ***** >>>> Class [17 sheep] IoU: 87.05
[INFO] ***** Evaluation ***** >>>> Class [18 sofa] IoU: 54.06
[INFO] ***** Evaluation ***** >>>> Class [19 train] IoU: 89.13
[INFO] ***** Evaluation ***** >>>> Class [20 tv/monitor] IoU: 72.04
[INFO] ***** Evaluation ***** original >>>> MeanIoU: 77.85

[INFO] Pseudo-label epoch summary | epoch=53 | masked=0.9628, cov=0.8075, miou=0.6322
[INFO] [DynamicThreshold Overhead] Epoch 53 | Epoch Train Time: 459.1s | Dynamic Threshold Compute Time: 112.65s (24.5% of epoch) | Peak Extra GPU Memory (per batch): 66.9 MB
[INFO] ===========> Epoch: 54, LR: 0.00036, Previous best val_mIOU: 78.62
[INFO] Iters: 26784,total_loss: 0.060,loss_x: 0.077,loss_u_s: 0.071,loss_u_m: 0.074,loss_u_fp: 0.013,mask_ratio: 0.803
[INFO] Iters: 26846,total_loss: 0.057,loss_x: 0.074,loss_u_s: 0.066,loss_u_m: 0.067,loss_u_fp: 0.012,mask_ratio: 0.805
[INFO] Iters: 26908,total_loss: 0.066,loss_x: 0.081,loss_u_s: 0.093,loss_u_m: 0.082,loss_u_fp: 0.016,mask_ratio: 0.799
[INFO] Iters: 26970,total_loss: 0.062,loss_x: 0.080,loss_u_s: 0.071,loss_u_m: 0.084,loss_u_fp: 0.013,mask_ratio: 0.802
[INFO] Iters: 27032,total_loss: 0.059,loss_x: 0.073,loss_u_s: 0.073,loss_u_m: 0.080,loss_u_fp: 0.015,mask_ratio: 0.800
[INFO] Iters: 27094,total_loss: 0.063,loss_x: 0.075,loss_u_s: 0.082,loss_u_m: 0.083,loss_u_fp: 0.018,mask_ratio: 0.802
[INFO] Iters: 27156,total_loss: 0.057,loss_x: 0.070,loss_u_s: 0.080,loss_u_m: 0.068,loss_u_fp: 0.013,mask_ratio: 0.812
[INFO] Iters: 27218,total_loss: 0.059,loss_x: 0.077,loss_u_s: 0.071,loss_u_m: 0.068,loss_u_fp: 0.013,mask_ratio: 0.810
[INFO] ***** Evaluation ***** >>>> Class [0 background] IoU: 94.33
[INFO] ***** Evaluation ***** >>>> Class [1 aeroplane] IoU: 92.32
[INFO] ***** Evaluation ***** >>>> Class [2 bicycle] IoU: 44.42
[INFO] ***** Evaluation ***** >>>> Class [3 bird] IoU: 89.22
[INFO] ***** Evaluation ***** >>>> Class [4 boat] IoU: 71.23
[INFO] ***** Evaluation ***** >>>> Class [5 bottle] IoU: 82.79
[INFO] ***** Evaluation ***** >>>> Class [6 bus] IoU: 94.86
[INFO] ***** Evaluation ***** >>>> Class [7 car] IoU: 86.93
[INFO] ***** Evaluation ***** >>>> Class [8 cat] IoU: 93.67
[INFO] ***** Evaluation ***** >>>> Class [9 chair] IoU: 40.36
[INFO] ***** Evaluation ***** >>>> Class [10 cow] IoU: 89.54
[INFO] ***** Evaluation ***** >>>> Class [11 dining table] IoU: 41.29
[INFO] ***** Evaluation ***** >>>> Class [12 dog] IoU: 89.55
[INFO] ***** Evaluation ***** >>>> Class [13 horse] IoU: 87.87
[INFO] ***** Evaluation ***** >>>> Class [14 motorbike] IoU: 83.92
[INFO] ***** Evaluation ***** >>>> Class [15 person] IoU: 86.06
[INFO] ***** Evaluation ***** >>>> Class [16 potted plant] IoU: 64.10
[INFO] ***** Evaluation ***** >>>> Class [17 sheep] IoU: 89.18
[INFO] ***** Evaluation ***** >>>> Class [18 sofa] IoU: 51.76
[INFO] ***** Evaluation ***** >>>> Class [19 train] IoU: 87.42
[INFO] ***** Evaluation ***** >>>> Class [20 tv/monitor] IoU: 72.23
[INFO] ***** Evaluation ***** original >>>> MeanIoU: 77.76

[INFO] Pseudo-label epoch summary | epoch=54 | masked=0.9629, cov=0.8084, miou=0.6293
[INFO] [DynamicThreshold Overhead] Epoch 54 | Epoch Train Time: 457.9s | Dynamic Threshold Compute Time: 112.81s (24.6% of epoch) | Peak Extra GPU Memory (per batch): 67.3 MB
[INFO] ===========> Epoch: 55, LR: 0.00035, Previous best val_mIOU: 78.62
[INFO] Iters: 27280,total_loss: 0.057,loss_x: 0.070,loss_u_s: 0.064,loss_u_m: 0.079,loss_u_fp: 0.017,mask_ratio: 0.804
[INFO] Iters: 27342,total_loss: 0.060,loss_x: 0.071,loss_u_s: 0.080,loss_u_m: 0.088,loss_u_fp: 0.015,mask_ratio: 0.803
[INFO] Iters: 27404,total_loss: 0.056,loss_x: 0.070,loss_u_s: 0.073,loss_u_m: 0.067,loss_u_fp: 0.013,mask_ratio: 0.803
[INFO] Iters: 27466,total_loss: 0.062,loss_x: 0.075,loss_u_s: 0.082,loss_u_m: 0.079,loss_u_fp: 0.016,mask_ratio: 0.804
[INFO] Iters: 27528,total_loss: 0.062,loss_x: 0.075,loss_u_s: 0.078,loss_u_m: 0.083,loss_u_fp: 0.016,mask_ratio: 0.804
[INFO] Iters: 27590,total_loss: 0.060,loss_x: 0.074,loss_u_s: 0.077,loss_u_m: 0.078,loss_u_fp: 0.014,mask_ratio: 0.802
[INFO] Iters: 27652,total_loss: 0.061,loss_x: 0.077,loss_u_s: 0.075,loss_u_m: 0.075,loss_u_fp: 0.015,mask_ratio: 0.808
[INFO] Iters: 27714,total_loss: 0.067,loss_x: 0.078,loss_u_s: 0.100,loss_u_m: 0.089,loss_u_fp: 0.018,mask_ratio: 0.803
[INFO] ***** Evaluation ***** >>>> Class [0 background] IoU: 94.42
[INFO] ***** Evaluation ***** >>>> Class [1 aeroplane] IoU: 91.51
[INFO] ***** Evaluation ***** >>>> Class [2 bicycle] IoU: 43.90
[INFO] ***** Evaluation ***** >>>> Class [3 bird] IoU: 89.42
[INFO] ***** Evaluation ***** >>>> Class [4 boat] IoU: 73.75
[INFO] ***** Evaluation ***** >>>> Class [5 bottle] IoU: 83.37
[INFO] ***** Evaluation ***** >>>> Class [6 bus] IoU: 95.00
[INFO] ***** Evaluation ***** >>>> Class [7 car] IoU: 88.45
[INFO] ***** Evaluation ***** >>>> Class [8 cat] IoU: 93.76
[INFO] ***** Evaluation ***** >>>> Class [9 chair] IoU: 38.64
[INFO] ***** Evaluation ***** >>>> Class [10 cow] IoU: 90.15
[INFO] ***** Evaluation ***** >>>> Class [11 dining table] IoU: 47.74
[INFO] ***** Evaluation ***** >>>> Class [12 dog] IoU: 88.47
[INFO] ***** Evaluation ***** >>>> Class [13 horse] IoU: 88.43
[INFO] ***** Evaluation ***** >>>> Class [14 motorbike] IoU: 85.52
[INFO] ***** Evaluation ***** >>>> Class [15 person] IoU: 86.08
[INFO] ***** Evaluation ***** >>>> Class [16 potted plant] IoU: 65.16
[INFO] ***** Evaluation ***** >>>> Class [17 sheep] IoU: 89.21
[INFO] ***** Evaluation ***** >>>> Class [18 sofa] IoU: 51.82
[INFO] ***** Evaluation ***** >>>> Class [19 train] IoU: 87.76
[INFO] ***** Evaluation ***** >>>> Class [20 tv/monitor] IoU: 72.73
[INFO] ***** Evaluation ***** original >>>> MeanIoU: 78.35

[INFO] Pseudo-label epoch summary | epoch=55 | masked=0.9626, cov=0.8082, miou=0.6266
[INFO] [DynamicThreshold Overhead] Epoch 55 | Epoch Train Time: 458.7s | Dynamic Threshold Compute Time: 112.95s (24.6% of epoch) | Peak Extra GPU Memory (per batch): 66.2 MB
[INFO] ===========> Epoch: 56, LR: 0.00034, Previous best val_mIOU: 78.62
[INFO] Iters: 27776,total_loss: 0.062,loss_x: 0.076,loss_u_s: 0.076,loss_u_m: 0.078,loss_u_fp: 0.017,mask_ratio: 0.804
[INFO] Iters: 27838,total_loss: 0.056,loss_x: 0.071,loss_u_s: 0.068,loss_u_m: 0.073,loss_u_fp: 0.013,mask_ratio: 0.802
[INFO] Iters: 27900,total_loss: 0.058,loss_x: 0.077,loss_u_s: 0.067,loss_u_m: 0.066,loss_u_fp: 0.013,mask_ratio: 0.810
[INFO] Iters: 27962,total_loss: 0.060,loss_x: 0.070,loss_u_s: 0.085,loss_u_m: 0.087,loss_u_fp: 0.013,mask_ratio: 0.803
[INFO] Iters: 28024,total_loss: 0.063,loss_x: 0.079,loss_u_s: 0.072,loss_u_m: 0.085,loss_u_fp: 0.015,mask_ratio: 0.803
[INFO] Iters: 28086,total_loss: 0.062,loss_x: 0.077,loss_u_s: 0.076,loss_u_m: 0.076,loss_u_fp: 0.015,mask_ratio: 0.797
[INFO] Iters: 28148,total_loss: 0.059,loss_x: 0.074,loss_u_s: 0.076,loss_u_m: 0.071,loss_u_fp: 0.014,mask_ratio: 0.803
[INFO] Iters: 28210,total_loss: 0.060,loss_x: 0.072,loss_u_s: 0.080,loss_u_m: 0.082,loss_u_fp: 0.013,mask_ratio: 0.808
[INFO] ***** Evaluation ***** >>>> Class [0 background] IoU: 94.40
[INFO] ***** Evaluation ***** >>>> Class [1 aeroplane] IoU: 92.63
[INFO] ***** Evaluation ***** >>>> Class [2 bicycle] IoU: 44.77
[INFO] ***** Evaluation ***** >>>> Class [3 bird] IoU: 89.53
[INFO] ***** Evaluation ***** >>>> Class [4 boat] IoU: 72.15
[INFO] ***** Evaluation ***** >>>> Class [5 bottle] IoU: 83.72
[INFO] ***** Evaluation ***** >>>> Class [6 bus] IoU: 95.02
[INFO] ***** Evaluation ***** >>>> Class [7 car] IoU: 88.21
[INFO] ***** Evaluation ***** >>>> Class [8 cat] IoU: 94.09
[INFO] ***** Evaluation ***** >>>> Class [9 chair] IoU: 42.19
[INFO] ***** Evaluation ***** >>>> Class [10 cow] IoU: 90.14
[INFO] ***** Evaluation ***** >>>> Class [11 dining table] IoU: 40.04
[INFO] ***** Evaluation ***** >>>> Class [12 dog] IoU: 89.52
[INFO] ***** Evaluation ***** >>>> Class [13 horse] IoU: 88.71
[INFO] ***** Evaluation ***** >>>> Class [14 motorbike] IoU: 85.81
[INFO] ***** Evaluation ***** >>>> Class [15 person] IoU: 86.09
[INFO] ***** Evaluation ***** >>>> Class [16 potted plant] IoU: 62.18
[INFO] ***** Evaluation ***** >>>> Class [17 sheep] IoU: 89.19
[INFO] ***** Evaluation ***** >>>> Class [18 sofa] IoU: 52.31
[INFO] ***** Evaluation ***** >>>> Class [19 train] IoU: 88.50
[INFO] ***** Evaluation ***** >>>> Class [20 tv/monitor] IoU: 72.80
[INFO] ***** Evaluation ***** original >>>> MeanIoU: 78.19

[INFO] Pseudo-label epoch summary | epoch=56 | masked=0.9622, cov=0.8083, miou=0.6263
[INFO] [DynamicThreshold Overhead] Epoch 56 | Epoch Train Time: 458.0s | Dynamic Threshold Compute Time: 112.78s (24.6% of epoch) | Peak Extra GPU Memory (per batch): 66.1 MB
[INFO] ===========> Epoch: 57, LR: 0.00033, Previous best val_mIOU: 78.62
[INFO] Iters: 28272,total_loss: 0.058,loss_x: 0.072,loss_u_s: 0.076,loss_u_m: 0.068,loss_u_fp: 0.015,mask_ratio: 0.809
[INFO] Iters: 28334,total_loss: 0.061,loss_x: 0.069,loss_u_s: 0.092,loss_u_m: 0.086,loss_u_fp: 0.017,mask_ratio: 0.800
[INFO] Iters: 28396,total_loss: 0.062,loss_x: 0.074,loss_u_s: 0.085,loss_u_m: 0.082,loss_u_fp: 0.017,mask_ratio: 0.804
[INFO] Iters: 28458,total_loss: 0.061,loss_x: 0.074,loss_u_s: 0.077,loss_u_m: 0.077,loss_u_fp: 0.018,mask_ratio: 0.809
[INFO] Iters: 28520,total_loss: 0.061,loss_x: 0.076,loss_u_s: 0.072,loss_u_m: 0.085,loss_u_fp: 0.013,mask_ratio: 0.802
[INFO] Iters: 28582,total_loss: 0.060,loss_x: 0.074,loss_u_s: 0.073,loss_u_m: 0.079,loss_u_fp: 0.016,mask_ratio: 0.803
[INFO] Iters: 28644,total_loss: 0.056,loss_x: 0.069,loss_u_s: 0.070,loss_u_m: 0.074,loss_u_fp: 0.012,mask_ratio: 0.810
[INFO] Iters: 28706,total_loss: 0.059,loss_x: 0.075,loss_u_s: 0.070,loss_u_m: 0.070,loss_u_fp: 0.014,mask_ratio: 0.809
[INFO] ***** Evaluation ***** >>>> Class [0 background] IoU: 94.44
[INFO] ***** Evaluation ***** >>>> Class [1 aeroplane] IoU: 91.93
[INFO] ***** Evaluation ***** >>>> Class [2 bicycle] IoU: 44.29
[INFO] ***** Evaluation ***** >>>> Class [3 bird] IoU: 89.04
[INFO] ***** Evaluation ***** >>>> Class [4 boat] IoU: 72.91
[INFO] ***** Evaluation ***** >>>> Class [5 bottle] IoU: 82.78
[INFO] ***** Evaluation ***** >>>> Class [6 bus] IoU: 95.04
[INFO] ***** Evaluation ***** >>>> Class [7 car] IoU: 87.07
[INFO] ***** Evaluation ***** >>>> Class [8 cat] IoU: 94.01
[INFO] ***** Evaluation ***** >>>> Class [9 chair] IoU: 38.79
[INFO] ***** Evaluation ***** >>>> Class [10 cow] IoU: 85.96
[INFO] ***** Evaluation ***** >>>> Class [11 dining table] IoU: 51.52
[INFO] ***** Evaluation ***** >>>> Class [12 dog] IoU: 89.85
[INFO] ***** Evaluation ***** >>>> Class [13 horse] IoU: 85.84
[INFO] ***** Evaluation ***** >>>> Class [14 motorbike] IoU: 85.26
[INFO] ***** Evaluation ***** >>>> Class [15 person] IoU: 85.80
[INFO] ***** Evaluation ***** >>>> Class [16 potted plant] IoU: 64.78
[INFO] ***** Evaluation ***** >>>> Class [17 sheep] IoU: 88.22
[INFO] ***** Evaluation ***** >>>> Class [18 sofa] IoU: 52.36
[INFO] ***** Evaluation ***** >>>> Class [19 train] IoU: 88.18
[INFO] ***** Evaluation ***** >>>> Class [20 tv/monitor] IoU: 72.86
[INFO] ***** Evaluation ***** original >>>> MeanIoU: 78.14

[INFO] Pseudo-label epoch summary | epoch=57 | masked=0.9617, cov=0.8091, miou=0.6264
[INFO] [DynamicThreshold Overhead] Epoch 57 | Epoch Train Time: 459.4s | Dynamic Threshold Compute Time: 112.56s (24.5% of epoch) | Peak Extra GPU Memory (per batch): 66.9 MB
[INFO] ===========> Epoch: 58, LR: 0.00031, Previous best val_mIOU: 78.62
[INFO] Iters: 28768,total_loss: 0.061,loss_x: 0.077,loss_u_s: 0.076,loss_u_m: 0.081,loss_u_fp: 0.014,mask_ratio: 0.804
[INFO] Iters: 28830,total_loss: 0.057,loss_x: 0.072,loss_u_s: 0.074,loss_u_m: 0.069,loss_u_fp: 0.013,mask_ratio: 0.806
[INFO] Iters: 28892,total_loss: 0.060,loss_x: 0.072,loss_u_s: 0.079,loss_u_m: 0.083,loss_u_fp: 0.015,mask_ratio: 0.803
[INFO] Iters: 28954,total_loss: 0.058,loss_x: 0.075,loss_u_s: 0.071,loss_u_m: 0.067,loss_u_fp: 0.012,mask_ratio: 0.810
[INFO] Iters: 29016,total_loss: 0.058,loss_x: 0.074,loss_u_s: 0.083,loss_u_m: 0.063,loss_u_fp: 0.012,mask_ratio: 0.811
[INFO] Iters: 29078,total_loss: 0.061,loss_x: 0.072,loss_u_s: 0.079,loss_u_m: 0.087,loss_u_fp: 0.016,mask_ratio: 0.805
[INFO] Iters: 29140,total_loss: 0.055,loss_x: 0.068,loss_u_s: 0.075,loss_u_m: 0.069,loss_u_fp: 0.014,mask_ratio: 0.806
[INFO] Iters: 29202,total_loss: 0.059,loss_x: 0.074,loss_u_s: 0.074,loss_u_m: 0.076,loss_u_fp: 0.012,mask_ratio: 0.813
[INFO] ***** Evaluation ***** >>>> Class [0 background] IoU: 94.38
[INFO] ***** Evaluation ***** >>>> Class [1 aeroplane] IoU: 92.66
[INFO] ***** Evaluation ***** >>>> Class [2 bicycle] IoU: 43.56
[INFO] ***** Evaluation ***** >>>> Class [3 bird] IoU: 89.90
[INFO] ***** Evaluation ***** >>>> Class [4 boat] IoU: 72.91
[INFO] ***** Evaluation ***** >>>> Class [5 bottle] IoU: 84.26
[INFO] ***** Evaluation ***** >>>> Class [6 bus] IoU: 95.01
[INFO] ***** Evaluation ***** >>>> Class [7 car] IoU: 87.96
[INFO] ***** Evaluation ***** >>>> Class [8 cat] IoU: 93.86
[INFO] ***** Evaluation ***** >>>> Class [9 chair] IoU: 41.42
[INFO] ***** Evaluation ***** >>>> Class [10 cow] IoU: 85.60
[INFO] ***** Evaluation ***** >>>> Class [11 dining table] IoU: 48.62
[INFO] ***** Evaluation ***** >>>> Class [12 dog] IoU: 88.80
[INFO] ***** Evaluation ***** >>>> Class [13 horse] IoU: 86.01
[INFO] ***** Evaluation ***** >>>> Class [14 motorbike] IoU: 85.70
[INFO] ***** Evaluation ***** >>>> Class [15 person] IoU: 85.81
[INFO] ***** Evaluation ***** >>>> Class [16 potted plant] IoU: 63.35
[INFO] ***** Evaluation ***** >>>> Class [17 sheep] IoU: 88.48
[INFO] ***** Evaluation ***** >>>> Class [18 sofa] IoU: 49.83
[INFO] ***** Evaluation ***** >>>> Class [19 train] IoU: 88.77
[INFO] ***** Evaluation ***** >>>> Class [20 tv/monitor] IoU: 73.34
[INFO] ***** Evaluation ***** original >>>> MeanIoU: 78.11

[INFO] Pseudo-label epoch summary | epoch=58 | masked=0.9637, cov=0.8116, miou=0.6374
[INFO] [DynamicThreshold Overhead] Epoch 58 | Epoch Train Time: 458.2s | Dynamic Threshold Compute Time: 112.88s (24.6% of epoch) | Peak Extra GPU Memory (per batch): 66.6 MB
[INFO] ===========> Epoch: 59, LR: 0.00030, Previous best val_mIOU: 78.62
[INFO] Iters: 29264,total_loss: 0.063,loss_x: 0.077,loss_u_s: 0.088,loss_u_m: 0.081,loss_u_fp: 0.013,mask_ratio: 0.808
[INFO] Iters: 29326,total_loss: 0.062,loss_x: 0.072,loss_u_s: 0.088,loss_u_m: 0.092,loss_u_fp: 0.015,mask_ratio: 0.798
[INFO] Iters: 29388,total_loss: 0.057,loss_x: 0.070,loss_u_s: 0.073,loss_u_m: 0.074,loss_u_fp: 0.016,mask_ratio: 0.804
[INFO] Iters: 29450,total_loss: 0.057,loss_x: 0.069,loss_u_s: 0.075,loss_u_m: 0.076,loss_u_fp: 0.014,mask_ratio: 0.808
[INFO] Iters: 29512,total_loss: 0.055,loss_x: 0.071,loss_u_s: 0.064,loss_u_m: 0.061,loss_u_fp: 0.016,mask_ratio: 0.814
[INFO] Iters: 29574,total_loss: 0.062,loss_x: 0.076,loss_u_s: 0.081,loss_u_m: 0.084,loss_u_fp: 0.013,mask_ratio: 0.809
[INFO] Iters: 29636,total_loss: 0.057,loss_x: 0.073,loss_u_s: 0.068,loss_u_m: 0.070,loss_u_fp: 0.012,mask_ratio: 0.809
[INFO] Iters: 29698,total_loss: 0.063,loss_x: 0.079,loss_u_s: 0.076,loss_u_m: 0.086,loss_u_fp: 0.013,mask_ratio: 0.808
[INFO] ***** Evaluation ***** >>>> Class [0 background] IoU: 94.19
[INFO] ***** Evaluation ***** >>>> Class [1 aeroplane] IoU: 92.28
[INFO] ***** Evaluation ***** >>>> Class [2 bicycle] IoU: 43.83
[INFO] ***** Evaluation ***** >>>> Class [3 bird] IoU: 90.49
[INFO] ***** Evaluation ***** >>>> Class [4 boat] IoU: 72.79
[INFO] ***** Evaluation ***** >>>> Class [5 bottle] IoU: 83.76
[INFO] ***** Evaluation ***** >>>> Class [6 bus] IoU: 94.85
[INFO] ***** Evaluation ***** >>>> Class [7 car] IoU: 88.22
[INFO] ***** Evaluation ***** >>>> Class [8 cat] IoU: 94.05
[INFO] ***** Evaluation ***** >>>> Class [9 chair] IoU: 36.48
[INFO] ***** Evaluation ***** >>>> Class [10 cow] IoU: 86.74
[INFO] ***** Evaluation ***** >>>> Class [11 dining table] IoU: 37.73
[INFO] ***** Evaluation ***** >>>> Class [12 dog] IoU: 89.50
[INFO] ***** Evaluation ***** >>>> Class [13 horse] IoU: 85.70
[INFO] ***** Evaluation ***** >>>> Class [14 motorbike] IoU: 86.52
[INFO] ***** Evaluation ***** >>>> Class [15 person] IoU: 85.68
[INFO] ***** Evaluation ***** >>>> Class [16 potted plant] IoU: 63.79
[INFO] ***** Evaluation ***** >>>> Class [17 sheep] IoU: 89.48
[INFO] ***** Evaluation ***** >>>> Class [18 sofa] IoU: 48.48
[INFO] ***** Evaluation ***** >>>> Class [19 train] IoU: 89.74
[INFO] ***** Evaluation ***** >>>> Class [20 tv/monitor] IoU: 73.45
[INFO] ***** Evaluation ***** original >>>> MeanIoU: 77.51

[INFO] Pseudo-label epoch summary | epoch=59 | masked=0.9607, cov=0.8112, miou=0.6313
[INFO] [DynamicThreshold Overhead] Epoch 59 | Epoch Train Time: 457.5s | Dynamic Threshold Compute Time: 112.93s (24.7% of epoch) | Peak Extra GPU Memory (per batch): 66.8 MB
[INFO] ===========> Epoch: 60, LR: 0.00029, Previous best val_mIOU: 78.62
[INFO] Iters: 29760,total_loss: 0.061,loss_x: 0.075,loss_u_s: 0.088,loss_u_m: 0.075,loss_u_fp: 0.014,mask_ratio: 0.806
[INFO] Iters: 29822,total_loss: 0.058,loss_x: 0.072,loss_u_s: 0.071,loss_u_m: 0.087,loss_u_fp: 0.010,mask_ratio: 0.808
[INFO] Iters: 29884,total_loss: 0.058,loss_x: 0.070,loss_u_s: 0.071,loss_u_m: 0.082,loss_u_fp: 0.016,mask_ratio: 0.803
[INFO] Iters: 29946,total_loss: 0.059,loss_x: 0.070,loss_u_s: 0.080,loss_u_m: 0.083,loss_u_fp: 0.014,mask_ratio: 0.803
[INFO] Iters: 30008,total_loss: 0.060,loss_x: 0.077,loss_u_s: 0.069,loss_u_m: 0.074,loss_u_fp: 0.014,mask_ratio: 0.807
[INFO] Iters: 30070,total_loss: 0.061,loss_x: 0.076,loss_u_s: 0.085,loss_u_m: 0.076,loss_u_fp: 0.014,mask_ratio: 0.803
[INFO] Iters: 30132,total_loss: 0.058,loss_x: 0.073,loss_u_s: 0.073,loss_u_m: 0.070,loss_u_fp: 0.015,mask_ratio: 0.808
[INFO] Iters: 30194,total_loss: 0.056,loss_x: 0.071,loss_u_s: 0.072,loss_u_m: 0.069,loss_u_fp: 0.014,mask_ratio: 0.809
[INFO] ***** Evaluation ***** >>>> Class [0 background] IoU: 94.27
[INFO] ***** Evaluation ***** >>>> Class [1 aeroplane] IoU: 92.46
[INFO] ***** Evaluation ***** >>>> Class [2 bicycle] IoU: 44.43
[INFO] ***** Evaluation ***** >>>> Class [3 bird] IoU: 90.00
[INFO] ***** Evaluation ***** >>>> Class [4 boat] IoU: 72.42
[INFO] ***** Evaluation ***** >>>> Class [5 bottle] IoU: 82.92
[INFO] ***** Evaluation ***** >>>> Class [6 bus] IoU: 94.96
[INFO] ***** Evaluation ***** >>>> Class [7 car] IoU: 86.53
[INFO] ***** Evaluation ***** >>>> Class [8 cat] IoU: 94.07
[INFO] ***** Evaluation ***** >>>> Class [9 chair] IoU: 37.98
[INFO] ***** Evaluation ***** >>>> Class [10 cow] IoU: 89.74
[INFO] ***** Evaluation ***** >>>> Class [11 dining table] IoU: 47.06
[INFO] ***** Evaluation ***** >>>> Class [12 dog] IoU: 89.91
[INFO] ***** Evaluation ***** >>>> Class [13 horse] IoU: 89.19
[INFO] ***** Evaluation ***** >>>> Class [14 motorbike] IoU: 84.01
[INFO] ***** Evaluation ***** >>>> Class [15 person] IoU: 85.56
[INFO] ***** Evaluation ***** >>>> Class [16 potted plant] IoU: 64.52
[INFO] ***** Evaluation ***** >>>> Class [17 sheep] IoU: 87.22
[INFO] ***** Evaluation ***** >>>> Class [18 sofa] IoU: 49.78
[INFO] ***** Evaluation ***** >>>> Class [19 train] IoU: 89.33
[INFO] ***** Evaluation ***** >>>> Class [20 tv/monitor] IoU: 73.49
[INFO] ***** Evaluation ***** original >>>> MeanIoU: 78.09

[INFO] Pseudo-label epoch summary | epoch=60 | masked=0.9625, cov=0.8103, miou=0.6274
[INFO] [DynamicThreshold Overhead] Epoch 60 | Epoch Train Time: 458.3s | Dynamic Threshold Compute Time: 112.81s (24.6% of epoch) | Peak Extra GPU Memory (per batch): 67.1 MB
[INFO] ===========> Epoch: 61, LR: 0.00027, Previous best val_mIOU: 78.62
[INFO] Iters: 30256,total_loss: 0.059,loss_x: 0.075,loss_u_s: 0.070,loss_u_m: 0.077,loss_u_fp: 0.014,mask_ratio: 0.810
[INFO] Iters: 30318,total_loss: 0.061,loss_x: 0.070,loss_u_s: 0.083,loss_u_m: 0.091,loss_u_fp: 0.018,mask_ratio: 0.809
[INFO] Iters: 30380,total_loss: 0.059,loss_x: 0.070,loss_u_s: 0.074,loss_u_m: 0.080,loss_u_fp: 0.017,mask_ratio: 0.807
[INFO] Iters: 30442,total_loss: 0.058,loss_x: 0.069,loss_u_s: 0.079,loss_u_m: 0.083,loss_u_fp: 0.013,mask_ratio: 0.812
[INFO] Iters: 30504,total_loss: 0.055,loss_x: 0.070,loss_u_s: 0.066,loss_u_m: 0.068,loss_u_fp: 0.012,mask_ratio: 0.808
[INFO] Iters: 30566,total_loss: 0.059,loss_x: 0.071,loss_u_s: 0.083,loss_u_m: 0.073,loss_u_fp: 0.015,mask_ratio: 0.810
[INFO] Iters: 30628,total_loss: 0.057,loss_x: 0.072,loss_u_s: 0.072,loss_u_m: 0.073,loss_u_fp: 0.014,mask_ratio: 0.810
[INFO] Iters: 30690,total_loss: 0.060,loss_x: 0.074,loss_u_s: 0.088,loss_u_m: 0.073,loss_u_fp: 0.013,mask_ratio: 0.809
[INFO] ***** Evaluation ***** >>>> Class [0 background] IoU: 94.37
[INFO] ***** Evaluation ***** >>>> Class [1 aeroplane] IoU: 91.45
[INFO] ***** Evaluation ***** >>>> Class [2 bicycle] IoU: 44.26
[INFO] ***** Evaluation ***** >>>> Class [3 bird] IoU: 89.62
[INFO] ***** Evaluation ***** >>>> Class [4 boat] IoU: 73.65
[INFO] ***** Evaluation ***** >>>> Class [5 bottle] IoU: 83.70
[INFO] ***** Evaluation ***** >>>> Class [6 bus] IoU: 94.80
[INFO] ***** Evaluation ***** >>>> Class [7 car] IoU: 88.12
[INFO] ***** Evaluation ***** >>>> Class [8 cat] IoU: 93.78
[INFO] ***** Evaluation ***** >>>> Class [9 chair] IoU: 37.77
[INFO] ***** Evaluation ***** >>>> Class [10 cow] IoU: 88.84
[INFO] ***** Evaluation ***** >>>> Class [11 dining table] IoU: 47.89
[INFO] ***** Evaluation ***** >>>> Class [12 dog] IoU: 89.42
[INFO] ***** Evaluation ***** >>>> Class [13 horse] IoU: 88.16
[INFO] ***** Evaluation ***** >>>> Class [14 motorbike] IoU: 85.65
[INFO] ***** Evaluation ***** >>>> Class [15 person] IoU: 86.16
[INFO] ***** Evaluation ***** >>>> Class [16 potted plant] IoU: 63.32
[INFO] ***** Evaluation ***** >>>> Class [17 sheep] IoU: 87.44
[INFO] ***** Evaluation ***** >>>> Class [18 sofa] IoU: 48.27
[INFO] ***** Evaluation ***** >>>> Class [19 train] IoU: 89.01
[INFO] ***** Evaluation ***** >>>> Class [20 tv/monitor] IoU: 73.64
[INFO] ***** Evaluation ***** original >>>> MeanIoU: 78.06

[INFO] Pseudo-label epoch summary | epoch=61 | masked=0.9618, cov=0.8136, miou=0.6342
[INFO] [DynamicThreshold Overhead] Epoch 61 | Epoch Train Time: 457.7s | Dynamic Threshold Compute Time: 112.98s (24.7% of epoch) | Peak Extra GPU Memory (per batch): 67.5 MB
[INFO] ===========> Epoch: 62, LR: 0.00026, Previous best val_mIOU: 78.62
[INFO] Iters: 30752,total_loss: 0.057,loss_x: 0.073,loss_u_s: 0.071,loss_u_m: 0.063,loss_u_fp: 0.013,mask_ratio: 0.812
[INFO] Iters: 30814,total_loss: 0.058,loss_x: 0.072,loss_u_s: 0.071,loss_u_m: 0.075,loss_u_fp: 0.016,mask_ratio: 0.810
[INFO] Iters: 30876,total_loss: 0.057,loss_x: 0.070,loss_u_s: 0.077,loss_u_m: 0.068,loss_u_fp: 0.014,mask_ratio: 0.806
[INFO] Iters: 30938,total_loss: 0.057,loss_x: 0.071,loss_u_s: 0.070,loss_u_m: 0.072,loss_u_fp: 0.015,mask_ratio: 0.812
[INFO] Iters: 31000,total_loss: 0.055,loss_x: 0.069,loss_u_s: 0.072,loss_u_m: 0.063,loss_u_fp: 0.013,mask_ratio: 0.809
[INFO] Iters: 31062,total_loss: 0.060,loss_x: 0.077,loss_u_s: 0.071,loss_u_m: 0.076,loss_u_fp: 0.014,mask_ratio: 0.809
[INFO] Iters: 31124,total_loss: 0.061,loss_x: 0.078,loss_u_s: 0.074,loss_u_m: 0.074,loss_u_fp: 0.014,mask_ratio: 0.808
[INFO] Iters: 31186,total_loss: 0.061,loss_x: 0.075,loss_u_s: 0.080,loss_u_m: 0.076,loss_u_fp: 0.014,mask_ratio: 0.805
[INFO] ***** Evaluation ***** >>>> Class [0 background] IoU: 94.29
[INFO] ***** Evaluation ***** >>>> Class [1 aeroplane] IoU: 92.16
[INFO] ***** Evaluation ***** >>>> Class [2 bicycle] IoU: 44.17
[INFO] ***** Evaluation ***** >>>> Class [3 bird] IoU: 89.92
[INFO] ***** Evaluation ***** >>>> Class [4 boat] IoU: 73.26
[INFO] ***** Evaluation ***** >>>> Class [5 bottle] IoU: 83.74
[INFO] ***** Evaluation ***** >>>> Class [6 bus] IoU: 94.96
[INFO] ***** Evaluation ***** >>>> Class [7 car] IoU: 88.06
[INFO] ***** Evaluation ***** >>>> Class [8 cat] IoU: 94.36
[INFO] ***** Evaluation ***** >>>> Class [9 chair] IoU: 39.60
[INFO] ***** Evaluation ***** >>>> Class [10 cow] IoU: 89.94
[INFO] ***** Evaluation ***** >>>> Class [11 dining table] IoU: 44.85
[INFO] ***** Evaluation ***** >>>> Class [12 dog] IoU: 89.99
[INFO] ***** Evaluation ***** >>>> Class [13 horse] IoU: 87.89
[INFO] ***** Evaluation ***** >>>> Class [14 motorbike] IoU: 86.22
[INFO] ***** Evaluation ***** >>>> Class [15 person] IoU: 86.20
[INFO] ***** Evaluation ***** >>>> Class [16 potted plant] IoU: 59.14
[INFO] ***** Evaluation ***** >>>> Class [17 sheep] IoU: 89.88
[INFO] ***** Evaluation ***** >>>> Class [18 sofa] IoU: 48.32
[INFO] ***** Evaluation ***** >>>> Class [19 train] IoU: 88.92
[INFO] ***** Evaluation ***** >>>> Class [20 tv/monitor] IoU: 73.81
[INFO] ***** Evaluation ***** original >>>> MeanIoU: 78.08

[INFO] Pseudo-label epoch summary | epoch=62 | masked=0.9641, cov=0.8120, miou=0.6344
[INFO] [DynamicThreshold Overhead] Epoch 62 | Epoch Train Time: 458.4s | Dynamic Threshold Compute Time: 112.99s (24.7% of epoch) | Peak Extra GPU Memory (per batch): 66.7 MB
[INFO] ===========> Epoch: 63, LR: 0.00025, Previous best val_mIOU: 78.62
[INFO] Iters: 31248,total_loss: 0.060,loss_x: 0.078,loss_u_s: 0.068,loss_u_m: 0.074,loss_u_fp: 0.014,mask_ratio: 0.805
[INFO] Iters: 31310,total_loss: 0.059,loss_x: 0.075,loss_u_s: 0.076,loss_u_m: 0.068,loss_u_fp: 0.015,mask_ratio: 0.806
[INFO] Iters: 31372,total_loss: 0.061,loss_x: 0.074,loss_u_s: 0.089,loss_u_m: 0.078,loss_u_fp: 0.014,mask_ratio: 0.807
[INFO] Iters: 31434,total_loss: 0.057,loss_x: 0.070,loss_u_s: 0.069,loss_u_m: 0.073,loss_u_fp: 0.016,mask_ratio: 0.806
[INFO] Iters: 31496,total_loss: 0.055,loss_x: 0.070,loss_u_s: 0.064,loss_u_m: 0.073,loss_u_fp: 0.012,mask_ratio: 0.813
[INFO] Iters: 31558,total_loss: 0.057,loss_x: 0.070,loss_u_s: 0.075,loss_u_m: 0.072,loss_u_fp: 0.013,mask_ratio: 0.811
[INFO] Iters: 31620,total_loss: 0.055,loss_x: 0.069,loss_u_s: 0.066,loss_u_m: 0.072,loss_u_fp: 0.013,mask_ratio: 0.812
[INFO] Iters: 31682,total_loss: 0.061,loss_x: 0.073,loss_u_s: 0.076,loss_u_m: 0.091,loss_u_fp: 0.017,mask_ratio: 0.800
[INFO] ***** Evaluation ***** >>>> Class [0 background] IoU: 94.39
[INFO] ***** Evaluation ***** >>>> Class [1 aeroplane] IoU: 92.55
[INFO] ***** Evaluation ***** >>>> Class [2 bicycle] IoU: 43.79
[INFO] ***** Evaluation ***** >>>> Class [3 bird] IoU: 89.78
[INFO] ***** Evaluation ***** >>>> Class [4 boat] IoU: 71.45
[INFO] ***** Evaluation ***** >>>> Class [5 bottle] IoU: 82.81
[INFO] ***** Evaluation ***** >>>> Class [6 bus] IoU: 95.14
[INFO] ***** Evaluation ***** >>>> Class [7 car] IoU: 87.30
[INFO] ***** Evaluation ***** >>>> Class [8 cat] IoU: 94.42
[INFO] ***** Evaluation ***** >>>> Class [9 chair] IoU: 39.34
[INFO] ***** Evaluation ***** >>>> Class [10 cow] IoU: 87.92
[INFO] ***** Evaluation ***** >>>> Class [11 dining table] IoU: 51.78
[INFO] ***** Evaluation ***** >>>> Class [12 dog] IoU: 89.39
[INFO] ***** Evaluation ***** >>>> Class [13 horse] IoU: 85.81
[INFO] ***** Evaluation ***** >>>> Class [14 motorbike] IoU: 85.27
[INFO] ***** Evaluation ***** >>>> Class [15 person] IoU: 86.04
[INFO] ***** Evaluation ***** >>>> Class [16 potted plant] IoU: 59.33
[INFO] ***** Evaluation ***** >>>> Class [17 sheep] IoU: 87.90
[INFO] ***** Evaluation ***** >>>> Class [18 sofa] IoU: 48.47
[INFO] ***** Evaluation ***** >>>> Class [19 train] IoU: 90.35
[INFO] ***** Evaluation ***** >>>> Class [20 tv/monitor] IoU: 73.33
[INFO] ***** Evaluation ***** original >>>> MeanIoU: 77.93

[INFO] Pseudo-label epoch summary | epoch=63 | masked=0.9616, cov=0.8115, miou=0.6335
[INFO] [DynamicThreshold Overhead] Epoch 63 | Epoch Train Time: 458.9s | Dynamic Threshold Compute Time: 112.74s (24.6% of epoch) | Peak Extra GPU Memory (per batch): 66.8 MB
[INFO] ===========> Epoch: 64, LR: 0.00023, Previous best val_mIOU: 78.62
[INFO] Iters: 31744,total_loss: 0.057,loss_x: 0.071,loss_u_s: 0.082,loss_u_m: 0.065,loss_u_fp: 0.014,mask_ratio: 0.805
[INFO] Iters: 31806,total_loss: 0.056,loss_x: 0.070,loss_u_s: 0.067,loss_u_m: 0.075,loss_u_fp: 0.014,mask_ratio: 0.811
[INFO] Iters: 31868,total_loss: 0.059,loss_x: 0.072,loss_u_s: 0.081,loss_u_m: 0.078,loss_u_fp: 0.014,mask_ratio: 0.805
[INFO] Iters: 31930,total_loss: 0.058,loss_x: 0.072,loss_u_s: 0.078,loss_u_m: 0.071,loss_u_fp: 0.013,mask_ratio: 0.804
[INFO] Iters: 31992,total_loss: 0.055,loss_x: 0.071,loss_u_s: 0.060,loss_u_m: 0.071,loss_u_fp: 0.013,mask_ratio: 0.814
[INFO] Iters: 32054,total_loss: 0.060,loss_x: 0.070,loss_u_s: 0.086,loss_u_m: 0.081,loss_u_fp: 0.016,mask_ratio: 0.809
[INFO] Iters: 32116,total_loss: 0.057,loss_x: 0.070,loss_u_s: 0.067,loss_u_m: 0.079,loss_u_fp: 0.016,mask_ratio: 0.811
[INFO] Iters: 32178,total_loss: 0.055,loss_x: 0.068,loss_u_s: 0.066,loss_u_m: 0.078,loss_u_fp: 0.014,mask_ratio: 0.813
[INFO] ***** Evaluation ***** >>>> Class [0 background] IoU: 94.35
[INFO] ***** Evaluation ***** >>>> Class [1 aeroplane] IoU: 92.34
[INFO] ***** Evaluation ***** >>>> Class [2 bicycle] IoU: 43.96
[INFO] ***** Evaluation ***** >>>> Class [3 bird] IoU: 90.53
[INFO] ***** Evaluation ***** >>>> Class [4 boat] IoU: 72.15
[INFO] ***** Evaluation ***** >>>> Class [5 bottle] IoU: 83.23
[INFO] ***** Evaluation ***** >>>> Class [6 bus] IoU: 94.96
[INFO] ***** Evaluation ***** >>>> Class [7 car] IoU: 87.66
[INFO] ***** Evaluation ***** >>>> Class [8 cat] IoU: 94.14
[INFO] ***** Evaluation ***** >>>> Class [9 chair] IoU: 40.70
[INFO] ***** Evaluation ***** >>>> Class [10 cow] IoU: 87.88
[INFO] ***** Evaluation ***** >>>> Class [11 dining table] IoU: 47.07
[INFO] ***** Evaluation ***** >>>> Class [12 dog] IoU: 90.32
[INFO] ***** Evaluation ***** >>>> Class [13 horse] IoU: 88.25
[INFO] ***** Evaluation ***** >>>> Class [14 motorbike] IoU: 84.84
[INFO] ***** Evaluation ***** >>>> Class [15 person] IoU: 86.21
[INFO] ***** Evaluation ***** >>>> Class [16 potted plant] IoU: 59.92
[INFO] ***** Evaluation ***** >>>> Class [17 sheep] IoU: 85.67
[INFO] ***** Evaluation ***** >>>> Class [18 sofa] IoU: 49.60
[INFO] ***** Evaluation ***** >>>> Class [19 train] IoU: 88.86
[INFO] ***** Evaluation ***** >>>> Class [20 tv/monitor] IoU: 73.20
[INFO] ***** Evaluation ***** original >>>> MeanIoU: 77.90

[INFO] Pseudo-label epoch summary | epoch=64 | masked=0.9623, cov=0.8127, miou=0.6328
[INFO] [DynamicThreshold Overhead] Epoch 64 | Epoch Train Time: 458.7s | Dynamic Threshold Compute Time: 112.72s (24.6% of epoch) | Peak Extra GPU Memory (per batch): 66.9 MB
[INFO] ===========> Epoch: 65, LR: 0.00022, Previous best val_mIOU: 78.62
[INFO] Iters: 32240,total_loss: 0.060,loss_x: 0.071,loss_u_s: 0.086,loss_u_m: 0.077,loss_u_fp: 0.016,mask_ratio: 0.803
[INFO] Iters: 32302,total_loss: 0.057,loss_x: 0.069,loss_u_s: 0.069,loss_u_m: 0.077,loss_u_fp: 0.015,mask_ratio: 0.810
[INFO] Iters: 32364,total_loss: 0.057,loss_x: 0.073,loss_u_s: 0.068,loss_u_m: 0.073,loss_u_fp: 0.011,mask_ratio: 0.815
[INFO] Iters: 32426,total_loss: 0.060,loss_x: 0.073,loss_u_s: 0.081,loss_u_m: 0.080,loss_u_fp: 0.014,mask_ratio: 0.813
[INFO] Iters: 32488,total_loss: 0.057,loss_x: 0.069,loss_u_s: 0.078,loss_u_m: 0.075,loss_u_fp: 0.013,mask_ratio: 0.808
[INFO] Iters: 32550,total_loss: 0.055,loss_x: 0.068,loss_u_s: 0.075,loss_u_m: 0.068,loss_u_fp: 0.014,mask_ratio: 0.814
[INFO] Iters: 32612,total_loss: 0.058,loss_x: 0.068,loss_u_s: 0.073,loss_u_m: 0.080,loss_u_fp: 0.018,mask_ratio: 0.808
[INFO] Iters: 32674,total_loss: 0.057,loss_x: 0.070,loss_u_s: 0.076,loss_u_m: 0.072,loss_u_fp: 0.015,mask_ratio: 0.809
[INFO] ***** Evaluation ***** >>>> Class [0 background] IoU: 94.45
[INFO] ***** Evaluation ***** >>>> Class [1 aeroplane] IoU: 91.80
[INFO] ***** Evaluation ***** >>>> Class [2 bicycle] IoU: 44.08
[INFO] ***** Evaluation ***** >>>> Class [3 bird] IoU: 89.77
[INFO] ***** Evaluation ***** >>>> Class [4 boat] IoU: 73.30
[INFO] ***** Evaluation ***** >>>> Class [5 bottle] IoU: 83.33
[INFO] ***** Evaluation ***** >>>> Class [6 bus] IoU: 94.93
[INFO] ***** Evaluation ***** >>>> Class [7 car] IoU: 88.36
[INFO] ***** Evaluation ***** >>>> Class [8 cat] IoU: 94.37
[INFO] ***** Evaluation ***** >>>> Class [9 chair] IoU: 40.50
[INFO] ***** Evaluation ***** >>>> Class [10 cow] IoU: 89.84
[INFO] ***** Evaluation ***** >>>> Class [11 dining table] IoU: 47.50
[INFO] ***** Evaluation ***** >>>> Class [12 dog] IoU: 90.04
[INFO] ***** Evaluation ***** >>>> Class [13 horse] IoU: 88.18
[INFO] ***** Evaluation ***** >>>> Class [14 motorbike] IoU: 85.95
[INFO] ***** Evaluation ***** >>>> Class [15 person] IoU: 86.10
[INFO] ***** Evaluation ***** >>>> Class [16 potted plant] IoU: 58.72
[INFO] ***** Evaluation ***** >>>> Class [17 sheep] IoU: 89.20
[INFO] ***** Evaluation ***** >>>> Class [18 sofa] IoU: 55.04
[INFO] ***** Evaluation ***** >>>> Class [19 train] IoU: 89.31
[INFO] ***** Evaluation ***** >>>> Class [20 tv/monitor] IoU: 72.76
[INFO] ***** Evaluation ***** original >>>> MeanIoU: 78.45

[INFO] Pseudo-label epoch summary | epoch=65 | masked=0.9612, cov=0.8146, miou=0.6309
[INFO] [DynamicThreshold Overhead] Epoch 65 | Epoch Train Time: 458.3s | Dynamic Threshold Compute Time: 112.81s (24.6% of epoch) | Peak Extra GPU Memory (per batch): 66.4 MB
[INFO] ===========> Epoch: 66, LR: 0.00021, Previous best val_mIOU: 78.62
[INFO] Iters: 32736,total_loss: 0.056,loss_x: 0.067,loss_u_s: 0.076,loss_u_m: 0.073,loss_u_fp: 0.015,mask_ratio: 0.809
[INFO] Iters: 32798,total_loss: 0.054,loss_x: 0.070,loss_u_s: 0.063,loss_u_m: 0.063,loss_u_fp: 0.013,mask_ratio: 0.808
[INFO] Iters: 32860,total_loss: 0.059,loss_x: 0.072,loss_u_s: 0.071,loss_u_m: 0.085,loss_u_fp: 0.013,mask_ratio: 0.813
[INFO] Iters: 32922,total_loss: 0.059,loss_x: 0.072,loss_u_s: 0.076,loss_u_m: 0.080,loss_u_fp: 0.014,mask_ratio: 0.808
[INFO] Iters: 32984,total_loss: 0.059,loss_x: 0.073,loss_u_s: 0.083,loss_u_m: 0.071,loss_u_fp: 0.015,mask_ratio: 0.809
[INFO] Iters: 33046,total_loss: 0.058,loss_x: 0.066,loss_u_s: 0.097,loss_u_m: 0.078,loss_u_fp: 0.015,mask_ratio: 0.800
[INFO] Iters: 33108,total_loss: 0.057,loss_x: 0.071,loss_u_s: 0.067,loss_u_m: 0.072,loss_u_fp: 0.015,mask_ratio: 0.808
[INFO] Iters: 33170,total_loss: 0.062,loss_x: 0.076,loss_u_s: 0.082,loss_u_m: 0.085,loss_u_fp: 0.012,mask_ratio: 0.810
[INFO] ***** Evaluation ***** >>>> Class [0 background] IoU: 94.37
[INFO] ***** Evaluation ***** >>>> Class [1 aeroplane] IoU: 91.54
[INFO] ***** Evaluation ***** >>>> Class [2 bicycle] IoU: 44.30
[INFO] ***** Evaluation ***** >>>> Class [3 bird] IoU: 90.16
[INFO] ***** Evaluation ***** >>>> Class [4 boat] IoU: 72.38
[INFO] ***** Evaluation ***** >>>> Class [5 bottle] IoU: 82.11
[INFO] ***** Evaluation ***** >>>> Class [6 bus] IoU: 95.10
[INFO] ***** Evaluation ***** >>>> Class [7 car] IoU: 88.68
[INFO] ***** Evaluation ***** >>>> Class [8 cat] IoU: 94.14
[INFO] ***** Evaluation ***** >>>> Class [9 chair] IoU: 40.22
[INFO] ***** Evaluation ***** >>>> Class [10 cow] IoU: 87.22
[INFO] ***** Evaluation ***** >>>> Class [11 dining table] IoU: 44.16
[INFO] ***** Evaluation ***** >>>> Class [12 dog] IoU: 89.63
[INFO] ***** Evaluation ***** >>>> Class [13 horse] IoU: 87.32
[INFO] ***** Evaluation ***** >>>> Class [14 motorbike] IoU: 86.21
[INFO] ***** Evaluation ***** >>>> Class [15 person] IoU: 86.21
[INFO] ***** Evaluation ***** >>>> Class [16 potted plant] IoU: 60.78
[INFO] ***** Evaluation ***** >>>> Class [17 sheep] IoU: 89.54
[INFO] ***** Evaluation ***** >>>> Class [18 sofa] IoU: 53.51
[INFO] ***** Evaluation ***** >>>> Class [19 train] IoU: 88.99
[INFO] ***** Evaluation ***** >>>> Class [20 tv/monitor] IoU: 73.38
[INFO] ***** Evaluation ***** original >>>> MeanIoU: 78.09

[INFO] Pseudo-label epoch summary | epoch=66 | masked=0.9624, cov=0.8122, miou=0.6300
[INFO] [DynamicThreshold Overhead] Epoch 66 | Epoch Train Time: 458.5s | Dynamic Threshold Compute Time: 112.87s (24.6% of epoch) | Peak Extra GPU Memory (per batch): 66.9 MB
[INFO] ===========> Epoch: 67, LR: 0.00019, Previous best val_mIOU: 78.62
[INFO] Iters: 33232,total_loss: 0.054,loss_x: 0.068,loss_u_s: 0.063,loss_u_m: 0.067,loss_u_fp: 0.013,mask_ratio: 0.811
[INFO] Iters: 33294,total_loss: 0.056,loss_x: 0.071,loss_u_s: 0.063,loss_u_m: 0.073,loss_u_fp: 0.015,mask_ratio: 0.811
[INFO] Iters: 33356,total_loss: 0.057,loss_x: 0.071,loss_u_s: 0.077,loss_u_m: 0.071,loss_u_fp: 0.013,mask_ratio: 0.810
[INFO] Iters: 33418,total_loss: 0.057,loss_x: 0.071,loss_u_s: 0.070,loss_u_m: 0.071,loss_u_fp: 0.013,mask_ratio: 0.814
[INFO] Iters: 33480,total_loss: 0.056,loss_x: 0.070,loss_u_s: 0.076,loss_u_m: 0.067,loss_u_fp: 0.013,mask_ratio: 0.810
[INFO] Iters: 33542,total_loss: 0.057,loss_x: 0.072,loss_u_s: 0.071,loss_u_m: 0.075,loss_u_fp: 0.010,mask_ratio: 0.810
[INFO] Iters: 33604,total_loss: 0.057,loss_x: 0.069,loss_u_s: 0.079,loss_u_m: 0.077,loss_u_fp: 0.014,mask_ratio: 0.804
[INFO] Iters: 33666,total_loss: 0.056,loss_x: 0.071,loss_u_s: 0.072,loss_u_m: 0.067,loss_u_fp: 0.012,mask_ratio: 0.809
[INFO] ***** Evaluation ***** >>>> Class [0 background] IoU: 94.50
[INFO] ***** Evaluation ***** >>>> Class [1 aeroplane] IoU: 92.34
[INFO] ***** Evaluation ***** >>>> Class [2 bicycle] IoU: 43.88
[INFO] ***** Evaluation ***** >>>> Class [3 bird] IoU: 89.67
[INFO] ***** Evaluation ***** >>>> Class [4 boat] IoU: 73.08
[INFO] ***** Evaluation ***** >>>> Class [5 bottle] IoU: 82.46
[INFO] ***** Evaluation ***** >>>> Class [6 bus] IoU: 94.84
[INFO] ***** Evaluation ***** >>>> Class [7 car] IoU: 88.28
[INFO] ***** Evaluation ***** >>>> Class [8 cat] IoU: 94.23
[INFO] ***** Evaluation ***** >>>> Class [9 chair] IoU: 38.14
[INFO] ***** Evaluation ***** >>>> Class [10 cow] IoU: 88.08
[INFO] ***** Evaluation ***** >>>> Class [11 dining table] IoU: 52.25
[INFO] ***** Evaluation ***** >>>> Class [12 dog] IoU: 89.31
[INFO] ***** Evaluation ***** >>>> Class [13 horse] IoU: 86.78
[INFO] ***** Evaluation ***** >>>> Class [14 motorbike] IoU: 86.15
[INFO] ***** Evaluation ***** >>>> Class [15 person] IoU: 85.91
[INFO] ***** Evaluation ***** >>>> Class [16 potted plant] IoU: 59.15
[INFO] ***** Evaluation ***** >>>> Class [17 sheep] IoU: 87.71
[INFO] ***** Evaluation ***** >>>> Class [18 sofa] IoU: 55.52
[INFO] ***** Evaluation ***** >>>> Class [19 train] IoU: 89.02
[INFO] ***** Evaluation ***** >>>> Class [20 tv/monitor] IoU: 73.08
[INFO] ***** Evaluation ***** original >>>> MeanIoU: 78.30

[INFO] Pseudo-label epoch summary | epoch=67 | masked=0.9628, cov=0.8134, miou=0.6345
[INFO] [DynamicThreshold Overhead] Epoch 67 | Epoch Train Time: 458.7s | Dynamic Threshold Compute Time: 112.67s (24.6% of epoch) | Peak Extra GPU Memory (per batch): 67.9 MB
[INFO] ===========> Epoch: 68, LR: 0.00018, Previous best val_mIOU: 78.62
[INFO] Iters: 33728,total_loss: 0.058,loss_x: 0.069,loss_u_s: 0.083,loss_u_m: 0.074,loss_u_fp: 0.015,mask_ratio: 0.808
[INFO] Iters: 33790,total_loss: 0.055,loss_x: 0.068,loss_u_s: 0.078,loss_u_m: 0.060,loss_u_fp: 0.016,mask_ratio: 0.812
[INFO] Iters: 33852,total_loss: 0.056,loss_x: 0.073,loss_u_s: 0.060,loss_u_m: 0.071,loss_u_fp: 0.014,mask_ratio: 0.814
[INFO] Iters: 33914,total_loss: 0.058,loss_x: 0.069,loss_u_s: 0.081,loss_u_m: 0.077,loss_u_fp: 0.014,mask_ratio: 0.804
[INFO] Iters: 33976,total_loss: 0.056,loss_x: 0.071,loss_u_s: 0.069,loss_u_m: 0.067,loss_u_fp: 0.015,mask_ratio: 0.808
[INFO] Iters: 34038,total_loss: 0.059,loss_x: 0.073,loss_u_s: 0.077,loss_u_m: 0.075,loss_u_fp: 0.015,mask_ratio: 0.812
[INFO] Iters: 34100,total_loss: 0.054,loss_x: 0.069,loss_u_s: 0.063,loss_u_m: 0.073,loss_u_fp: 0.011,mask_ratio: 0.811
[INFO] Iters: 34162,total_loss: 0.058,loss_x: 0.069,loss_u_s: 0.082,loss_u_m: 0.074,loss_u_fp: 0.014,mask_ratio: 0.806
[INFO] ***** Evaluation ***** >>>> Class [0 background] IoU: 94.47
[INFO] ***** Evaluation ***** >>>> Class [1 aeroplane] IoU: 92.29
[INFO] ***** Evaluation ***** >>>> Class [2 bicycle] IoU: 43.82
[INFO] ***** Evaluation ***** >>>> Class [3 bird] IoU: 89.97
[INFO] ***** Evaluation ***** >>>> Class [4 boat] IoU: 73.64
[INFO] ***** Evaluation ***** >>>> Class [5 bottle] IoU: 82.12
[INFO] ***** Evaluation ***** >>>> Class [6 bus] IoU: 95.02
[INFO] ***** Evaluation ***** >>>> Class [7 car] IoU: 88.27
[INFO] ***** Evaluation ***** >>>> Class [8 cat] IoU: 94.41
[INFO] ***** Evaluation ***** >>>> Class [9 chair] IoU: 40.49
[INFO] ***** Evaluation ***** >>>> Class [10 cow] IoU: 89.31
[INFO] ***** Evaluation ***** >>>> Class [11 dining table] IoU: 49.62
[INFO] ***** Evaluation ***** >>>> Class [12 dog] IoU: 90.07
[INFO] ***** Evaluation ***** >>>> Class [13 horse] IoU: 88.90
[INFO] ***** Evaluation ***** >>>> Class [14 motorbike] IoU: 86.28
[INFO] ***** Evaluation ***** >>>> Class [15 person] IoU: 86.12
[INFO] ***** Evaluation ***** >>>> Class [16 potted plant] IoU: 60.63
[INFO] ***** Evaluation ***** >>>> Class [17 sheep] IoU: 89.75
[INFO] ***** Evaluation ***** >>>> Class [18 sofa] IoU: 51.20
[INFO] ***** Evaluation ***** >>>> Class [19 train] IoU: 90.29
[INFO] ***** Evaluation ***** >>>> Class [20 tv/monitor] IoU: 74.30
[INFO] ***** Evaluation ***** original >>>> MeanIoU: 78.62

[INFO] Pseudo-label epoch summary | epoch=68 | masked=0.9613, cov=0.8140, miou=0.6330
[INFO] [DynamicThreshold Overhead] Epoch 68 | Epoch Train Time: 458.8s | Dynamic Threshold Compute Time: 113.06s (24.6% of epoch) | Peak Extra GPU Memory (per batch): 67.5 MB
[INFO] ===========> Epoch: 69, LR: 0.00017, Previous best val_mIOU: 78.62
[INFO] Iters: 34224,total_loss: 0.055,loss_x: 0.068,loss_u_s: 0.074,loss_u_m: 0.070,loss_u_fp: 0.014,mask_ratio: 0.811
[INFO] Iters: 34286,total_loss: 0.057,loss_x: 0.073,loss_u_s: 0.072,loss_u_m: 0.066,loss_u_fp: 0.013,mask_ratio: 0.809
[INFO] Iters: 34348,total_loss: 0.058,loss_x: 0.068,loss_u_s: 0.076,loss_u_m: 0.089,loss_u_fp: 0.013,mask_ratio: 0.810
[INFO] Iters: 34410,total_loss: 0.055,loss_x: 0.067,loss_u_s: 0.074,loss_u_m: 0.069,loss_u_fp: 0.013,mask_ratio: 0.811
[INFO] Iters: 34472,total_loss: 0.058,loss_x: 0.072,loss_u_s: 0.072,loss_u_m: 0.076,loss_u_fp: 0.013,mask_ratio: 0.815
[INFO] Iters: 34534,total_loss: 0.055,loss_x: 0.068,loss_u_s: 0.066,loss_u_m: 0.070,loss_u_fp: 0.016,mask_ratio: 0.813
[INFO] Iters: 34596,total_loss: 0.062,loss_x: 0.072,loss_u_s: 0.090,loss_u_m: 0.088,loss_u_fp: 0.016,mask_ratio: 0.809
[INFO] Iters: 34658,total_loss: 0.054,loss_x: 0.068,loss_u_s: 0.062,loss_u_m: 0.067,loss_u_fp: 0.015,mask_ratio: 0.813
[INFO] ***** Evaluation ***** >>>> Class [0 background] IoU: 94.48
[INFO] ***** Evaluation ***** >>>> Class [1 aeroplane] IoU: 92.28
[INFO] ***** Evaluation ***** >>>> Class [2 bicycle] IoU: 44.04
[INFO] ***** Evaluation ***** >>>> Class [3 bird] IoU: 90.13
[INFO] ***** Evaluation ***** >>>> Class [4 boat] IoU: 72.70
[INFO] ***** Evaluation ***** >>>> Class [5 bottle] IoU: 82.63
[INFO] ***** Evaluation ***** >>>> Class [6 bus] IoU: 95.17
[INFO] ***** Evaluation ***** >>>> Class [7 car] IoU: 87.78
[INFO] ***** Evaluation ***** >>>> Class [8 cat] IoU: 94.31
[INFO] ***** Evaluation ***** >>>> Class [9 chair] IoU: 40.91
[INFO] ***** Evaluation ***** >>>> Class [10 cow] IoU: 91.87
[INFO] ***** Evaluation ***** >>>> Class [11 dining table] IoU: 47.45
[INFO] ***** Evaluation ***** >>>> Class [12 dog] IoU: 90.29
[INFO] ***** Evaluation ***** >>>> Class [13 horse] IoU: 90.22
[INFO] ***** Evaluation ***** >>>> Class [14 motorbike] IoU: 85.46
[INFO] ***** Evaluation ***** >>>> Class [15 person] IoU: 86.41
[INFO] ***** Evaluation ***** >>>> Class [16 potted plant] IoU: 60.50
[INFO] ***** Evaluation ***** >>>> Class [17 sheep] IoU: 89.41
[INFO] ***** Evaluation ***** >>>> Class [18 sofa] IoU: 53.51
[INFO] ***** Evaluation ***** >>>> Class [19 train] IoU: 89.28
[INFO] ***** Evaluation ***** >>>> Class [20 tv/monitor] IoU: 73.28
[INFO] ***** Evaluation ***** original >>>> MeanIoU: 78.67

[INFO] Pseudo-label epoch summary | epoch=69 | masked=0.9617, cov=0.8153, miou=0.6353
[INFO] [DynamicThreshold Overhead] Epoch 69 | Epoch Train Time: 457.9s | Dynamic Threshold Compute Time: 112.82s (24.6% of epoch) | Peak Extra GPU Memory (per batch): 67.5 MB
[INFO] ===========> Epoch: 70, LR: 0.00015, Previous best val_mIOU: 78.67
[INFO] Iters: 34720,total_loss: 0.055,loss_x: 0.070,loss_u_s: 0.074,loss_u_m: 0.062,loss_u_fp: 0.013,mask_ratio: 0.810
[INFO] Iters: 34782,total_loss: 0.055,loss_x: 0.065,loss_u_s: 0.074,loss_u_m: 0.071,loss_u_fp: 0.015,mask_ratio: 0.807
[INFO] Iters: 34844,total_loss: 0.054,loss_x: 0.064,loss_u_s: 0.064,loss_u_m: 0.084,loss_u_fp: 0.014,mask_ratio: 0.814
[INFO] Iters: 34906,total_loss: 0.056,loss_x: 0.066,loss_u_s: 0.075,loss_u_m: 0.078,loss_u_fp: 0.016,mask_ratio: 0.812
[INFO] Iters: 34968,total_loss: 0.056,loss_x: 0.067,loss_u_s: 0.072,loss_u_m: 0.072,loss_u_fp: 0.018,mask_ratio: 0.813
[INFO] Iters: 35030,total_loss: 0.058,loss_x: 0.072,loss_u_s: 0.079,loss_u_m: 0.070,loss_u_fp: 0.013,mask_ratio: 0.811
[INFO] Iters: 35092,total_loss: 0.058,loss_x: 0.076,loss_u_s: 0.065,loss_u_m: 0.065,loss_u_fp: 0.014,mask_ratio: 0.810
[INFO] Iters: 35154,total_loss: 0.054,loss_x: 0.068,loss_u_s: 0.068,loss_u_m: 0.066,loss_u_fp: 0.015,mask_ratio: 0.810
[INFO] ***** Evaluation ***** >>>> Class [0 background] IoU: 94.35
[INFO] ***** Evaluation ***** >>>> Class [1 aeroplane] IoU: 92.02
[INFO] ***** Evaluation ***** >>>> Class [2 bicycle] IoU: 43.94
[INFO] ***** Evaluation ***** >>>> Class [3 bird] IoU: 89.96
[INFO] ***** Evaluation ***** >>>> Class [4 boat] IoU: 73.45
[INFO] ***** Evaluation ***** >>>> Class [5 bottle] IoU: 83.25
[INFO] ***** Evaluation ***** >>>> Class [6 bus] IoU: 95.32
[INFO] ***** Evaluation ***** >>>> Class [7 car] IoU: 88.29
[INFO] ***** Evaluation ***** >>>> Class [8 cat] IoU: 94.03
[INFO] ***** Evaluation ***** >>>> Class [9 chair] IoU: 39.05
[INFO] ***** Evaluation ***** >>>> Class [10 cow] IoU: 90.53
[INFO] ***** Evaluation ***** >>>> Class [11 dining table] IoU: 46.97
[INFO] ***** Evaluation ***** >>>> Class [12 dog] IoU: 90.27
[INFO] ***** Evaluation ***** >>>> Class [13 horse] IoU: 89.13
[INFO] ***** Evaluation ***** >>>> Class [14 motorbike] IoU: 86.23
[INFO] ***** Evaluation ***** >>>> Class [15 person] IoU: 86.02
[INFO] ***** Evaluation ***** >>>> Class [16 potted plant] IoU: 58.42
[INFO] ***** Evaluation ***** >>>> Class [17 sheep] IoU: 88.88
[INFO] ***** Evaluation ***** >>>> Class [18 sofa] IoU: 50.31
[INFO] ***** Evaluation ***** >>>> Class [19 train] IoU: 89.27
[INFO] ***** Evaluation ***** >>>> Class [20 tv/monitor] IoU: 72.94
[INFO] ***** Evaluation ***** original >>>> MeanIoU: 78.22

[INFO] Pseudo-label epoch summary | epoch=70 | masked=0.9609, cov=0.8148, miou=0.6306
[INFO] [DynamicThreshold Overhead] Epoch 70 | Epoch Train Time: 458.3s | Dynamic Threshold Compute Time: 112.87s (24.6% of epoch) | Peak Extra GPU Memory (per batch): 68.1 MB
[INFO] ===========> Epoch: 71, LR: 0.00014, Previous best val_mIOU: 78.67
[INFO] Iters: 35216,total_loss: 0.056,loss_x: 0.070,loss_u_s: 0.070,loss_u_m: 0.074,loss_u_fp: 0.013,mask_ratio: 0.810
[INFO] Iters: 35278,total_loss: 0.054,loss_x: 0.068,loss_u_s: 0.075,loss_u_m: 0.059,loss_u_fp: 0.012,mask_ratio: 0.809
[INFO] Iters: 35340,total_loss: 0.054,loss_x: 0.065,loss_u_s: 0.068,loss_u_m: 0.072,loss_u_fp: 0.015,mask_ratio: 0.809
[INFO] Iters: 35402,total_loss: 0.054,loss_x: 0.065,loss_u_s: 0.076,loss_u_m: 0.065,loss_u_fp: 0.014,mask_ratio: 0.812
[INFO] Iters: 35464,total_loss: 0.056,loss_x: 0.064,loss_u_s: 0.077,loss_u_m: 0.080,loss_u_fp: 0.015,mask_ratio: 0.810
[INFO] Iters: 35526,total_loss: 0.056,loss_x: 0.072,loss_u_s: 0.069,loss_u_m: 0.067,loss_u_fp: 0.014,mask_ratio: 0.814
[INFO] Iters: 35588,total_loss: 0.055,loss_x: 0.070,loss_u_s: 0.066,loss_u_m: 0.071,loss_u_fp: 0.013,mask_ratio: 0.814
[INFO] Iters: 35650,total_loss: 0.055,loss_x: 0.067,loss_u_s: 0.079,loss_u_m: 0.069,loss_u_fp: 0.015,mask_ratio: 0.813
[INFO] ***** Evaluation ***** >>>> Class [0 background] IoU: 94.43
[INFO] ***** Evaluation ***** >>>> Class [1 aeroplane] IoU: 92.58
[INFO] ***** Evaluation ***** >>>> Class [2 bicycle] IoU: 43.83
[INFO] ***** Evaluation ***** >>>> Class [3 bird] IoU: 89.95
[INFO] ***** Evaluation ***** >>>> Class [4 boat] IoU: 73.75
[INFO] ***** Evaluation ***** >>>> Class [5 bottle] IoU: 83.33
[INFO] ***** Evaluation ***** >>>> Class [6 bus] IoU: 95.31
[INFO] ***** Evaluation ***** >>>> Class [7 car] IoU: 87.89
[INFO] ***** Evaluation ***** >>>> Class [8 cat] IoU: 94.35
[INFO] ***** Evaluation ***** >>>> Class [9 chair] IoU: 41.14
[INFO] ***** Evaluation ***** >>>> Class [10 cow] IoU: 90.77
[INFO] ***** Evaluation ***** >>>> Class [11 dining table] IoU: 46.08
[INFO] ***** Evaluation ***** >>>> Class [12 dog] IoU: 89.88
[INFO] ***** Evaluation ***** >>>> Class [13 horse] IoU: 87.43
[INFO] ***** Evaluation ***** >>>> Class [14 motorbike] IoU: 85.56
[INFO] ***** Evaluation ***** >>>> Class [15 person] IoU: 86.11
[INFO] ***** Evaluation ***** >>>> Class [16 potted plant] IoU: 62.06
[INFO] ***** Evaluation ***** >>>> Class [17 sheep] IoU: 89.21
[INFO] ***** Evaluation ***** >>>> Class [18 sofa] IoU: 51.03
[INFO] ***** Evaluation ***** >>>> Class [19 train] IoU: 88.94
[INFO] ***** Evaluation ***** >>>> Class [20 tv/monitor] IoU: 73.02
[INFO] ***** Evaluation ***** original >>>> MeanIoU: 78.41

[INFO] Pseudo-label epoch summary | epoch=71 | masked=0.9628, cov=0.8155, miou=0.6357
[INFO] [DynamicThreshold Overhead] Epoch 71 | Epoch Train Time: 459.4s | Dynamic Threshold Compute Time: 112.52s (24.5% of epoch) | Peak Extra GPU Memory (per batch): 66.6 MB
[INFO] ===========> Epoch: 72, LR: 0.00013, Previous best val_mIOU: 78.67
[INFO] Iters: 35712,total_loss: 0.054,loss_x: 0.066,loss_u_s: 0.070,loss_u_m: 0.070,loss_u_fp: 0.015,mask_ratio: 0.811
[INFO] Iters: 35774,total_loss: 0.054,loss_x: 0.068,loss_u_s: 0.062,loss_u_m: 0.072,loss_u_fp: 0.014,mask_ratio: 0.812
[INFO] Iters: 35836,total_loss: 0.056,loss_x: 0.065,loss_u_s: 0.078,loss_u_m: 0.078,loss_u_fp: 0.016,mask_ratio: 0.810
[INFO] Iters: 35898,total_loss: 0.056,loss_x: 0.070,loss_u_s: 0.073,loss_u_m: 0.070,loss_u_fp: 0.013,mask_ratio: 0.812
[INFO] Iters: 35960,total_loss: 0.055,loss_x: 0.070,loss_u_s: 0.072,loss_u_m: 0.067,loss_u_fp: 0.012,mask_ratio: 0.817
[INFO] Iters: 36022,total_loss: 0.053,loss_x: 0.065,loss_u_s: 0.064,loss_u_m: 0.073,loss_u_fp: 0.013,mask_ratio: 0.812
[INFO] Iters: 36084,total_loss: 0.051,loss_x: 0.065,loss_u_s: 0.061,loss_u_m: 0.059,loss_u_fp: 0.012,mask_ratio: 0.815
[INFO] Iters: 36146,total_loss: 0.059,loss_x: 0.072,loss_u_s: 0.073,loss_u_m: 0.081,loss_u_fp: 0.014,mask_ratio: 0.811
[INFO] ***** Evaluation ***** >>>> Class [0 background] IoU: 94.35
[INFO] ***** Evaluation ***** >>>> Class [1 aeroplane] IoU: 91.27
[INFO] ***** Evaluation ***** >>>> Class [2 bicycle] IoU: 43.98
[INFO] ***** Evaluation ***** >>>> Class [3 bird] IoU: 90.23
[INFO] ***** Evaluation ***** >>>> Class [4 boat] IoU: 72.32
[INFO] ***** Evaluation ***** >>>> Class [5 bottle] IoU: 83.35
[INFO] ***** Evaluation ***** >>>> Class [6 bus] IoU: 95.24
[INFO] ***** Evaluation ***** >>>> Class [7 car] IoU: 87.98
[INFO] ***** Evaluation ***** >>>> Class [8 cat] IoU: 94.09
[INFO] ***** Evaluation ***** >>>> Class [9 chair] IoU: 38.34
[INFO] ***** Evaluation ***** >>>> Class [10 cow] IoU: 90.61
[INFO] ***** Evaluation ***** >>>> Class [11 dining table] IoU: 45.22
[INFO] ***** Evaluation ***** >>>> Class [12 dog] IoU: 89.79
[INFO] ***** Evaluation ***** >>>> Class [13 horse] IoU: 89.12
[INFO] ***** Evaluation ***** >>>> Class [14 motorbike] IoU: 85.61
[INFO] ***** Evaluation ***** >>>> Class [15 person] IoU: 86.09
[INFO] ***** Evaluation ***** >>>> Class [16 potted plant] IoU: 60.25
[INFO] ***** Evaluation ***** >>>> Class [17 sheep] IoU: 86.65
[INFO] ***** Evaluation ***** >>>> Class [18 sofa] IoU: 50.87
[INFO] ***** Evaluation ***** >>>> Class [19 train] IoU: 88.39
[INFO] ***** Evaluation ***** >>>> Class [20 tv/monitor] IoU: 74.12
[INFO] ***** Evaluation ***** original >>>> MeanIoU: 77.99

[INFO] Pseudo-label epoch summary | epoch=72 | masked=0.9634, cov=0.8170, miou=0.6395
[INFO] [DynamicThreshold Overhead] Epoch 72 | Epoch Train Time: 459.3s | Dynamic Threshold Compute Time: 112.80s (24.6% of epoch) | Peak Extra GPU Memory (per batch): 67.0 MB
[INFO] ===========> Epoch: 73, LR: 0.00011, Previous best val_mIOU: 78.67
[INFO] Iters: 36208,total_loss: 0.055,loss_x: 0.068,loss_u_s: 0.074,loss_u_m: 0.068,loss_u_fp: 0.014,mask_ratio: 0.813
[INFO] Iters: 36270,total_loss: 0.054,loss_x: 0.068,loss_u_s: 0.069,loss_u_m: 0.063,loss_u_fp: 0.013,mask_ratio: 0.812
[INFO] Iters: 36332,total_loss: 0.057,loss_x: 0.066,loss_u_s: 0.079,loss_u_m: 0.079,loss_u_fp: 0.018,mask_ratio: 0.810
[INFO] Iters: 36394,total_loss: 0.056,loss_x: 0.071,loss_u_s: 0.067,loss_u_m: 0.072,loss_u_fp: 0.012,mask_ratio: 0.809
[INFO] Iters: 36456,total_loss: 0.055,loss_x: 0.070,loss_u_s: 0.065,loss_u_m: 0.072,loss_u_fp: 0.012,mask_ratio: 0.814
[INFO] Iters: 36518,total_loss: 0.056,loss_x: 0.065,loss_u_s: 0.082,loss_u_m: 0.079,loss_u_fp: 0.014,mask_ratio: 0.809
[INFO] Iters: 36580,total_loss: 0.057,loss_x: 0.068,loss_u_s: 0.073,loss_u_m: 0.078,loss_u_fp: 0.016,mask_ratio: 0.808
[INFO] Iters: 36642,total_loss: 0.053,loss_x: 0.065,loss_u_s: 0.074,loss_u_m: 0.067,loss_u_fp: 0.013,mask_ratio: 0.809
[INFO] ***** Evaluation ***** >>>> Class [0 background] IoU: 94.32
[INFO] ***** Evaluation ***** >>>> Class [1 aeroplane] IoU: 92.23
[INFO] ***** Evaluation ***** >>>> Class [2 bicycle] IoU: 44.07
[INFO] ***** Evaluation ***** >>>> Class [3 bird] IoU: 89.53
[INFO] ***** Evaluation ***** >>>> Class [4 boat] IoU: 72.90
[INFO] ***** Evaluation ***** >>>> Class [5 bottle] IoU: 83.81
[INFO] ***** Evaluation ***** >>>> Class [6 bus] IoU: 95.15
[INFO] ***** Evaluation ***** >>>> Class [7 car] IoU: 88.71
[INFO] ***** Evaluation ***** >>>> Class [8 cat] IoU: 94.18
[INFO] ***** Evaluation ***** >>>> Class [9 chair] IoU: 38.90
[INFO] ***** Evaluation ***** >>>> Class [10 cow] IoU: 89.95
[INFO] ***** Evaluation ***** >>>> Class [11 dining table] IoU: 43.62
[INFO] ***** Evaluation ***** >>>> Class [12 dog] IoU: 90.33
[INFO] ***** Evaluation ***** >>>> Class [13 horse] IoU: 88.90
[INFO] ***** Evaluation ***** >>>> Class [14 motorbike] IoU: 86.18
[INFO] ***** Evaluation ***** >>>> Class [15 person] IoU: 86.18
[INFO] ***** Evaluation ***** >>>> Class [16 potted plant] IoU: 60.48
[INFO] ***** Evaluation ***** >>>> Class [17 sheep] IoU: 87.96
[INFO] ***** Evaluation ***** >>>> Class [18 sofa] IoU: 50.03
[INFO] ***** Evaluation ***** >>>> Class [19 train] IoU: 88.71
[INFO] ***** Evaluation ***** >>>> Class [20 tv/monitor] IoU: 73.41
[INFO] ***** Evaluation ***** original >>>> MeanIoU: 78.07

[INFO] Pseudo-label epoch summary | epoch=73 | masked=0.9628, cov=0.8140, miou=0.6331
[INFO] [DynamicThreshold Overhead] Epoch 73 | Epoch Train Time: 458.8s | Dynamic Threshold Compute Time: 112.76s (24.6% of epoch) | Peak Extra GPU Memory (per batch): 67.4 MB
[INFO] ===========> Epoch: 74, LR: 0.00010, Previous best val_mIOU: 78.67
[INFO] Iters: 36704,total_loss: 0.053,loss_x: 0.066,loss_u_s: 0.069,loss_u_m: 0.065,loss_u_fp: 0.013,mask_ratio: 0.809
[INFO] Iters: 36766,total_loss: 0.053,loss_x: 0.063,loss_u_s: 0.075,loss_u_m: 0.073,loss_u_fp: 0.013,mask_ratio: 0.813
[INFO] Iters: 36828,total_loss: 0.054,loss_x: 0.061,loss_u_s: 0.074,loss_u_m: 0.082,loss_u_fp: 0.016,mask_ratio: 0.812
[INFO] Iters: 36890,total_loss: 0.056,loss_x: 0.071,loss_u_s: 0.068,loss_u_m: 0.071,loss_u_fp: 0.013,mask_ratio: 0.812
[INFO] Iters: 36952,total_loss: 0.054,loss_x: 0.066,loss_u_s: 0.067,loss_u_m: 0.075,loss_u_fp: 0.014,mask_ratio: 0.814
[INFO] Iters: 37014,total_loss: 0.056,loss_x: 0.068,loss_u_s: 0.076,loss_u_m: 0.071,loss_u_fp: 0.015,mask_ratio: 0.811
[INFO] Iters: 37076,total_loss: 0.056,loss_x: 0.070,loss_u_s: 0.067,loss_u_m: 0.075,loss_u_fp: 0.015,mask_ratio: 0.813
[INFO] Iters: 37138,total_loss: 0.056,loss_x: 0.069,loss_u_s: 0.069,loss_u_m: 0.076,loss_u_fp: 0.013,mask_ratio: 0.814
[INFO] ***** Evaluation ***** >>>> Class [0 background] IoU: 94.41
[INFO] ***** Evaluation ***** >>>> Class [1 aeroplane] IoU: 91.92
[INFO] ***** Evaluation ***** >>>> Class [2 bicycle] IoU: 43.50
[INFO] ***** Evaluation ***** >>>> Class [3 bird] IoU: 89.91
[INFO] ***** Evaluation ***** >>>> Class [4 boat] IoU: 73.37
[INFO] ***** Evaluation ***** >>>> Class [5 bottle] IoU: 83.35
[INFO] ***** Evaluation ***** >>>> Class [6 bus] IoU: 95.19
[INFO] ***** Evaluation ***** >>>> Class [7 car] IoU: 88.14
[INFO] ***** Evaluation ***** >>>> Class [8 cat] IoU: 94.49
[INFO] ***** Evaluation ***** >>>> Class [9 chair] IoU: 39.78
[INFO] ***** Evaluation ***** >>>> Class [10 cow] IoU: 89.70
[INFO] ***** Evaluation ***** >>>> Class [11 dining table] IoU: 43.24
[INFO] ***** Evaluation ***** >>>> Class [12 dog] IoU: 90.18
[INFO] ***** Evaluation ***** >>>> Class [13 horse] IoU: 87.67
[INFO] ***** Evaluation ***** >>>> Class [14 motorbike] IoU: 85.85
[INFO] ***** Evaluation ***** >>>> Class [15 person] IoU: 86.26
[INFO] ***** Evaluation ***** >>>> Class [16 potted plant] IoU: 61.24
[INFO] ***** Evaluation ***** >>>> Class [17 sheep] IoU: 88.99
[INFO] ***** Evaluation ***** >>>> Class [18 sofa] IoU: 53.76
[INFO] ***** Evaluation ***** >>>> Class [19 train] IoU: 89.75
[INFO] ***** Evaluation ***** >>>> Class [20 tv/monitor] IoU: 72.65
[INFO] ***** Evaluation ***** original >>>> MeanIoU: 78.25

[INFO] Pseudo-label epoch summary | epoch=74 | masked=0.9618, cov=0.8167, miou=0.6389
[INFO] [DynamicThreshold Overhead] Epoch 74 | Epoch Train Time: 459.3s | Dynamic Threshold Compute Time: 112.77s (24.6% of epoch) | Peak Extra GPU Memory (per batch): 66.2 MB
[INFO] ===========> Epoch: 75, LR: 0.00008, Previous best val_mIOU: 78.67
[INFO] Iters: 37200,total_loss: 0.054,loss_x: 0.068,loss_u_s: 0.075,loss_u_m: 0.064,loss_u_fp: 0.012,mask_ratio: 0.811
[INFO] Iters: 37262,total_loss: 0.055,loss_x: 0.070,loss_u_s: 0.068,loss_u_m: 0.071,loss_u_fp: 0.013,mask_ratio: 0.809
[INFO] Iters: 37324,total_loss: 0.054,loss_x: 0.070,loss_u_s: 0.065,loss_u_m: 0.065,loss_u_fp: 0.014,mask_ratio: 0.816
[INFO] Iters: 37386,total_loss: 0.055,loss_x: 0.066,loss_u_s: 0.072,loss_u_m: 0.077,loss_u_fp: 0.013,mask_ratio: 0.815
[INFO] Iters: 37448,total_loss: 0.053,loss_x: 0.066,loss_u_s: 0.059,loss_u_m: 0.077,loss_u_fp: 0.013,mask_ratio: 0.813
[INFO] Iters: 37510,total_loss: 0.056,loss_x: 0.067,loss_u_s: 0.074,loss_u_m: 0.074,loss_u_fp: 0.014,mask_ratio: 0.812
[INFO] Iters: 37572,total_loss: 0.053,loss_x: 0.066,loss_u_s: 0.067,loss_u_m: 0.067,loss_u_fp: 0.012,mask_ratio: 0.817
[INFO] Iters: 37634,total_loss: 0.051,loss_x: 0.062,loss_u_s: 0.066,loss_u_m: 0.069,loss_u_fp: 0.012,mask_ratio: 0.811
[INFO] ***** Evaluation ***** >>>> Class [0 background] IoU: 94.39
[INFO] ***** Evaluation ***** >>>> Class [1 aeroplane] IoU: 92.31
[INFO] ***** Evaluation ***** >>>> Class [2 bicycle] IoU: 44.30
[INFO] ***** Evaluation ***** >>>> Class [3 bird] IoU: 89.71
[INFO] ***** Evaluation ***** >>>> Class [4 boat] IoU: 73.61
[INFO] ***** Evaluation ***** >>>> Class [5 bottle] IoU: 83.79
[INFO] ***** Evaluation ***** >>>> Class [6 bus] IoU: 95.13
[INFO] ***** Evaluation ***** >>>> Class [7 car] IoU: 87.85
[INFO] ***** Evaluation ***** >>>> Class [8 cat] IoU: 94.37
[INFO] ***** Evaluation ***** >>>> Class [9 chair] IoU: 39.29
[INFO] ***** Evaluation ***** >>>> Class [10 cow] IoU: 88.11
[INFO] ***** Evaluation ***** >>>> Class [11 dining table] IoU: 45.03
[INFO] ***** Evaluation ***** >>>> Class [12 dog] IoU: 90.09
[INFO] ***** Evaluation ***** >>>> Class [13 horse] IoU: 87.29
[INFO] ***** Evaluation ***** >>>> Class [14 motorbike] IoU: 85.38
[INFO] ***** Evaluation ***** >>>> Class [15 person] IoU: 86.24
[INFO] ***** Evaluation ***** >>>> Class [16 potted plant] IoU: 62.15
[INFO] ***** Evaluation ***** >>>> Class [17 sheep] IoU: 88.58
[INFO] ***** Evaluation ***** >>>> Class [18 sofa] IoU: 50.18
[INFO] ***** Evaluation ***** >>>> Class [19 train] IoU: 89.37
[INFO] ***** Evaluation ***** >>>> Class [20 tv/monitor] IoU: 73.39
[INFO] ***** Evaluation ***** original >>>> MeanIoU: 78.12

[INFO] Pseudo-label epoch summary | epoch=75 | masked=0.9634, cov=0.8172, miou=0.6402
[INFO] [DynamicThreshold Overhead] Epoch 75 | Epoch Train Time: 458.5s | Dynamic Threshold Compute Time: 113.00s (24.6% of epoch) | Peak Extra GPU Memory (per batch): 66.8 MB
[INFO] ===========> Epoch: 76, LR: 0.00007, Previous best val_mIOU: 78.67
[INFO] Iters: 37696,total_loss: 0.057,loss_x: 0.070,loss_u_s: 0.073,loss_u_m: 0.078,loss_u_fp: 0.015,mask_ratio: 0.813
[INFO] Iters: 37758,total_loss: 0.056,loss_x: 0.068,loss_u_s: 0.073,loss_u_m: 0.070,loss_u_fp: 0.016,mask_ratio: 0.811
[INFO] Iters: 37820,total_loss: 0.054,loss_x: 0.063,loss_u_s: 0.072,loss_u_m: 0.073,loss_u_fp: 0.016,mask_ratio: 0.811
[INFO] Iters: 37882,total_loss: 0.056,loss_x: 0.071,loss_u_s: 0.072,loss_u_m: 0.068,loss_u_fp: 0.014,mask_ratio: 0.815
[INFO] Iters: 37944,total_loss: 0.054,loss_x: 0.067,loss_u_s: 0.070,loss_u_m: 0.072,loss_u_fp: 0.013,mask_ratio: 0.813
[INFO] Iters: 38006,total_loss: 0.053,loss_x: 0.062,loss_u_s: 0.074,loss_u_m: 0.070,loss_u_fp: 0.014,mask_ratio: 0.810
[INFO] Iters: 38068,total_loss: 0.057,loss_x: 0.066,loss_u_s: 0.078,loss_u_m: 0.076,loss_u_fp: 0.016,mask_ratio: 0.818
[INFO] Iters: 38130,total_loss: 0.054,loss_x: 0.065,loss_u_s: 0.062,loss_u_m: 0.080,loss_u_fp: 0.013,mask_ratio: 0.815
[INFO] ***** Evaluation ***** >>>> Class [0 background] IoU: 94.42
[INFO] ***** Evaluation ***** >>>> Class [1 aeroplane] IoU: 92.48
[INFO] ***** Evaluation ***** >>>> Class [2 bicycle] IoU: 44.09
[INFO] ***** Evaluation ***** >>>> Class [3 bird] IoU: 90.44
[INFO] ***** Evaluation ***** >>>> Class [4 boat] IoU: 74.18
[INFO] ***** Evaluation ***** >>>> Class [5 bottle] IoU: 83.51
[INFO] ***** Evaluation ***** >>>> Class [6 bus] IoU: 95.21
[INFO] ***** Evaluation ***** >>>> Class [7 car] IoU: 88.20
[INFO] ***** Evaluation ***** >>>> Class [8 cat] IoU: 94.45
[INFO] ***** Evaluation ***** >>>> Class [9 chair] IoU: 38.66
[INFO] ***** Evaluation ***** >>>> Class [10 cow] IoU: 89.81
[INFO] ***** Evaluation ***** >>>> Class [11 dining table] IoU: 43.87
[INFO] ***** Evaluation ***** >>>> Class [12 dog] IoU: 90.32
[INFO] ***** Evaluation ***** >>>> Class [13 horse] IoU: 87.97
[INFO] ***** Evaluation ***** >>>> Class [14 motorbike] IoU: 85.99
[INFO] ***** Evaluation ***** >>>> Class [15 person] IoU: 86.14
[INFO] ***** Evaluation ***** >>>> Class [16 potted plant] IoU: 63.01
[INFO] ***** Evaluation ***** >>>> Class [17 sheep] IoU: 88.67
[INFO] ***** Evaluation ***** >>>> Class [18 sofa] IoU: 51.89
[INFO] ***** Evaluation ***** >>>> Class [19 train] IoU: 88.96
[INFO] ***** Evaluation ***** >>>> Class [20 tv/monitor] IoU: 73.66
[INFO] ***** Evaluation ***** original >>>> MeanIoU: 78.38

[INFO] Pseudo-label epoch summary | epoch=76 | masked=0.9622, cov=0.8166, miou=0.6349
[INFO] [DynamicThreshold Overhead] Epoch 76 | Epoch Train Time: 458.9s | Dynamic Threshold Compute Time: 112.80s (24.6% of epoch) | Peak Extra GPU Memory (per batch): 66.9 MB
[INFO] ===========> Epoch: 77, LR: 0.00005, Previous best val_mIOU: 78.67
[INFO] Iters: 38192,total_loss: 0.055,loss_x: 0.067,loss_u_s: 0.069,loss_u_m: 0.079,loss_u_fp: 0.013,mask_ratio: 0.811
[INFO] Iters: 38254,total_loss: 0.055,loss_x: 0.068,loss_u_s: 0.067,loss_u_m: 0.072,loss_u_fp: 0.013,mask_ratio: 0.816
[INFO] Iters: 38316,total_loss: 0.056,loss_x: 0.067,loss_u_s: 0.075,loss_u_m: 0.071,loss_u_fp: 0.016,mask_ratio: 0.811
[INFO] Iters: 38378,total_loss: 0.053,loss_x: 0.067,loss_u_s: 0.063,loss_u_m: 0.068,loss_u_fp: 0.013,mask_ratio: 0.815
[INFO] Iters: 38440,total_loss: 0.053,loss_x: 0.066,loss_u_s: 0.064,loss_u_m: 0.072,loss_u_fp: 0.013,mask_ratio: 0.813
[INFO] Iters: 38502,total_loss: 0.054,loss_x: 0.062,loss_u_s: 0.080,loss_u_m: 0.079,loss_u_fp: 0.013,mask_ratio: 0.811
[INFO] Iters: 38564,total_loss: 0.051,loss_x: 0.064,loss_u_s: 0.065,loss_u_m: 0.071,loss_u_fp: 0.010,mask_ratio: 0.812
[INFO] Iters: 38626,total_loss: 0.053,loss_x: 0.066,loss_u_s: 0.067,loss_u_m: 0.073,loss_u_fp: 0.012,mask_ratio: 0.814
[INFO] ***** Evaluation ***** >>>> Class [0 background] IoU: 94.44
[INFO] ***** Evaluation ***** >>>> Class [1 aeroplane] IoU: 92.49
[INFO] ***** Evaluation ***** >>>> Class [2 bicycle] IoU: 44.01
[INFO] ***** Evaluation ***** >>>> Class [3 bird] IoU: 90.03
[INFO] ***** Evaluation ***** >>>> Class [4 boat] IoU: 74.00
[INFO] ***** Evaluation ***** >>>> Class [5 bottle] IoU: 83.64
[INFO] ***** Evaluation ***** >>>> Class [6 bus] IoU: 95.17
[INFO] ***** Evaluation ***** >>>> Class [7 car] IoU: 88.24
[INFO] ***** Evaluation ***** >>>> Class [8 cat] IoU: 94.46
[INFO] ***** Evaluation ***** >>>> Class [9 chair] IoU: 38.51
[INFO] ***** Evaluation ***** >>>> Class [10 cow] IoU: 89.90
[INFO] ***** Evaluation ***** >>>> Class [11 dining table] IoU: 44.03
[INFO] ***** Evaluation ***** >>>> Class [12 dog] IoU: 90.44
[INFO] ***** Evaluation ***** >>>> Class [13 horse] IoU: 88.12
[INFO] ***** Evaluation ***** >>>> Class [14 motorbike] IoU: 85.92
[INFO] ***** Evaluation ***** >>>> Class [15 person] IoU: 86.22
[INFO] ***** Evaluation ***** >>>> Class [16 potted plant] IoU: 60.96
[INFO] ***** Evaluation ***** >>>> Class [17 sheep] IoU: 88.33
[INFO] ***** Evaluation ***** >>>> Class [18 sofa] IoU: 53.08
[INFO] ***** Evaluation ***** >>>> Class [19 train] IoU: 89.56
[INFO] ***** Evaluation ***** >>>> Class [20 tv/monitor] IoU: 73.00
[INFO] ***** Evaluation ***** original >>>> MeanIoU: 78.31

[INFO] Pseudo-label epoch summary | epoch=77 | masked=0.9624, cov=0.8170, miou=0.6401
[INFO] [DynamicThreshold Overhead] Epoch 77 | Epoch Train Time: 458.6s | Dynamic Threshold Compute Time: 112.95s (24.6% of epoch) | Peak Extra GPU Memory (per batch): 67.1 MB
[INFO] ===========> Epoch: 78, LR: 0.00004, Previous best val_mIOU: 78.67
[INFO] Iters: 38688,total_loss: 0.056,loss_x: 0.067,loss_u_s: 0.075,loss_u_m: 0.074,loss_u_fp: 0.016,mask_ratio: 0.811
[INFO] Iters: 38750,total_loss: 0.053,loss_x: 0.068,loss_u_s: 0.069,loss_u_m: 0.054,loss_u_fp: 0.014,mask_ratio: 0.816
[INFO] Iters: 38812,total_loss: 0.057,loss_x: 0.070,loss_u_s: 0.082,loss_u_m: 0.070,loss_u_fp: 0.013,mask_ratio: 0.813
[INFO] Iters: 38874,total_loss: 0.054,loss_x: 0.065,loss_u_s: 0.071,loss_u_m: 0.068,loss_u_fp: 0.014,mask_ratio: 0.814
[INFO] Iters: 38936,total_loss: 0.054,loss_x: 0.067,loss_u_s: 0.066,loss_u_m: 0.072,loss_u_fp: 0.013,mask_ratio: 0.813
[INFO] Iters: 38998,total_loss: 0.057,loss_x: 0.067,loss_u_s: 0.076,loss_u_m: 0.079,loss_u_fp: 0.015,mask_ratio: 0.810
[INFO] Iters: 39060,total_loss: 0.059,loss_x: 0.068,loss_u_s: 0.081,loss_u_m: 0.083,loss_u_fp: 0.018,mask_ratio: 0.811
[INFO] Iters: 39122,total_loss: 0.053,loss_x: 0.067,loss_u_s: 0.070,loss_u_m: 0.065,loss_u_fp: 0.013,mask_ratio: 0.820
[INFO] ***** Evaluation ***** >>>> Class [0 background] IoU: 94.41
[INFO] ***** Evaluation ***** >>>> Class [1 aeroplane] IoU: 92.40
[INFO] ***** Evaluation ***** >>>> Class [2 bicycle] IoU: 44.15
[INFO] ***** Evaluation ***** >>>> Class [3 bird] IoU: 90.18
[INFO] ***** Evaluation ***** >>>> Class [4 boat] IoU: 73.35
[INFO] ***** Evaluation ***** >>>> Class [5 bottle] IoU: 83.61
[INFO] ***** Evaluation ***** >>>> Class [6 bus] IoU: 95.16
[INFO] ***** Evaluation ***** >>>> Class [7 car] IoU: 88.49
[INFO] ***** Evaluation ***** >>>> Class [8 cat] IoU: 94.18
[INFO] ***** Evaluation ***** >>>> Class [9 chair] IoU: 38.77
[INFO] ***** Evaluation ***** >>>> Class [10 cow] IoU: 89.48
[INFO] ***** Evaluation ***** >>>> Class [11 dining table] IoU: 46.04
[INFO] ***** Evaluation ***** >>>> Class [12 dog] IoU: 90.22
[INFO] ***** Evaluation ***** >>>> Class [13 horse] IoU: 88.15
[INFO] ***** Evaluation ***** >>>> Class [14 motorbike] IoU: 86.09
[INFO] ***** Evaluation ***** >>>> Class [15 person] IoU: 86.34
[INFO] ***** Evaluation ***** >>>> Class [16 potted plant] IoU: 61.47
[INFO] ***** Evaluation ***** >>>> Class [17 sheep] IoU: 87.98
[INFO] ***** Evaluation ***** >>>> Class [18 sofa] IoU: 50.34
[INFO] ***** Evaluation ***** >>>> Class [19 train] IoU: 89.78
[INFO] ***** Evaluation ***** >>>> Class [20 tv/monitor] IoU: 73.09
[INFO] ***** Evaluation ***** original >>>> MeanIoU: 78.27

[INFO] Pseudo-label epoch summary | epoch=78 | masked=0.9621, cov=0.8179, miou=0.6411
[INFO] [DynamicThreshold Overhead] Epoch 78 | Epoch Train Time: 458.8s | Dynamic Threshold Compute Time: 112.90s (24.6% of epoch) | Peak Extra GPU Memory (per batch): 66.6 MB
[INFO] ===========> Epoch: 79, LR: 0.00002, Previous best val_mIOU: 78.67
[INFO] Iters: 39184,total_loss: 0.050,loss_x: 0.062,loss_u_s: 0.065,loss_u_m: 0.060,loss_u_fp: 0.012,mask_ratio: 0.815
[INFO] Iters: 39246,total_loss: 0.055,loss_x: 0.070,loss_u_s: 0.070,loss_u_m: 0.068,loss_u_fp: 0.011,mask_ratio: 0.818
[INFO] Iters: 39308,total_loss: 0.055,loss_x: 0.067,loss_u_s: 0.075,loss_u_m: 0.076,loss_u_fp: 0.013,mask_ratio: 0.809
[INFO] Iters: 39370,total_loss: 0.055,loss_x: 0.068,loss_u_s: 0.073,loss_u_m: 0.070,loss_u_fp: 0.012,mask_ratio: 0.811
[INFO] Iters: 39432,total_loss: 0.053,loss_x: 0.066,loss_u_s: 0.076,loss_u_m: 0.060,loss_u_fp: 0.015,mask_ratio: 0.813
[INFO] Iters: 39494,total_loss: 0.053,loss_x: 0.065,loss_u_s: 0.070,loss_u_m: 0.073,loss_u_fp: 0.012,mask_ratio: 0.814
[INFO] Iters: 39556,total_loss: 0.054,loss_x: 0.064,loss_u_s: 0.074,loss_u_m: 0.068,loss_u_fp: 0.016,mask_ratio: 0.811
[INFO] Iters: 39618,total_loss: 0.056,loss_x: 0.071,loss_u_s: 0.075,loss_u_m: 0.063,loss_u_fp: 0.012,mask_ratio: 0.816
[INFO] ***** Evaluation ***** >>>> Class [0 background] IoU: 94.38
[INFO] ***** Evaluation ***** >>>> Class [1 aeroplane] IoU: 92.09
[INFO] ***** Evaluation ***** >>>> Class [2 bicycle] IoU: 44.22
[INFO] ***** Evaluation ***** >>>> Class [3 bird] IoU: 90.31
[INFO] ***** Evaluation ***** >>>> Class [4 boat] IoU: 73.57
[INFO] ***** Evaluation ***** >>>> Class [5 bottle] IoU: 83.19
[INFO] ***** Evaluation ***** >>>> Class [6 bus] IoU: 95.13
[INFO] ***** Evaluation ***** >>>> Class [7 car] IoU: 88.19
[INFO] ***** Evaluation ***** >>>> Class [8 cat] IoU: 94.31
[INFO] ***** Evaluation ***** >>>> Class [9 chair] IoU: 38.32
[INFO] ***** Evaluation ***** >>>> Class [10 cow] IoU: 89.13
[INFO] ***** Evaluation ***** >>>> Class [11 dining table] IoU: 44.40
[INFO] ***** Evaluation ***** >>>> Class [12 dog] IoU: 90.05
[INFO] ***** Evaluation ***** >>>> Class [13 horse] IoU: 88.56
[INFO] ***** Evaluation ***** >>>> Class [14 motorbike] IoU: 85.87
[INFO] ***** Evaluation ***** >>>> Class [15 person] IoU: 86.20
[INFO] ***** Evaluation ***** >>>> Class [16 potted plant] IoU: 61.18
[INFO] ***** Evaluation ***** >>>> Class [17 sheep] IoU: 87.34
[INFO] ***** Evaluation ***** >>>> Class [18 sofa] IoU: 49.87
[INFO] ***** Evaluation ***** >>>> Class [19 train] IoU: 89.88
[INFO] ***** Evaluation ***** >>>> Class [20 tv/monitor] IoU: 73.52
[INFO] ***** Evaluation ***** original >>>> MeanIoU: 78.08

[INFO] Pseudo-label epoch summary | epoch=79 | masked=0.9620, cov=0.8179, miou=0.6370
[INFO] [DynamicThreshold Overhead] Epoch 79 | Epoch Train Time: 458.8s | Dynamic Threshold Compute Time: 112.81s (24.6% of epoch) | Peak Extra GPU Memory (per batch): 67.4 MB
[INFO] ===== Pseudo Label Training Summary (dynamic) =====
[INFO] masked=0.960825, full=0.910606, coverage=0.784475, miou=0.588185
[INFO] Pseudo-label metrics summary saved to: exp/pascal/CSL/r101/1_4/pseudo_label_metrics_summary.json
