[INFO] Total params: 59.5M

[INFO] ===========> Epoch: 75, LR: 0.00008, Previous best val_mIOU: 0.00
[INFO] Iters: 74400,total_loss: 0.062,loss_x: 0.092,loss_u_s: 0.025,loss_u_m: 0.083,loss_u_fp: 0.011,mask_ratio: 0.714
[INFO] Total params: 59.5M

[INFO] ===========> Epoch: 0, LR: 0.00100, Previous best val_mIOU: 0.00
[INFO] Total params: 59.5M

[INFO] ===========> Epoch: 0, LR: 0.00100, Previous best val_mIOU: 0.00
[INFO] Iters: 0,total_loss: 2.904,loss_x: 3.151,loss_u_s: 2.651,loss_u_m: 2.676,loss_u_fp: 2.651,mask_ratio: 0.856
[INFO] Total params: 59.5M

[INFO] ===========> Epoch: 0, LR: 0.00100, Previous best val_mIOU: 0.00
[INFO] Iters: 0,total_loss: 2.904,loss_x: 3.151,loss_u_s: 2.651,loss_u_m: 2.676,loss_u_fp: 2.651,mask_ratio: 0.856
[INFO] Iters: 124,total_loss: 0.703,loss_x: 1.222,loss_u_s: 0.202,loss_u_m: 0.205,loss_u_fp: 0.162,mask_ratio: 0.532
[INFO] Iters: 248,total_loss: 0.401,loss_x: 0.711,loss_u_s: 0.138,loss_u_m: 0.130,loss_u_fp: 0.047,mask_ratio: 0.536
[INFO] Iters: 372,total_loss: 0.351,loss_x: 0.609,loss_u_s: 0.141,loss_u_m: 0.137,loss_u_fp: 0.045,mask_ratio: 0.534
[INFO] Iters: 496,total_loss: 0.313,loss_x: 0.543,loss_u_s: 0.131,loss_u_m: 0.126,loss_u_fp: 0.039,mask_ratio: 0.536
[INFO] Iters: 620,total_loss: 0.300,loss_x: 0.514,loss_u_s: 0.135,loss_u_m: 0.129,loss_u_fp: 0.039,mask_ratio: 0.544
[INFO] Iters: 744,total_loss: 0.290,loss_x: 0.504,loss_u_s: 0.116,loss_u_m: 0.124,loss_u_fp: 0.031,mask_ratio: 0.532
[INFO] Iters: 868,total_loss: 0.283,loss_x: 0.489,loss_u_s: 0.117,loss_u_m: 0.124,loss_u_fp: 0.032,mask_ratio: 0.543
[INFO] ***** Evaluation ***** >>>> Class [0 background] IoU: 90.86
[INFO] ***** Evaluation ***** >>>> Class [1 aeroplane] IoU: 77.51
[INFO] ***** Evaluation ***** >>>> Class [2 bicycle] IoU: 35.98
[INFO] ***** Evaluation ***** >>>> Class [3 bird] IoU: 80.26
[INFO] ***** Evaluation ***** >>>> Class [4 boat] IoU: 60.62
[INFO] ***** Evaluation ***** >>>> Class [5 bottle] IoU: 66.61
[INFO] ***** Evaluation ***** >>>> Class [6 bus] IoU: 88.07
[INFO] ***** Evaluation ***** >>>> Class [7 car] IoU: 78.07
[INFO] ***** Evaluation ***** >>>> Class [8 cat] IoU: 86.71
[INFO] ***** Evaluation ***** >>>> Class [9 chair] IoU: 28.65
[INFO] ***** Evaluation ***** >>>> Class [10 cow] IoU: 60.51
[INFO] ***** Evaluation ***** >>>> Class [11 dining table] IoU: 60.53
[INFO] ***** Evaluation ***** >>>> Class [12 dog] IoU: 78.71
[INFO] ***** Evaluation ***** >>>> Class [13 horse] IoU: 75.06
[INFO] ***** Evaluation ***** >>>> Class [14 motorbike] IoU: 68.88
[INFO] ***** Evaluation ***** >>>> Class [15 person] IoU: 74.76
[INFO] ***** Evaluation ***** >>>> Class [16 potted plant] IoU: 37.26
[INFO] ***** Evaluation ***** >>>> Class [17 sheep] IoU: 64.82
[INFO] ***** Evaluation ***** >>>> Class [18 sofa] IoU: 41.77
[INFO] ***** Evaluation ***** >>>> Class [19 train] IoU: 77.22
[INFO] ***** Evaluation ***** >>>> Class [20 tv/monitor] IoU: 64.26
[INFO] ***** Evaluation ***** original >>>> MeanIoU: 66.53

[INFO] Pseudo-label epoch summary | epoch=0, generated_epoch=759934856, selected_epoch=410073349, epoch_rate=0.539616, generated_cum=759934856, selected_cum=410073349, cum_rate=0.539616
[INFO] ===========> Epoch: 1, LR: 0.00099, Previous best val_mIOU: 66.53
[INFO] Iters: 992,total_loss: 0.247,loss_x: 0.412,loss_u_s: 0.124,loss_u_m: 0.137,loss_u_fp: 0.033,mask_ratio: 0.558
[INFO] Iters: 1116,total_loss: 0.250,loss_x: 0.421,loss_u_s: 0.126,loss_u_m: 0.134,loss_u_fp: 0.028,mask_ratio: 0.561
[INFO] Iters: 1240,total_loss: 0.243,loss_x: 0.409,loss_u_s: 0.133,loss_u_m: 0.120,loss_u_fp: 0.028,mask_ratio: 0.567
[INFO] Iters: 1364,total_loss: 0.234,loss_x: 0.393,loss_u_s: 0.126,loss_u_m: 0.122,loss_u_fp: 0.026,mask_ratio: 0.576
[INFO] Iters: 1488,total_loss: 0.215,loss_x: 0.357,loss_u_s: 0.121,loss_u_m: 0.116,loss_u_fp: 0.027,mask_ratio: 0.579
[INFO] Iters: 1612,total_loss: 0.220,loss_x: 0.367,loss_u_s: 0.120,loss_u_m: 0.122,loss_u_fp: 0.023,mask_ratio: 0.572
[INFO] Iters: 1736,total_loss: 0.205,loss_x: 0.336,loss_u_s: 0.119,loss_u_m: 0.124,loss_u_fp: 0.026,mask_ratio: 0.583
[INFO] Iters: 1860,total_loss: 0.195,loss_x: 0.313,loss_u_s: 0.129,loss_u_m: 0.124,loss_u_fp: 0.026,mask_ratio: 0.586
[INFO] ***** Evaluation ***** >>>> Class [0 background] IoU: 92.00
[INFO] ***** Evaluation ***** >>>> Class [1 aeroplane] IoU: 85.32
[INFO] ***** Evaluation ***** >>>> Class [2 bicycle] IoU: 41.00
[INFO] ***** Evaluation ***** >>>> Class [3 bird] IoU: 76.41
[INFO] ***** Evaluation ***** >>>> Class [4 boat] IoU: 63.72
[INFO] ***** Evaluation ***** >>>> Class [5 bottle] IoU: 61.64
[INFO] ***** Evaluation ***** >>>> Class [6 bus] IoU: 77.82
[INFO] ***** Evaluation ***** >>>> Class [7 car] IoU: 77.45
[INFO] ***** Evaluation ***** >>>> Class [8 cat] IoU: 88.11
[INFO] ***** Evaluation ***** >>>> Class [9 chair] IoU: 29.25
[INFO] ***** Evaluation ***** >>>> Class [10 cow] IoU: 84.61
[INFO] ***** Evaluation ***** >>>> Class [11 dining table] IoU: 59.74
[INFO] ***** Evaluation ***** >>>> Class [12 dog] IoU: 81.51
[INFO] ***** Evaluation ***** >>>> Class [13 horse] IoU: 82.73
[INFO] ***** Evaluation ***** >>>> Class [14 motorbike] IoU: 72.56
[INFO] ***** Evaluation ***** >>>> Class [15 person] IoU: 79.43
[INFO] ***** Evaluation ***** >>>> Class [16 potted plant] IoU: 43.37
[INFO] ***** Evaluation ***** >>>> Class [17 sheep] IoU: 77.98
[INFO] ***** Evaluation ***** >>>> Class [18 sofa] IoU: 46.41
[INFO] ***** Evaluation ***** >>>> Class [19 train] IoU: 65.30
[INFO] ***** Evaluation ***** >>>> Class [20 tv/monitor] IoU: 69.06
[INFO] ***** Evaluation ***** original >>>> MeanIoU: 69.31

[INFO] Pseudo-label epoch summary | epoch=1, generated_epoch=760939930, selected_epoch=437645783, epoch_rate=0.575138, generated_cum=1520874786, selected_cum=847719132, cum_rate=0.557389
[INFO] ===========> Epoch: 2, LR: 0.00098, Previous best val_mIOU: 69.31
[INFO] Iters: 1984,total_loss: 0.189,loss_x: 0.312,loss_u_s: 0.118,loss_u_m: 0.105,loss_u_fp: 0.022,mask_ratio: 0.581
[INFO] Iters: 2108,total_loss: 0.178,loss_x: 0.290,loss_u_s: 0.108,loss_u_m: 0.109,loss_u_fp: 0.022,mask_ratio: 0.601
[INFO] Iters: 2232,total_loss: 0.191,loss_x: 0.311,loss_u_s: 0.121,loss_u_m: 0.120,loss_u_fp: 0.021,mask_ratio: 0.582
[INFO] Iters: 2356,total_loss: 0.201,loss_x: 0.327,loss_u_s: 0.128,loss_u_m: 0.126,loss_u_fp: 0.021,mask_ratio: 0.590
[INFO] Iters: 2480,total_loss: 0.181,loss_x: 0.293,loss_u_s: 0.114,loss_u_m: 0.118,loss_u_fp: 0.021,mask_ratio: 0.592
[INFO] Iters: 2604,total_loss: 0.200,loss_x: 0.329,loss_u_s: 0.122,loss_u_m: 0.117,loss_u_fp: 0.020,mask_ratio: 0.577
[INFO] Iters: 2728,total_loss: 0.178,loss_x: 0.292,loss_u_s: 0.100,loss_u_m: 0.115,loss_u_fp: 0.020,mask_ratio: 0.591
[INFO] Iters: 2852,total_loss: 0.171,loss_x: 0.278,loss_u_s: 0.112,loss_u_m: 0.108,loss_u_fp: 0.018,mask_ratio: 0.608
[INFO] ***** Evaluation ***** >>>> Class [0 background] IoU: 91.74
[INFO] ***** Evaluation ***** >>>> Class [1 aeroplane] IoU: 87.28
[INFO] ***** Evaluation ***** >>>> Class [2 bicycle] IoU: 36.94
[INFO] ***** Evaluation ***** >>>> Class [3 bird] IoU: 84.80
[INFO] ***** Evaluation ***** >>>> Class [4 boat] IoU: 59.78
[INFO] ***** Evaluation ***** >>>> Class [5 bottle] IoU: 72.68
[INFO] ***** Evaluation ***** >>>> Class [6 bus] IoU: 87.60
[INFO] ***** Evaluation ***** >>>> Class [7 car] IoU: 75.63
[INFO] ***** Evaluation ***** >>>> Class [8 cat] IoU: 88.03
[INFO] ***** Evaluation ***** >>>> Class [9 chair] IoU: 30.98
[INFO] ***** Evaluation ***** >>>> Class [10 cow] IoU: 79.94
[INFO] ***** Evaluation ***** >>>> Class [11 dining table] IoU: 38.93
[INFO] ***** Evaluation ***** >>>> Class [12 dog] IoU: 84.76
[INFO] ***** Evaluation ***** >>>> Class [13 horse] IoU: 72.43
[INFO] ***** Evaluation ***** >>>> Class [14 motorbike] IoU: 77.74
[INFO] ***** Evaluation ***** >>>> Class [15 person] IoU: 81.28
[INFO] ***** Evaluation ***** >>>> Class [16 potted plant] IoU: 41.04
[INFO] ***** Evaluation ***** >>>> Class [17 sheep] IoU: 83.52
[INFO] ***** Evaluation ***** >>>> Class [18 sofa] IoU: 50.70
[INFO] ***** Evaluation ***** >>>> Class [19 train] IoU: 82.19
[INFO] ***** Evaluation ***** >>>> Class [20 tv/monitor] IoU: 57.49
[INFO] ***** Evaluation ***** original >>>> MeanIoU: 69.78

[INFO] Pseudo-label epoch summary | epoch=2, generated_epoch=762250658, selected_epoch=451217002, epoch_rate=0.591954, generated_cum=2283125444, selected_cum=1298936134, cum_rate=0.568929
[INFO] ===========> Epoch: 3, LR: 0.00097, Previous best val_mIOU: 69.78
[INFO] Iters: 2976,total_loss: 0.161,loss_x: 0.256,loss_u_s: 0.124,loss_u_m: 0.107,loss_u_fp: 0.019,mask_ratio: 0.599
[INFO] Iters: 3100,total_loss: 0.166,loss_x: 0.266,loss_u_s: 0.111,loss_u_m: 0.111,loss_u_fp: 0.020,mask_ratio: 0.596
[INFO] Iters: 3224,total_loss: 0.165,loss_x: 0.264,loss_u_s: 0.114,loss_u_m: 0.108,loss_u_fp: 0.019,mask_ratio: 0.607
[INFO] Iters: 3348,total_loss: 0.165,loss_x: 0.270,loss_u_s: 0.104,loss_u_m: 0.102,loss_u_fp: 0.018,mask_ratio: 0.609
[INFO] Iters: 3472,total_loss: 0.151,loss_x: 0.242,loss_u_s: 0.103,loss_u_m: 0.104,loss_u_fp: 0.016,mask_ratio: 0.612
[INFO] Iters: 3596,total_loss: 0.180,loss_x: 0.288,loss_u_s: 0.116,loss_u_m: 0.127,loss_u_fp: 0.021,mask_ratio: 0.598
[INFO] Iters: 3720,total_loss: 0.153,loss_x: 0.240,loss_u_s: 0.119,loss_u_m: 0.119,loss_u_fp: 0.015,mask_ratio: 0.605
[INFO] Iters: 3844,total_loss: 0.168,loss_x: 0.280,loss_u_s: 0.099,loss_u_m: 0.095,loss_u_fp: 0.017,mask_ratio: 0.617
[INFO] ***** Evaluation ***** >>>> Class [0 background] IoU: 92.32
[INFO] ***** Evaluation ***** >>>> Class [1 aeroplane] IoU: 82.59
[INFO] ***** Evaluation ***** >>>> Class [2 bicycle] IoU: 39.90
[INFO] ***** Evaluation ***** >>>> Class [3 bird] IoU: 84.57
[INFO] ***** Evaluation ***** >>>> Class [4 boat] IoU: 59.62
[INFO] ***** Evaluation ***** >>>> Class [5 bottle] IoU: 72.83
[INFO] ***** Evaluation ***** >>>> Class [6 bus] IoU: 90.91
[INFO] ***** Evaluation ***** >>>> Class [7 car] IoU: 84.63
[INFO] ***** Evaluation ***** >>>> Class [8 cat] IoU: 87.50
[INFO] ***** Evaluation ***** >>>> Class [9 chair] IoU: 29.78
[INFO] ***** Evaluation ***** >>>> Class [10 cow] IoU: 73.71
[INFO] ***** Evaluation ***** >>>> Class [11 dining table] IoU: 57.35
[INFO] ***** Evaluation ***** >>>> Class [12 dog] IoU: 76.79
[INFO] ***** Evaluation ***** >>>> Class [13 horse] IoU: 75.55
[INFO] ***** Evaluation ***** >>>> Class [14 motorbike] IoU: 80.67
[INFO] ***** Evaluation ***** >>>> Class [15 person] IoU: 79.54
[INFO] ***** Evaluation ***** >>>> Class [16 potted plant] IoU: 47.35
[INFO] ***** Evaluation ***** >>>> Class [17 sheep] IoU: 69.25
[INFO] ***** Evaluation ***** >>>> Class [18 sofa] IoU: 50.13
[INFO] ***** Evaluation ***** >>>> Class [19 train] IoU: 86.26
[INFO] ***** Evaluation ***** >>>> Class [20 tv/monitor] IoU: 55.63
[INFO] ***** Evaluation ***** original >>>> MeanIoU: 70.33

[INFO] Pseudo-label epoch summary | epoch=3, generated_epoch=762768041, selected_epoch=462293166, epoch_rate=0.606073, generated_cum=3045893485, selected_cum=1761229300, cum_rate=0.578231
[INFO] ===========> Epoch: 4, LR: 0.00095, Previous best val_mIOU: 70.33
[INFO] Iters: 3968,total_loss: 0.162,loss_x: 0.263,loss_u_s: 0.101,loss_u_m: 0.107,loss_u_fp: 0.018,mask_ratio: 0.606
[INFO] Iters: 4092,total_loss: 0.142,loss_x: 0.230,loss_u_s: 0.099,loss_u_m: 0.093,loss_u_fp: 0.014,mask_ratio: 0.620
[INFO] Iters: 4216,total_loss: 0.162,loss_x: 0.263,loss_u_s: 0.107,loss_u_m: 0.103,loss_u_fp: 0.016,mask_ratio: 0.611
[INFO] Iters: 4340,total_loss: 0.157,loss_x: 0.253,loss_u_s: 0.105,loss_u_m: 0.104,loss_u_fp: 0.017,mask_ratio: 0.617
[INFO] Iters: 4464,total_loss: 0.153,loss_x: 0.246,loss_u_s: 0.106,loss_u_m: 0.096,loss_u_fp: 0.018,mask_ratio: 0.619
[INFO] Iters: 4588,total_loss: 0.154,loss_x: 0.242,loss_u_s: 0.120,loss_u_m: 0.116,loss_u_fp: 0.016,mask_ratio: 0.603
[INFO] Iters: 4712,total_loss: 0.152,loss_x: 0.233,loss_u_s: 0.134,loss_u_m: 0.111,loss_u_fp: 0.021,mask_ratio: 0.607
[INFO] Iters: 4836,total_loss: 0.143,loss_x: 0.226,loss_u_s: 0.096,loss_u_m: 0.108,loss_u_fp: 0.018,mask_ratio: 0.622
[INFO] ***** Evaluation ***** >>>> Class [0 background] IoU: 92.43
[INFO] ***** Evaluation ***** >>>> Class [1 aeroplane] IoU: 86.85
[INFO] ***** Evaluation ***** >>>> Class [2 bicycle] IoU: 37.96
[INFO] ***** Evaluation ***** >>>> Class [3 bird] IoU: 85.54
[INFO] ***** Evaluation ***** >>>> Class [4 boat] IoU: 65.12
[INFO] ***** Evaluation ***** >>>> Class [5 bottle] IoU: 67.16
[INFO] ***** Evaluation ***** >>>> Class [6 bus] IoU: 85.89
[INFO] ***** Evaluation ***** >>>> Class [7 car] IoU: 79.99
[INFO] ***** Evaluation ***** >>>> Class [8 cat] IoU: 89.48
[INFO] ***** Evaluation ***** >>>> Class [9 chair] IoU: 31.86
[INFO] ***** Evaluation ***** >>>> Class [10 cow] IoU: 82.14
[INFO] ***** Evaluation ***** >>>> Class [11 dining table] IoU: 47.28
[INFO] ***** Evaluation ***** >>>> Class [12 dog] IoU: 84.21
[INFO] ***** Evaluation ***** >>>> Class [13 horse] IoU: 82.19
[INFO] ***** Evaluation ***** >>>> Class [14 motorbike] IoU: 71.57
[INFO] ***** Evaluation ***** >>>> Class [15 person] IoU: 81.53
[INFO] ***** Evaluation ***** >>>> Class [16 potted plant] IoU: 43.45
[INFO] ***** Evaluation ***** >>>> Class [17 sheep] IoU: 77.15
[INFO] ***** Evaluation ***** >>>> Class [18 sofa] IoU: 53.61
[INFO] ***** Evaluation ***** >>>> Class [19 train] IoU: 79.83
[INFO] ***** Evaluation ***** >>>> Class [20 tv/monitor] IoU: 61.22
[INFO] ***** Evaluation ***** original >>>> MeanIoU: 70.78

[INFO] Pseudo-label epoch summary | epoch=4, generated_epoch=762113213, selected_epoch=466772155, epoch_rate=0.612471, generated_cum=3808006698, selected_cum=2228001455, cum_rate=0.585083
[INFO] ===========> Epoch: 5, LR: 0.00094, Previous best val_mIOU: 70.78
[INFO] Iters: 4960,total_loss: 0.166,loss_x: 0.264,loss_u_s: 0.106,loss_u_m: 0.124,loss_u_fp: 0.020,mask_ratio: 0.601
[INFO] Iters: 5084,total_loss: 0.132,loss_x: 0.203,loss_u_s: 0.108,loss_u_m: 0.097,loss_u_fp: 0.017,mask_ratio: 0.630
[INFO] Iters: 5208,total_loss: 0.150,loss_x: 0.237,loss_u_s: 0.104,loss_u_m: 0.114,loss_u_fp: 0.017,mask_ratio: 0.612
[INFO] Iters: 5332,total_loss: 0.135,loss_x: 0.215,loss_u_s: 0.097,loss_u_m: 0.096,loss_u_fp: 0.014,mask_ratio: 0.618
[INFO] Iters: 5456,total_loss: 0.136,loss_x: 0.213,loss_u_s: 0.106,loss_u_m: 0.100,loss_u_fp: 0.015,mask_ratio: 0.620
[INFO] Iters: 5580,total_loss: 0.130,loss_x: 0.200,loss_u_s: 0.108,loss_u_m: 0.104,loss_u_fp: 0.015,mask_ratio: 0.629
[INFO] Iters: 5704,total_loss: 0.134,loss_x: 0.211,loss_u_s: 0.098,loss_u_m: 0.105,loss_u_fp: 0.015,mask_ratio: 0.620
[INFO] Iters: 5828,total_loss: 0.132,loss_x: 0.205,loss_u_s: 0.102,loss_u_m: 0.104,loss_u_fp: 0.014,mask_ratio: 0.637
[INFO] ***** Evaluation ***** >>>> Class [0 background] IoU: 92.80
[INFO] ***** Evaluation ***** >>>> Class [1 aeroplane] IoU: 86.22
[INFO] ***** Evaluation ***** >>>> Class [2 bicycle] IoU: 37.54
[INFO] ***** Evaluation ***** >>>> Class [3 bird] IoU: 88.17
[INFO] ***** Evaluation ***** >>>> Class [4 boat] IoU: 65.32
[INFO] ***** Evaluation ***** >>>> Class [5 bottle] IoU: 71.14
[INFO] ***** Evaluation ***** >>>> Class [6 bus] IoU: 93.13
[INFO] ***** Evaluation ***** >>>> Class [7 car] IoU: 85.45
[INFO] ***** Evaluation ***** >>>> Class [8 cat] IoU: 89.47
[INFO] ***** Evaluation ***** >>>> Class [9 chair] IoU: 28.98
[INFO] ***** Evaluation ***** >>>> Class [10 cow] IoU: 80.71
[INFO] ***** Evaluation ***** >>>> Class [11 dining table] IoU: 46.86
[INFO] ***** Evaluation ***** >>>> Class [12 dog] IoU: 85.74
[INFO] ***** Evaluation ***** >>>> Class [13 horse] IoU: 81.42
[INFO] ***** Evaluation ***** >>>> Class [14 motorbike] IoU: 83.06
[INFO] ***** Evaluation ***** >>>> Class [15 person] IoU: 82.22
[INFO] ***** Evaluation ***** >>>> Class [16 potted plant] IoU: 52.77
[INFO] ***** Evaluation ***** >>>> Class [17 sheep] IoU: 77.43
[INFO] ***** Evaluation ***** >>>> Class [18 sofa] IoU: 41.14
[INFO] ***** Evaluation ***** >>>> Class [19 train] IoU: 87.32
[INFO] ***** Evaluation ***** >>>> Class [20 tv/monitor] IoU: 68.97
[INFO] ***** Evaluation ***** original >>>> MeanIoU: 72.66

[INFO] Pseudo-label epoch summary | epoch=5, generated_epoch=763604459, selected_epoch=476934293, epoch_rate=0.624583, generated_cum=4571611157, selected_cum=2704935748, cum_rate=0.591681
[INFO] ===========> Epoch: 6, LR: 0.00093, Previous best val_mIOU: 72.66
[INFO] Iters: 5952,total_loss: 0.137,loss_x: 0.213,loss_u_s: 0.099,loss_u_m: 0.110,loss_u_fp: 0.016,mask_ratio: 0.633
[INFO] Iters: 6076,total_loss: 0.132,loss_x: 0.207,loss_u_s: 0.100,loss_u_m: 0.100,loss_u_fp: 0.015,mask_ratio: 0.635
[INFO] Iters: 6200,total_loss: 0.132,loss_x: 0.202,loss_u_s: 0.112,loss_u_m: 0.110,loss_u_fp: 0.013,mask_ratio: 0.634
[INFO] Iters: 6324,total_loss: 0.129,loss_x: 0.192,loss_u_s: 0.122,loss_u_m: 0.108,loss_u_fp: 0.017,mask_ratio: 0.629
[INFO] Iters: 6448,total_loss: 0.122,loss_x: 0.188,loss_u_s: 0.100,loss_u_m: 0.097,loss_u_fp: 0.013,mask_ratio: 0.636
[INFO] Iters: 6572,total_loss: 0.127,loss_x: 0.197,loss_u_s: 0.103,loss_u_m: 0.100,loss_u_fp: 0.013,mask_ratio: 0.642
[INFO] Iters: 6696,total_loss: 0.129,loss_x: 0.196,loss_u_s: 0.109,loss_u_m: 0.105,loss_u_fp: 0.017,mask_ratio: 0.630
[INFO] Iters: 6820,total_loss: 0.126,loss_x: 0.194,loss_u_s: 0.098,loss_u_m: 0.104,loss_u_fp: 0.014,mask_ratio: 0.624
[INFO] ***** Evaluation ***** >>>> Class [0 background] IoU: 93.00
[INFO] ***** Evaluation ***** >>>> Class [1 aeroplane] IoU: 89.18
[INFO] ***** Evaluation ***** >>>> Class [2 bicycle] IoU: 39.87
[INFO] ***** Evaluation ***** >>>> Class [3 bird] IoU: 86.29
[INFO] ***** Evaluation ***** >>>> Class [4 boat] IoU: 64.81
[INFO] ***** Evaluation ***** >>>> Class [5 bottle] IoU: 75.09
[INFO] ***** Evaluation ***** >>>> Class [6 bus] IoU: 91.17
[INFO] ***** Evaluation ***** >>>> Class [7 car] IoU: 83.24
[INFO] ***** Evaluation ***** >>>> Class [8 cat] IoU: 91.03
[INFO] ***** Evaluation ***** >>>> Class [9 chair] IoU: 35.26
[INFO] ***** Evaluation ***** >>>> Class [10 cow] IoU: 86.94
[INFO] ***** Evaluation ***** >>>> Class [11 dining table] IoU: 49.75
[INFO] ***** Evaluation ***** >>>> Class [12 dog] IoU: 87.44
[INFO] ***** Evaluation ***** >>>> Class [13 horse] IoU: 82.01
[INFO] ***** Evaluation ***** >>>> Class [14 motorbike] IoU: 80.05
[INFO] ***** Evaluation ***** >>>> Class [15 person] IoU: 81.54
[INFO] ***** Evaluation ***** >>>> Class [16 potted plant] IoU: 27.02
[INFO] ***** Evaluation ***** >>>> Class [17 sheep] IoU: 83.10
[INFO] ***** Evaluation ***** >>>> Class [18 sofa] IoU: 46.24
[INFO] ***** Evaluation ***** >>>> Class [19 train] IoU: 84.03
[INFO] ***** Evaluation ***** >>>> Class [20 tv/monitor] IoU: 67.39
[INFO] ***** Evaluation ***** original >>>> MeanIoU: 72.59

[INFO] Pseudo-label epoch summary | epoch=6, generated_epoch=761091947, selected_epoch=481404608, epoch_rate=0.632518, generated_cum=5332703104, selected_cum=3186340356, cum_rate=0.597509
[INFO] ===========> Epoch: 7, LR: 0.00092, Previous best val_mIOU: 72.66
[INFO] Iters: 6944,total_loss: 0.123,loss_x: 0.185,loss_u_s: 0.103,loss_u_m: 0.106,loss_u_fp: 0.016,mask_ratio: 0.631
[INFO] Iters: 7068,total_loss: 0.114,loss_x: 0.171,loss_u_s: 0.098,loss_u_m: 0.104,loss_u_fp: 0.013,mask_ratio: 0.638
[INFO] Iters: 7192,total_loss: 0.125,loss_x: 0.195,loss_u_s: 0.093,loss_u_m: 0.103,loss_u_fp: 0.014,mask_ratio: 0.638
[INFO] Iters: 7316,total_loss: 0.124,loss_x: 0.194,loss_u_s: 0.098,loss_u_m: 0.097,loss_u_fp: 0.012,mask_ratio: 0.633
[INFO] Iters: 7440,total_loss: 0.129,loss_x: 0.202,loss_u_s: 0.097,loss_u_m: 0.093,loss_u_fp: 0.015,mask_ratio: 0.625
[INFO] Iters: 7564,total_loss: 0.118,loss_x: 0.181,loss_u_s: 0.111,loss_u_m: 0.089,loss_u_fp: 0.011,mask_ratio: 0.634
[INFO] Iters: 7688,total_loss: 0.121,loss_x: 0.188,loss_u_s: 0.097,loss_u_m: 0.094,loss_u_fp: 0.012,mask_ratio: 0.646
[INFO] Iters: 7812,total_loss: 0.126,loss_x: 0.197,loss_u_s: 0.099,loss_u_m: 0.094,loss_u_fp: 0.014,mask_ratio: 0.644
[INFO] ***** Evaluation ***** >>>> Class [0 background] IoU: 92.75
[INFO] ***** Evaluation ***** >>>> Class [1 aeroplane] IoU: 89.61
[INFO] ***** Evaluation ***** >>>> Class [2 bicycle] IoU: 42.43
[INFO] ***** Evaluation ***** >>>> Class [3 bird] IoU: 84.88
[INFO] ***** Evaluation ***** >>>> Class [4 boat] IoU: 60.87
[INFO] ***** Evaluation ***** >>>> Class [5 bottle] IoU: 76.52
[INFO] ***** Evaluation ***** >>>> Class [6 bus] IoU: 93.50
[INFO] ***** Evaluation ***** >>>> Class [7 car] IoU: 86.45
[INFO] ***** Evaluation ***** >>>> Class [8 cat] IoU: 89.65
[INFO] ***** Evaluation ***** >>>> Class [9 chair] IoU: 31.21
[INFO] ***** Evaluation ***** >>>> Class [10 cow] IoU: 80.58
[INFO] ***** Evaluation ***** >>>> Class [11 dining table] IoU: 37.14
[INFO] ***** Evaluation ***** >>>> Class [12 dog] IoU: 86.14
[INFO] ***** Evaluation ***** >>>> Class [13 horse] IoU: 77.61
[INFO] ***** Evaluation ***** >>>> Class [14 motorbike] IoU: 81.78
[INFO] ***** Evaluation ***** >>>> Class [15 person] IoU: 82.62
[INFO] ***** Evaluation ***** >>>> Class [16 potted plant] IoU: 55.15
[INFO] ***** Evaluation ***** >>>> Class [17 sheep] IoU: 84.80
[INFO] ***** Evaluation ***** >>>> Class [18 sofa] IoU: 34.53
[INFO] ***** Evaluation ***** >>>> Class [19 train] IoU: 86.28
[INFO] ***** Evaluation ***** >>>> Class [20 tv/monitor] IoU: 66.57
[INFO] ***** Evaluation ***** original >>>> MeanIoU: 72.43

[INFO] Pseudo-label epoch summary | epoch=7, generated_epoch=763238583, selected_epoch=485904493, epoch_rate=0.636635, generated_cum=6095941687, selected_cum=3672244849, cum_rate=0.602408
[INFO] ===========> Epoch: 8, LR: 0.00091, Previous best val_mIOU: 72.66
[INFO] Iters: 7936,total_loss: 0.126,loss_x: 0.201,loss_u_s: 0.092,loss_u_m: 0.091,loss_u_fp: 0.012,mask_ratio: 0.638
[INFO] Iters: 8060,total_loss: 0.124,loss_x: 0.190,loss_u_s: 0.112,loss_u_m: 0.094,loss_u_fp: 0.014,mask_ratio: 0.639
[INFO] Iters: 8184,total_loss: 0.121,loss_x: 0.182,loss_u_s: 0.108,loss_u_m: 0.107,loss_u_fp: 0.015,mask_ratio: 0.639
[INFO] Iters: 8308,total_loss: 0.116,loss_x: 0.182,loss_u_s: 0.098,loss_u_m: 0.079,loss_u_fp: 0.014,mask_ratio: 0.644
[INFO] Iters: 8432,total_loss: 0.126,loss_x: 0.197,loss_u_s: 0.096,loss_u_m: 0.101,loss_u_fp: 0.014,mask_ratio: 0.648
[INFO] Iters: 8556,total_loss: 0.119,loss_x: 0.183,loss_u_s: 0.090,loss_u_m: 0.106,loss_u_fp: 0.014,mask_ratio: 0.643
[INFO] Iters: 8680,total_loss: 0.115,loss_x: 0.182,loss_u_s: 0.092,loss_u_m: 0.083,loss_u_fp: 0.010,mask_ratio: 0.635
[INFO] Iters: 8804,total_loss: 0.110,loss_x: 0.172,loss_u_s: 0.091,loss_u_m: 0.081,loss_u_fp: 0.012,mask_ratio: 0.637
[INFO] ***** Evaluation ***** >>>> Class [0 background] IoU: 93.29
[INFO] ***** Evaluation ***** >>>> Class [1 aeroplane] IoU: 87.63
[INFO] ***** Evaluation ***** >>>> Class [2 bicycle] IoU: 40.68
[INFO] ***** Evaluation ***** >>>> Class [3 bird] IoU: 87.71
[INFO] ***** Evaluation ***** >>>> Class [4 boat] IoU: 67.01
[INFO] ***** Evaluation ***** >>>> Class [5 bottle] IoU: 76.75
[INFO] ***** Evaluation ***** >>>> Class [6 bus] IoU: 91.44
[INFO] ***** Evaluation ***** >>>> Class [7 car] IoU: 84.43
[INFO] ***** Evaluation ***** >>>> Class [8 cat] IoU: 90.50
[INFO] ***** Evaluation ***** >>>> Class [9 chair] IoU: 36.88
[INFO] ***** Evaluation ***** >>>> Class [10 cow] IoU: 83.41
[INFO] ***** Evaluation ***** >>>> Class [11 dining table] IoU: 53.09
[INFO] ***** Evaluation ***** >>>> Class [12 dog] IoU: 86.40
[INFO] ***** Evaluation ***** >>>> Class [13 horse] IoU: 84.98
[INFO] ***** Evaluation ***** >>>> Class [14 motorbike] IoU: 80.19
[INFO] ***** Evaluation ***** >>>> Class [15 person] IoU: 82.60
[INFO] ***** Evaluation ***** >>>> Class [16 potted plant] IoU: 51.61
[INFO] ***** Evaluation ***** >>>> Class [17 sheep] IoU: 76.59
[INFO] ***** Evaluation ***** >>>> Class [18 sofa] IoU: 44.74
[INFO] ***** Evaluation ***** >>>> Class [19 train] IoU: 86.71
[INFO] ***** Evaluation ***** >>>> Class [20 tv/monitor] IoU: 65.79
[INFO] ***** Evaluation ***** original >>>> MeanIoU: 73.92

[INFO] Pseudo-label epoch summary | epoch=8, generated_epoch=762102880, selected_epoch=488691173, epoch_rate=0.641240, generated_cum=6858044567, selected_cum=4160936022, cum_rate=0.606723
[INFO] ===========> Epoch: 9, LR: 0.00090, Previous best val_mIOU: 73.92
[INFO] Iters: 8928,total_loss: 0.108,loss_x: 0.166,loss_u_s: 0.090,loss_u_m: 0.090,loss_u_fp: 0.011,mask_ratio: 0.645
[INFO] Iters: 9052,total_loss: 0.104,loss_x: 0.157,loss_u_s: 0.089,loss_u_m: 0.094,loss_u_fp: 0.011,mask_ratio: 0.647
[INFO] Iters: 9176,total_loss: 0.109,loss_x: 0.165,loss_u_s: 0.094,loss_u_m: 0.091,loss_u_fp: 0.012,mask_ratio: 0.648
[INFO] Iters: 9300,total_loss: 0.124,loss_x: 0.190,loss_u_s: 0.101,loss_u_m: 0.104,loss_u_fp: 0.012,mask_ratio: 0.644
[INFO] Iters: 9424,total_loss: 0.114,loss_x: 0.176,loss_u_s: 0.093,loss_u_m: 0.095,loss_u_fp: 0.011,mask_ratio: 0.642
[INFO] Iters: 9548,total_loss: 0.108,loss_x: 0.161,loss_u_s: 0.102,loss_u_m: 0.097,loss_u_fp: 0.010,mask_ratio: 0.646
[INFO] Iters: 9672,total_loss: 0.108,loss_x: 0.160,loss_u_s: 0.101,loss_u_m: 0.102,loss_u_fp: 0.011,mask_ratio: 0.642
[INFO] Iters: 9796,total_loss: 0.115,loss_x: 0.180,loss_u_s: 0.092,loss_u_m: 0.089,loss_u_fp: 0.012,mask_ratio: 0.647
[INFO] ***** Evaluation ***** >>>> Class [0 background] IoU: 93.51
[INFO] ***** Evaluation ***** >>>> Class [1 aeroplane] IoU: 89.08
[INFO] ***** Evaluation ***** >>>> Class [2 bicycle] IoU: 38.61
[INFO] ***** Evaluation ***** >>>> Class [3 bird] IoU: 88.45
[INFO] ***** Evaluation ***** >>>> Class [4 boat] IoU: 67.27
[INFO] ***** Evaluation ***** >>>> Class [5 bottle] IoU: 71.89
[INFO] ***** Evaluation ***** >>>> Class [6 bus] IoU: 91.64
[INFO] ***** Evaluation ***** >>>> Class [7 car] IoU: 84.08
[INFO] ***** Evaluation ***** >>>> Class [8 cat] IoU: 89.10
[INFO] ***** Evaluation ***** >>>> Class [9 chair] IoU: 34.92
[INFO] ***** Evaluation ***** >>>> Class [10 cow] IoU: 81.31
[INFO] ***** Evaluation ***** >>>> Class [11 dining table] IoU: 60.69
[INFO] ***** Evaluation ***** >>>> Class [12 dog] IoU: 86.47
[INFO] ***** Evaluation ***** >>>> Class [13 horse] IoU: 79.42
[INFO] ***** Evaluation ***** >>>> Class [14 motorbike] IoU: 82.13
[INFO] ***** Evaluation ***** >>>> Class [15 person] IoU: 82.83
[INFO] ***** Evaluation ***** >>>> Class [16 potted plant] IoU: 56.71
[INFO] ***** Evaluation ***** >>>> Class [17 sheep] IoU: 84.99
[INFO] ***** Evaluation ***** >>>> Class [18 sofa] IoU: 52.52
[INFO] ***** Evaluation ***** >>>> Class [19 train] IoU: 87.91
[INFO] ***** Evaluation ***** >>>> Class [20 tv/monitor] IoU: 68.38
[INFO] ***** Evaluation ***** original >>>> MeanIoU: 74.85

[INFO] Pseudo-label epoch summary | epoch=9, generated_epoch=761969591, selected_epoch=492681164, epoch_rate=0.646589, generated_cum=7620014158, selected_cum=4653617186, cum_rate=0.610710
[INFO] ===========> Epoch: 10, LR: 0.00089, Previous best val_mIOU: 74.85
[INFO] Iters: 9920,total_loss: 0.108,loss_x: 0.171,loss_u_s: 0.081,loss_u_m: 0.079,loss_u_fp: 0.010,mask_ratio: 0.657
[INFO] Iters: 10044,total_loss: 0.108,loss_x: 0.163,loss_u_s: 0.096,loss_u_m: 0.093,loss_u_fp: 0.011,mask_ratio: 0.649
[INFO] Iters: 10168,total_loss: 0.114,loss_x: 0.169,loss_u_s: 0.112,loss_u_m: 0.094,loss_u_fp: 0.014,mask_ratio: 0.641
[INFO] Iters: 10292,total_loss: 0.105,loss_x: 0.153,loss_u_s: 0.104,loss_u_m: 0.102,loss_u_fp: 0.010,mask_ratio: 0.651
[INFO] Iters: 10416,total_loss: 0.114,loss_x: 0.171,loss_u_s: 0.102,loss_u_m: 0.098,loss_u_fp: 0.014,mask_ratio: 0.654
[INFO] Iters: 10540,total_loss: 0.109,loss_x: 0.162,loss_u_s: 0.099,loss_u_m: 0.099,loss_u_fp: 0.012,mask_ratio: 0.653
[INFO] Iters: 10664,total_loss: 0.101,loss_x: 0.156,loss_u_s: 0.083,loss_u_m: 0.081,loss_u_fp: 0.011,mask_ratio: 0.654
[INFO] Iters: 10788,total_loss: 0.100,loss_x: 0.152,loss_u_s: 0.079,loss_u_m: 0.095,loss_u_fp: 0.010,mask_ratio: 0.657
[INFO] ***** Evaluation ***** >>>> Class [0 background] IoU: 93.16
[INFO] ***** Evaluation ***** >>>> Class [1 aeroplane] IoU: 89.32
[INFO] ***** Evaluation ***** >>>> Class [2 bicycle] IoU: 42.11
[INFO] ***** Evaluation ***** >>>> Class [3 bird] IoU: 86.04
[INFO] ***** Evaluation ***** >>>> Class [4 boat] IoU: 67.13
[INFO] ***** Evaluation ***** >>>> Class [5 bottle] IoU: 78.47
[INFO] ***** Evaluation ***** >>>> Class [6 bus] IoU: 93.64
[INFO] ***** Evaluation ***** >>>> Class [7 car] IoU: 85.30
[INFO] ***** Evaluation ***** >>>> Class [8 cat] IoU: 91.06
[INFO] ***** Evaluation ***** >>>> Class [9 chair] IoU: 35.92
[INFO] ***** Evaluation ***** >>>> Class [10 cow] IoU: 76.07
[INFO] ***** Evaluation ***** >>>> Class [11 dining table] IoU: 43.09
[INFO] ***** Evaluation ***** >>>> Class [12 dog] IoU: 82.23
[INFO] ***** Evaluation ***** >>>> Class [13 horse] IoU: 81.73
[INFO] ***** Evaluation ***** >>>> Class [14 motorbike] IoU: 81.44
[INFO] ***** Evaluation ***** >>>> Class [15 person] IoU: 83.37
[INFO] ***** Evaluation ***** >>>> Class [16 potted plant] IoU: 56.54
[INFO] ***** Evaluation ***** >>>> Class [17 sheep] IoU: 85.38
[INFO] ***** Evaluation ***** >>>> Class [18 sofa] IoU: 39.65
[INFO] ***** Evaluation ***** >>>> Class [19 train] IoU: 89.07
[INFO] ***** Evaluation ***** >>>> Class [20 tv/monitor] IoU: 61.05
[INFO] ***** Evaluation ***** original >>>> MeanIoU: 73.42

[INFO] Pseudo-label epoch summary | epoch=10, generated_epoch=762662532, selected_epoch=497768105, epoch_rate=0.652672, generated_cum=8382676690, selected_cum=5151385291, cum_rate=0.614527
[INFO] ===========> Epoch: 11, LR: 0.00088, Previous best val_mIOU: 74.85
[INFO] Iters: 10912,total_loss: 0.103,loss_x: 0.160,loss_u_s: 0.081,loss_u_m: 0.083,loss_u_fp: 0.011,mask_ratio: 0.664
[INFO] Iters: 11036,total_loss: 0.106,loss_x: 0.155,loss_u_s: 0.089,loss_u_m: 0.122,loss_u_fp: 0.010,mask_ratio: 0.655
[INFO] Iters: 11160,total_loss: 0.092,loss_x: 0.137,loss_u_s: 0.078,loss_u_m: 0.086,loss_u_fp: 0.010,mask_ratio: 0.653
[INFO] Iters: 11284,total_loss: 0.104,loss_x: 0.152,loss_u_s: 0.100,loss_u_m: 0.098,loss_u_fp: 0.014,mask_ratio: 0.654
[INFO] Iters: 11408,total_loss: 0.110,loss_x: 0.175,loss_u_s: 0.073,loss_u_m: 0.086,loss_u_fp: 0.010,mask_ratio: 0.656
[INFO] Iters: 11532,total_loss: 0.109,loss_x: 0.160,loss_u_s: 0.111,loss_u_m: 0.092,loss_u_fp: 0.014,mask_ratio: 0.648
[INFO] Iters: 11656,total_loss: 0.104,loss_x: 0.152,loss_u_s: 0.093,loss_u_m: 0.103,loss_u_fp: 0.012,mask_ratio: 0.650
[INFO] Iters: 11780,total_loss: 0.098,loss_x: 0.149,loss_u_s: 0.082,loss_u_m: 0.083,loss_u_fp: 0.011,mask_ratio: 0.663
[INFO] ***** Evaluation ***** >>>> Class [0 background] IoU: 93.56
[INFO] ***** Evaluation ***** >>>> Class [1 aeroplane] IoU: 88.72
[INFO] ***** Evaluation ***** >>>> Class [2 bicycle] IoU: 40.18
[INFO] ***** Evaluation ***** >>>> Class [3 bird] IoU: 86.25
[INFO] ***** Evaluation ***** >>>> Class [4 boat] IoU: 65.91
[INFO] ***** Evaluation ***** >>>> Class [5 bottle] IoU: 76.72
[INFO] ***** Evaluation ***** >>>> Class [6 bus] IoU: 94.02
[INFO] ***** Evaluation ***** >>>> Class [7 car] IoU: 86.78
[INFO] ***** Evaluation ***** >>>> Class [8 cat] IoU: 91.28
[INFO] ***** Evaluation ***** >>>> Class [9 chair] IoU: 38.17
[INFO] ***** Evaluation ***** >>>> Class [10 cow] IoU: 85.82
[INFO] ***** Evaluation ***** >>>> Class [11 dining table] IoU: 47.98
[INFO] ***** Evaluation ***** >>>> Class [12 dog] IoU: 87.86
[INFO] ***** Evaluation ***** >>>> Class [13 horse] IoU: 84.79
[INFO] ***** Evaluation ***** >>>> Class [14 motorbike] IoU: 84.13
[INFO] ***** Evaluation ***** >>>> Class [15 person] IoU: 83.64
[INFO] ***** Evaluation ***** >>>> Class [16 potted plant] IoU: 57.83
[INFO] ***** Evaluation ***** >>>> Class [17 sheep] IoU: 83.72
[INFO] ***** Evaluation ***** >>>> Class [18 sofa] IoU: 48.44
[INFO] ***** Evaluation ***** >>>> Class [19 train] IoU: 88.43
[INFO] ***** Evaluation ***** >>>> Class [20 tv/monitor] IoU: 66.83
[INFO] ***** Evaluation ***** original >>>> MeanIoU: 75.29

[INFO] Pseudo-label epoch summary | epoch=11, generated_epoch=761607175, selected_epoch=498390246, epoch_rate=0.654393, generated_cum=9144283865, selected_cum=5649775537, cum_rate=0.617848
[INFO] ===========> Epoch: 12, LR: 0.00086, Previous best val_mIOU: 75.29
[INFO] Iters: 11904,total_loss: 0.096,loss_x: 0.142,loss_u_s: 0.087,loss_u_m: 0.093,loss_u_fp: 0.010,mask_ratio: 0.656
[INFO] Iters: 12028,total_loss: 0.104,loss_x: 0.162,loss_u_s: 0.077,loss_u_m: 0.089,loss_u_fp: 0.009,mask_ratio: 0.655
[INFO] Iters: 12152,total_loss: 0.098,loss_x: 0.147,loss_u_s: 0.093,loss_u_m: 0.088,loss_u_fp: 0.010,mask_ratio: 0.658
[INFO] Iters: 12276,total_loss: 0.096,loss_x: 0.145,loss_u_s: 0.092,loss_u_m: 0.075,loss_u_fp: 0.011,mask_ratio: 0.663
[INFO] Iters: 12400,total_loss: 0.092,loss_x: 0.137,loss_u_s: 0.076,loss_u_m: 0.087,loss_u_fp: 0.012,mask_ratio: 0.664
[INFO] Iters: 12524,total_loss: 0.095,loss_x: 0.137,loss_u_s: 0.091,loss_u_m: 0.098,loss_u_fp: 0.011,mask_ratio: 0.663
[INFO] Iters: 12648,total_loss: 0.094,loss_x: 0.140,loss_u_s: 0.087,loss_u_m: 0.083,loss_u_fp: 0.011,mask_ratio: 0.663
[INFO] Iters: 12772,total_loss: 0.093,loss_x: 0.134,loss_u_s: 0.091,loss_u_m: 0.096,loss_u_fp: 0.012,mask_ratio: 0.664
[INFO] ***** Evaluation ***** >>>> Class [0 background] IoU: 93.72
[INFO] ***** Evaluation ***** >>>> Class [1 aeroplane] IoU: 90.81
[INFO] ***** Evaluation ***** >>>> Class [2 bicycle] IoU: 44.68
[INFO] ***** Evaluation ***** >>>> Class [3 bird] IoU: 88.15
[INFO] ***** Evaluation ***** >>>> Class [4 boat] IoU: 68.88
[INFO] ***** Evaluation ***** >>>> Class [5 bottle] IoU: 76.02
[INFO] ***** Evaluation ***** >>>> Class [6 bus] IoU: 93.92
[INFO] ***** Evaluation ***** >>>> Class [7 car] IoU: 87.42
[INFO] ***** Evaluation ***** >>>> Class [8 cat] IoU: 91.14
[INFO] ***** Evaluation ***** >>>> Class [9 chair] IoU: 36.72
[INFO] ***** Evaluation ***** >>>> Class [10 cow] IoU: 76.37
[INFO] ***** Evaluation ***** >>>> Class [11 dining table] IoU: 51.11
[INFO] ***** Evaluation ***** >>>> Class [12 dog] IoU: 79.11
[INFO] ***** Evaluation ***** >>>> Class [13 horse] IoU: 81.49
[INFO] ***** Evaluation ***** >>>> Class [14 motorbike] IoU: 84.57
[INFO] ***** Evaluation ***** >>>> Class [15 person] IoU: 83.77
[INFO] ***** Evaluation ***** >>>> Class [16 potted plant] IoU: 57.45
[INFO] ***** Evaluation ***** >>>> Class [17 sheep] IoU: 84.83
[INFO] ***** Evaluation ***** >>>> Class [18 sofa] IoU: 54.04
[INFO] ***** Evaluation ***** >>>> Class [19 train] IoU: 87.25
[INFO] ***** Evaluation ***** >>>> Class [20 tv/monitor] IoU: 63.51
[INFO] ***** Evaluation ***** original >>>> MeanIoU: 75.00

[INFO] Pseudo-label epoch summary | epoch=12, generated_epoch=760265324, selected_epoch=501768495, epoch_rate=0.659991, generated_cum=9904549189, selected_cum=6151544032, cum_rate=0.621083
[INFO] ===========> Epoch: 13, LR: 0.00085, Previous best val_mIOU: 75.29
[INFO] Iters: 12896,total_loss: 0.111,loss_x: 0.166,loss_u_s: 0.099,loss_u_m: 0.098,loss_u_fp: 0.014,mask_ratio: 0.652
[INFO] Iters: 13020,total_loss: 0.093,loss_x: 0.140,loss_u_s: 0.089,loss_u_m: 0.076,loss_u_fp: 0.010,mask_ratio: 0.661
[INFO] Iters: 13144,total_loss: 0.094,loss_x: 0.135,loss_u_s: 0.093,loss_u_m: 0.097,loss_u_fp: 0.011,mask_ratio: 0.666
[INFO] Iters: 13268,total_loss: 0.092,loss_x: 0.133,loss_u_s: 0.102,loss_u_m: 0.083,loss_u_fp: 0.010,mask_ratio: 0.667
[INFO] Iters: 13392,total_loss: 0.099,loss_x: 0.150,loss_u_s: 0.089,loss_u_m: 0.080,loss_u_fp: 0.012,mask_ratio: 0.655
[INFO] Iters: 13516,total_loss: 0.093,loss_x: 0.140,loss_u_s: 0.086,loss_u_m: 0.082,loss_u_fp: 0.010,mask_ratio: 0.665
[INFO] Iters: 13640,total_loss: 0.102,loss_x: 0.158,loss_u_s: 0.082,loss_u_m: 0.082,loss_u_fp: 0.011,mask_ratio: 0.656
[INFO] Iters: 13764,total_loss: 0.100,loss_x: 0.146,loss_u_s: 0.105,loss_u_m: 0.088,loss_u_fp: 0.011,mask_ratio: 0.669
[INFO] ***** Evaluation ***** >>>> Class [0 background] IoU: 93.76
[INFO] ***** Evaluation ***** >>>> Class [1 aeroplane] IoU: 89.94
[INFO] ***** Evaluation ***** >>>> Class [2 bicycle] IoU: 43.38
[INFO] ***** Evaluation ***** >>>> Class [3 bird] IoU: 88.02
[INFO] ***** Evaluation ***** >>>> Class [4 boat] IoU: 68.65
[INFO] ***** Evaluation ***** >>>> Class [5 bottle] IoU: 75.90
[INFO] ***** Evaluation ***** >>>> Class [6 bus] IoU: 94.03
[INFO] ***** Evaluation ***** >>>> Class [7 car] IoU: 86.24
[INFO] ***** Evaluation ***** >>>> Class [8 cat] IoU: 91.17
[INFO] ***** Evaluation ***** >>>> Class [9 chair] IoU: 33.62
[INFO] ***** Evaluation ***** >>>> Class [10 cow] IoU: 83.74
[INFO] ***** Evaluation ***** >>>> Class [11 dining table] IoU: 53.99
[INFO] ***** Evaluation ***** >>>> Class [12 dog] IoU: 84.84
[INFO] ***** Evaluation ***** >>>> Class [13 horse] IoU: 80.95
[INFO] ***** Evaluation ***** >>>> Class [14 motorbike] IoU: 84.21
[INFO] ***** Evaluation ***** >>>> Class [15 person] IoU: 84.12
[INFO] ***** Evaluation ***** >>>> Class [16 potted plant] IoU: 52.34
[INFO] ***** Evaluation ***** >>>> Class [17 sheep] IoU: 76.36
[INFO] ***** Evaluation ***** >>>> Class [18 sofa] IoU: 47.50
[INFO] ***** Evaluation ***** >>>> Class [19 train] IoU: 88.80
[INFO] ***** Evaluation ***** >>>> Class [20 tv/monitor] IoU: 67.58
[INFO] ***** Evaluation ***** original >>>> MeanIoU: 74.72

[INFO] Pseudo-label epoch summary | epoch=13, generated_epoch=760586179, selected_epoch=504235379, epoch_rate=0.662956, generated_cum=10665135368, selected_cum=6655779411, cum_rate=0.624069
[INFO] ===========> Epoch: 14, LR: 0.00084, Previous best val_mIOU: 75.29
[INFO] Iters: 13888,total_loss: 0.090,loss_x: 0.136,loss_u_s: 0.075,loss_u_m: 0.077,loss_u_fp: 0.010,mask_ratio: 0.666
[INFO] Iters: 14012,total_loss: 0.102,loss_x: 0.151,loss_u_s: 0.097,loss_u_m: 0.090,loss_u_fp: 0.010,mask_ratio: 0.668
[INFO] Iters: 14136,total_loss: 0.101,loss_x: 0.147,loss_u_s: 0.099,loss_u_m: 0.101,loss_u_fp: 0.011,mask_ratio: 0.662
[INFO] Iters: 14260,total_loss: 0.091,loss_x: 0.133,loss_u_s: 0.088,loss_u_m: 0.087,loss_u_fp: 0.010,mask_ratio: 0.668
[INFO] Iters: 14384,total_loss: 0.092,loss_x: 0.137,loss_u_s: 0.090,loss_u_m: 0.076,loss_u_fp: 0.010,mask_ratio: 0.675
[INFO] Iters: 14508,total_loss: 0.096,loss_x: 0.139,loss_u_s: 0.089,loss_u_m: 0.102,loss_u_fp: 0.011,mask_ratio: 0.657
[INFO] Iters: 14632,total_loss: 0.093,loss_x: 0.134,loss_u_s: 0.085,loss_u_m: 0.097,loss_u_fp: 0.012,mask_ratio: 0.662
[INFO] Iters: 14756,total_loss: 0.091,loss_x: 0.139,loss_u_s: 0.074,loss_u_m: 0.076,loss_u_fp: 0.010,mask_ratio: 0.664
[INFO] ***** Evaluation ***** >>>> Class [0 background] IoU: 93.86
[INFO] ***** Evaluation ***** >>>> Class [1 aeroplane] IoU: 90.37
[INFO] ***** Evaluation ***** >>>> Class [2 bicycle] IoU: 43.03
[INFO] ***** Evaluation ***** >>>> Class [3 bird] IoU: 89.09
[INFO] ***** Evaluation ***** >>>> Class [4 boat] IoU: 66.19
[INFO] ***** Evaluation ***** >>>> Class [5 bottle] IoU: 77.08
[INFO] ***** Evaluation ***** >>>> Class [6 bus] IoU: 93.83
[INFO] ***** Evaluation ***** >>>> Class [7 car] IoU: 87.89
[INFO] ***** Evaluation ***** >>>> Class [8 cat] IoU: 91.48
[INFO] ***** Evaluation ***** >>>> Class [9 chair] IoU: 38.83
[INFO] ***** Evaluation ***** >>>> Class [10 cow] IoU: 82.54
[INFO] ***** Evaluation ***** >>>> Class [11 dining table] IoU: 56.15
[INFO] ***** Evaluation ***** >>>> Class [12 dog] IoU: 87.14
[INFO] ***** Evaluation ***** >>>> Class [13 horse] IoU: 81.50
[INFO] ***** Evaluation ***** >>>> Class [14 motorbike] IoU: 85.29
[INFO] ***** Evaluation ***** >>>> Class [15 person] IoU: 83.98
[INFO] ***** Evaluation ***** >>>> Class [16 potted plant] IoU: 47.21
[INFO] ***** Evaluation ***** >>>> Class [17 sheep] IoU: 82.41
[INFO] ***** Evaluation ***** >>>> Class [18 sofa] IoU: 53.60
[INFO] ***** Evaluation ***** >>>> Class [19 train] IoU: 81.75
[INFO] ***** Evaluation ***** >>>> Class [20 tv/monitor] IoU: 68.18
[INFO] ***** Evaluation ***** original >>>> MeanIoU: 75.30

[INFO] Pseudo-label epoch summary | epoch=14, generated_epoch=763058689, selected_epoch=507505551, epoch_rate=0.665094, generated_cum=11428194057, selected_cum=7163284962, cum_rate=0.626808
[INFO] ===========> Epoch: 15, LR: 0.00083, Previous best val_mIOU: 75.30
[INFO] Iters: 14880,total_loss: 0.093,loss_x: 0.144,loss_u_s: 0.075,loss_u_m: 0.079,loss_u_fp: 0.009,mask_ratio: 0.667
[INFO] Iters: 15004,total_loss: 0.087,loss_x: 0.133,loss_u_s: 0.077,loss_u_m: 0.068,loss_u_fp: 0.009,mask_ratio: 0.672
[INFO] Iters: 15128,total_loss: 0.089,loss_x: 0.132,loss_u_s: 0.081,loss_u_m: 0.082,loss_u_fp: 0.009,mask_ratio: 0.674
[INFO] Iters: 15252,total_loss: 0.087,loss_x: 0.130,loss_u_s: 0.077,loss_u_m: 0.075,loss_u_fp: 0.009,mask_ratio: 0.678
[INFO] Iters: 15376,total_loss: 0.100,loss_x: 0.140,loss_u_s: 0.105,loss_u_m: 0.106,loss_u_fp: 0.013,mask_ratio: 0.664
[INFO] Iters: 15500,total_loss: 0.089,loss_x: 0.131,loss_u_s: 0.091,loss_u_m: 0.077,loss_u_fp: 0.010,mask_ratio: 0.661
[INFO] Iters: 15624,total_loss: 0.085,loss_x: 0.123,loss_u_s: 0.079,loss_u_m: 0.086,loss_u_fp: 0.010,mask_ratio: 0.673
[INFO] Iters: 15748,total_loss: 0.088,loss_x: 0.129,loss_u_s: 0.084,loss_u_m: 0.085,loss_u_fp: 0.009,mask_ratio: 0.670
[INFO] ***** Evaluation ***** >>>> Class [0 background] IoU: 93.90
[INFO] ***** Evaluation ***** >>>> Class [1 aeroplane] IoU: 88.60
[INFO] ***** Evaluation ***** >>>> Class [2 bicycle] IoU: 43.25
[INFO] ***** Evaluation ***** >>>> Class [3 bird] IoU: 88.24
[INFO] ***** Evaluation ***** >>>> Class [4 boat] IoU: 67.04
[INFO] ***** Evaluation ***** >>>> Class [5 bottle] IoU: 76.93
[INFO] ***** Evaluation ***** >>>> Class [6 bus] IoU: 94.18
[INFO] ***** Evaluation ***** >>>> Class [7 car] IoU: 85.36
[INFO] ***** Evaluation ***** >>>> Class [8 cat] IoU: 91.17
[INFO] ***** Evaluation ***** >>>> Class [9 chair] IoU: 40.56
[INFO] ***** Evaluation ***** >>>> Class [10 cow] IoU: 84.15
[INFO] ***** Evaluation ***** >>>> Class [11 dining table] IoU: 46.91
[INFO] ***** Evaluation ***** >>>> Class [12 dog] IoU: 87.10
[INFO] ***** Evaluation ***** >>>> Class [13 horse] IoU: 84.23
[INFO] ***** Evaluation ***** >>>> Class [14 motorbike] IoU: 83.88
[INFO] ***** Evaluation ***** >>>> Class [15 person] IoU: 84.30
[INFO] ***** Evaluation ***** >>>> Class [16 potted plant] IoU: 58.68
[INFO] ***** Evaluation ***** >>>> Class [17 sheep] IoU: 80.36
[INFO] ***** Evaluation ***** >>>> Class [18 sofa] IoU: 53.80
[INFO] ***** Evaluation ***** >>>> Class [19 train] IoU: 88.30
[INFO] ***** Evaluation ***** >>>> Class [20 tv/monitor] IoU: 68.17
[INFO] ***** Evaluation ***** original >>>> MeanIoU: 75.67

[INFO] Pseudo-label epoch summary | epoch=15, generated_epoch=762278614, selected_epoch=511145481, epoch_rate=0.670549, generated_cum=12190472671, selected_cum=7674430443, cum_rate=0.629543
[INFO] ===========> Epoch: 16, LR: 0.00082, Previous best val_mIOU: 75.67
[INFO] Iters: 15872,total_loss: 0.087,loss_x: 0.129,loss_u_s: 0.083,loss_u_m: 0.076,loss_u_fp: 0.012,mask_ratio: 0.672
[INFO] Iters: 15996,total_loss: 0.090,loss_x: 0.133,loss_u_s: 0.081,loss_u_m: 0.084,loss_u_fp: 0.013,mask_ratio: 0.674
[INFO] Iters: 16120,total_loss: 0.087,loss_x: 0.125,loss_u_s: 0.083,loss_u_m: 0.093,loss_u_fp: 0.009,mask_ratio: 0.673
[INFO] Iters: 16244,total_loss: 0.088,loss_x: 0.132,loss_u_s: 0.077,loss_u_m: 0.079,loss_u_fp: 0.010,mask_ratio: 0.670
[INFO] Iters: 16368,total_loss: 0.084,loss_x: 0.125,loss_u_s: 0.074,loss_u_m: 0.078,loss_u_fp: 0.010,mask_ratio: 0.678
[INFO] Iters: 16492,total_loss: 0.086,loss_x: 0.127,loss_u_s: 0.086,loss_u_m: 0.079,loss_u_fp: 0.008,mask_ratio: 0.680
[INFO] Iters: 16616,total_loss: 0.094,loss_x: 0.135,loss_u_s: 0.095,loss_u_m: 0.090,loss_u_fp: 0.012,mask_ratio: 0.668
[INFO] Iters: 16740,total_loss: 0.085,loss_x: 0.122,loss_u_s: 0.089,loss_u_m: 0.081,loss_u_fp: 0.012,mask_ratio: 0.675
[INFO] ***** Evaluation ***** >>>> Class [0 background] IoU: 93.60
[INFO] ***** Evaluation ***** >>>> Class [1 aeroplane] IoU: 90.13
[INFO] ***** Evaluation ***** >>>> Class [2 bicycle] IoU: 43.09
[INFO] ***** Evaluation ***** >>>> Class [3 bird] IoU: 87.72
[INFO] ***** Evaluation ***** >>>> Class [4 boat] IoU: 71.66
[INFO] ***** Evaluation ***** >>>> Class [5 bottle] IoU: 76.53
[INFO] ***** Evaluation ***** >>>> Class [6 bus] IoU: 94.32
[INFO] ***** Evaluation ***** >>>> Class [7 car] IoU: 87.61
[INFO] ***** Evaluation ***** >>>> Class [8 cat] IoU: 92.72
[INFO] ***** Evaluation ***** >>>> Class [9 chair] IoU: 35.27
[INFO] ***** Evaluation ***** >>>> Class [10 cow] IoU: 82.95
[INFO] ***** Evaluation ***** >>>> Class [11 dining table] IoU: 50.74
[INFO] ***** Evaluation ***** >>>> Class [12 dog] IoU: 85.17
[INFO] ***** Evaluation ***** >>>> Class [13 horse] IoU: 83.19
[INFO] ***** Evaluation ***** >>>> Class [14 motorbike] IoU: 84.84
[INFO] ***** Evaluation ***** >>>> Class [15 person] IoU: 84.26
[INFO] ***** Evaluation ***** >>>> Class [16 potted plant] IoU: 59.53
[INFO] ***** Evaluation ***** >>>> Class [17 sheep] IoU: 83.50
[INFO] ***** Evaluation ***** >>>> Class [18 sofa] IoU: 36.28
[INFO] ***** Evaluation ***** >>>> Class [19 train] IoU: 88.49
[INFO] ***** Evaluation ***** >>>> Class [20 tv/monitor] IoU: 67.41
[INFO] ***** Evaluation ***** original >>>> MeanIoU: 75.19

[INFO] Pseudo-label epoch summary | epoch=16, generated_epoch=763666208, selected_epoch=515092243, epoch_rate=0.674499, generated_cum=12954138879, selected_cum=8189522686, cum_rate=0.632194
[INFO] ===========> Epoch: 17, LR: 0.00081, Previous best val_mIOU: 75.67
[INFO] Iters: 16864,total_loss: 0.090,loss_x: 0.134,loss_u_s: 0.077,loss_u_m: 0.088,loss_u_fp: 0.009,mask_ratio: 0.678
[INFO] Iters: 16988,total_loss: 0.082,loss_x: 0.121,loss_u_s: 0.081,loss_u_m: 0.078,loss_u_fp: 0.008,mask_ratio: 0.678
[INFO] Iters: 17112,total_loss: 0.083,loss_x: 0.117,loss_u_s: 0.093,loss_u_m: 0.085,loss_u_fp: 0.010,mask_ratio: 0.672
[INFO] Iters: 17236,total_loss: 0.086,loss_x: 0.124,loss_u_s: 0.092,loss_u_m: 0.086,loss_u_fp: 0.008,mask_ratio: 0.672
[INFO] Iters: 17360,total_loss: 0.083,loss_x: 0.125,loss_u_s: 0.071,loss_u_m: 0.073,loss_u_fp: 0.011,mask_ratio: 0.677
[INFO] Iters: 17484,total_loss: 0.080,loss_x: 0.112,loss_u_s: 0.078,loss_u_m: 0.087,loss_u_fp: 0.011,mask_ratio: 0.677
[INFO] Iters: 17608,total_loss: 0.084,loss_x: 0.120,loss_u_s: 0.086,loss_u_m: 0.088,loss_u_fp: 0.011,mask_ratio: 0.691
[INFO] Iters: 17732,total_loss: 0.086,loss_x: 0.130,loss_u_s: 0.075,loss_u_m: 0.073,loss_u_fp: 0.009,mask_ratio: 0.680
[INFO] ***** Evaluation ***** >>>> Class [0 background] IoU: 94.04
[INFO] ***** Evaluation ***** >>>> Class [1 aeroplane] IoU: 90.53
[INFO] ***** Evaluation ***** >>>> Class [2 bicycle] IoU: 43.24
[INFO] ***** Evaluation ***** >>>> Class [3 bird] IoU: 87.63
[INFO] ***** Evaluation ***** >>>> Class [4 boat] IoU: 67.81
[INFO] ***** Evaluation ***** >>>> Class [5 bottle] IoU: 78.32
[INFO] ***** Evaluation ***** >>>> Class [6 bus] IoU: 94.20
[INFO] ***** Evaluation ***** >>>> Class [7 car] IoU: 85.86
[INFO] ***** Evaluation ***** >>>> Class [8 cat] IoU: 93.20
[INFO] ***** Evaluation ***** >>>> Class [9 chair] IoU: 35.35
[INFO] ***** Evaluation ***** >>>> Class [10 cow] IoU: 82.80
[INFO] ***** Evaluation ***** >>>> Class [11 dining table] IoU: 50.50
[INFO] ***** Evaluation ***** >>>> Class [12 dog] IoU: 86.70
[INFO] ***** Evaluation ***** >>>> Class [13 horse] IoU: 81.15
[INFO] ***** Evaluation ***** >>>> Class [14 motorbike] IoU: 83.20
[INFO] ***** Evaluation ***** >>>> Class [15 person] IoU: 84.79
[INFO] ***** Evaluation ***** >>>> Class [16 potted plant] IoU: 60.62
[INFO] ***** Evaluation ***** >>>> Class [17 sheep] IoU: 87.27
[INFO] ***** Evaluation ***** >>>> Class [18 sofa] IoU: 53.58
[INFO] ***** Evaluation ***** >>>> Class [19 train] IoU: 87.42
[INFO] ***** Evaluation ***** >>>> Class [20 tv/monitor] IoU: 70.29
[INFO] ***** Evaluation ***** original >>>> MeanIoU: 76.12

[INFO] Pseudo-label epoch summary | epoch=17, generated_epoch=764181244, selected_epoch=518726132, epoch_rate=0.678800, generated_cum=13718320123, selected_cum=8708248818, cum_rate=0.634790
[INFO] ===========> Epoch: 18, LR: 0.00080, Previous best val_mIOU: 76.12
[INFO] Iters: 17856,total_loss: 0.082,loss_x: 0.118,loss_u_s: 0.079,loss_u_m: 0.086,loss_u_fp: 0.008,mask_ratio: 0.685
[INFO] Iters: 17980,total_loss: 0.081,loss_x: 0.115,loss_u_s: 0.082,loss_u_m: 0.087,loss_u_fp: 0.010,mask_ratio: 0.678
[INFO] Iters: 18104,total_loss: 0.083,loss_x: 0.120,loss_u_s: 0.087,loss_u_m: 0.076,loss_u_fp: 0.010,mask_ratio: 0.675
[INFO] Iters: 18228,total_loss: 0.081,loss_x: 0.121,loss_u_s: 0.077,loss_u_m: 0.067,loss_u_fp: 0.009,mask_ratio: 0.680
[INFO] Iters: 18352,total_loss: 0.083,loss_x: 0.121,loss_u_s: 0.079,loss_u_m: 0.084,loss_u_fp: 0.008,mask_ratio: 0.681
[INFO] Iters: 18476,total_loss: 0.077,loss_x: 0.114,loss_u_s: 0.076,loss_u_m: 0.067,loss_u_fp: 0.010,mask_ratio: 0.681
[INFO] Iters: 18600,total_loss: 0.087,loss_x: 0.126,loss_u_s: 0.084,loss_u_m: 0.086,loss_u_fp: 0.010,mask_ratio: 0.681
[INFO] Iters: 18724,total_loss: 0.082,loss_x: 0.119,loss_u_s: 0.091,loss_u_m: 0.070,loss_u_fp: 0.010,mask_ratio: 0.687
[INFO] ***** Evaluation ***** >>>> Class [0 background] IoU: 93.97
[INFO] ***** Evaluation ***** >>>> Class [1 aeroplane] IoU: 90.61
[INFO] ***** Evaluation ***** >>>> Class [2 bicycle] IoU: 42.44
[INFO] ***** Evaluation ***** >>>> Class [3 bird] IoU: 88.36
[INFO] ***** Evaluation ***** >>>> Class [4 boat] IoU: 67.56
[INFO] ***** Evaluation ***** >>>> Class [5 bottle] IoU: 78.54
[INFO] ***** Evaluation ***** >>>> Class [6 bus] IoU: 90.75
[INFO] ***** Evaluation ***** >>>> Class [7 car] IoU: 86.29
[INFO] ***** Evaluation ***** >>>> Class [8 cat] IoU: 92.18
[INFO] ***** Evaluation ***** >>>> Class [9 chair] IoU: 35.32
[INFO] ***** Evaluation ***** >>>> Class [10 cow] IoU: 85.30
[INFO] ***** Evaluation ***** >>>> Class [11 dining table] IoU: 48.98
[INFO] ***** Evaluation ***** >>>> Class [12 dog] IoU: 87.42
[INFO] ***** Evaluation ***** >>>> Class [13 horse] IoU: 81.46
[INFO] ***** Evaluation ***** >>>> Class [14 motorbike] IoU: 82.28
[INFO] ***** Evaluation ***** >>>> Class [15 person] IoU: 84.66
[INFO] ***** Evaluation ***** >>>> Class [16 potted plant] IoU: 60.85
[INFO] ***** Evaluation ***** >>>> Class [17 sheep] IoU: 86.21
[INFO] ***** Evaluation ***** >>>> Class [18 sofa] IoU: 53.85
[INFO] ***** Evaluation ***** >>>> Class [19 train] IoU: 85.05
[INFO] ***** Evaluation ***** >>>> Class [20 tv/monitor] IoU: 65.44
[INFO] ***** Evaluation ***** original >>>> MeanIoU: 75.60

[INFO] Pseudo-label epoch summary | epoch=18, generated_epoch=761572164, selected_epoch=518533073, epoch_rate=0.680872, generated_cum=14479892287, selected_cum=9226781891, cum_rate=0.637213
[INFO] ===========> Epoch: 19, LR: 0.00078, Previous best val_mIOU: 76.12
[INFO] Iters: 18848,total_loss: 0.083,loss_x: 0.124,loss_u_s: 0.075,loss_u_m: 0.078,loss_u_fp: 0.009,mask_ratio: 0.683
[INFO] Iters: 18972,total_loss: 0.079,loss_x: 0.117,loss_u_s: 0.069,loss_u_m: 0.078,loss_u_fp: 0.009,mask_ratio: 0.688
[INFO] Iters: 19096,total_loss: 0.085,loss_x: 0.123,loss_u_s: 0.081,loss_u_m: 0.091,loss_u_fp: 0.009,mask_ratio: 0.674
[INFO] Iters: 19220,total_loss: 0.081,loss_x: 0.118,loss_u_s: 0.078,loss_u_m: 0.084,loss_u_fp: 0.008,mask_ratio: 0.684
[INFO] Iters: 19344,total_loss: 0.085,loss_x: 0.124,loss_u_s: 0.089,loss_u_m: 0.076,loss_u_fp: 0.008,mask_ratio: 0.688
[INFO] Iters: 19468,total_loss: 0.081,loss_x: 0.117,loss_u_s: 0.088,loss_u_m: 0.078,loss_u_fp: 0.009,mask_ratio: 0.687
[INFO] Iters: 19592,total_loss: 0.083,loss_x: 0.123,loss_u_s: 0.082,loss_u_m: 0.073,loss_u_fp: 0.010,mask_ratio: 0.691
[INFO] Iters: 19716,total_loss: 0.085,loss_x: 0.127,loss_u_s: 0.075,loss_u_m: 0.082,loss_u_fp: 0.010,mask_ratio: 0.683
[INFO] ***** Evaluation ***** >>>> Class [0 background] IoU: 93.73
[INFO] ***** Evaluation ***** >>>> Class [1 aeroplane] IoU: 89.53
[INFO] ***** Evaluation ***** >>>> Class [2 bicycle] IoU: 43.10
[INFO] ***** Evaluation ***** >>>> Class [3 bird] IoU: 88.41
[INFO] ***** Evaluation ***** >>>> Class [4 boat] IoU: 65.36
[INFO] ***** Evaluation ***** >>>> Class [5 bottle] IoU: 79.01
[INFO] ***** Evaluation ***** >>>> Class [6 bus] IoU: 90.03
[INFO] ***** Evaluation ***** >>>> Class [7 car] IoU: 86.77
[INFO] ***** Evaluation ***** >>>> Class [8 cat] IoU: 91.96
[INFO] ***** Evaluation ***** >>>> Class [9 chair] IoU: 40.88
[INFO] ***** Evaluation ***** >>>> Class [10 cow] IoU: 86.03
[INFO] ***** Evaluation ***** >>>> Class [11 dining table] IoU: 52.57
[INFO] ***** Evaluation ***** >>>> Class [12 dog] IoU: 87.85
[INFO] ***** Evaluation ***** >>>> Class [13 horse] IoU: 84.99
[INFO] ***** Evaluation ***** >>>> Class [14 motorbike] IoU: 84.28
[INFO] ***** Evaluation ***** >>>> Class [15 person] IoU: 84.26
[INFO] ***** Evaluation ***** >>>> Class [16 potted plant] IoU: 54.93
[INFO] ***** Evaluation ***** >>>> Class [17 sheep] IoU: 86.39
[INFO] ***** Evaluation ***** >>>> Class [18 sofa] IoU: 51.31
[INFO] ***** Evaluation ***** >>>> Class [19 train] IoU: 85.84
[INFO] ***** Evaluation ***** >>>> Class [20 tv/monitor] IoU: 67.48
[INFO] ***** Evaluation ***** original >>>> MeanIoU: 75.94

[INFO] Pseudo-label epoch summary | epoch=19, generated_epoch=760634054, selected_epoch=520680452, epoch_rate=0.684535, generated_cum=15240526341, selected_cum=9747462343, cum_rate=0.639575
[INFO] ===========> Epoch: 20, LR: 0.00077, Previous best val_mIOU: 76.12
[INFO] Iters: 19840,total_loss: 0.078,loss_x: 0.113,loss_u_s: 0.075,loss_u_m: 0.075,loss_u_fp: 0.010,mask_ratio: 0.684
[INFO] Iters: 19964,total_loss: 0.077,loss_x: 0.109,loss_u_s: 0.079,loss_u_m: 0.079,loss_u_fp: 0.009,mask_ratio: 0.693
[INFO] Iters: 20088,total_loss: 0.075,loss_x: 0.108,loss_u_s: 0.069,loss_u_m: 0.084,loss_u_fp: 0.007,mask_ratio: 0.689
[INFO] Iters: 20212,total_loss: 0.080,loss_x: 0.120,loss_u_s: 0.072,loss_u_m: 0.071,loss_u_fp: 0.007,mask_ratio: 0.690
[INFO] Iters: 20336,total_loss: 0.079,loss_x: 0.116,loss_u_s: 0.079,loss_u_m: 0.078,loss_u_fp: 0.008,mask_ratio: 0.683
[INFO] Iters: 20460,total_loss: 0.078,loss_x: 0.114,loss_u_s: 0.081,loss_u_m: 0.069,loss_u_fp: 0.010,mask_ratio: 0.678
[INFO] Iters: 20584,total_loss: 0.082,loss_x: 0.119,loss_u_s: 0.076,loss_u_m: 0.082,loss_u_fp: 0.009,mask_ratio: 0.678
[INFO] Iters: 20708,total_loss: 0.080,loss_x: 0.116,loss_u_s: 0.073,loss_u_m: 0.084,loss_u_fp: 0.009,mask_ratio: 0.688
[INFO] ***** Evaluation ***** >>>> Class [0 background] IoU: 94.02
[INFO] ***** Evaluation ***** >>>> Class [1 aeroplane] IoU: 91.73
[INFO] ***** Evaluation ***** >>>> Class [2 bicycle] IoU: 43.52
[INFO] ***** Evaluation ***** >>>> Class [3 bird] IoU: 89.28
[INFO] ***** Evaluation ***** >>>> Class [4 boat] IoU: 68.13
[INFO] ***** Evaluation ***** >>>> Class [5 bottle] IoU: 76.50
[INFO] ***** Evaluation ***** >>>> Class [6 bus] IoU: 94.24
[INFO] ***** Evaluation ***** >>>> Class [7 car] IoU: 87.95
[INFO] ***** Evaluation ***** >>>> Class [8 cat] IoU: 91.83
[INFO] ***** Evaluation ***** >>>> Class [9 chair] IoU: 39.34
[INFO] ***** Evaluation ***** >>>> Class [10 cow] IoU: 88.08
[INFO] ***** Evaluation ***** >>>> Class [11 dining table] IoU: 43.40
[INFO] ***** Evaluation ***** >>>> Class [12 dog] IoU: 87.53
[INFO] ***** Evaluation ***** >>>> Class [13 horse] IoU: 86.72
[INFO] ***** Evaluation ***** >>>> Class [14 motorbike] IoU: 84.84
[INFO] ***** Evaluation ***** >>>> Class [15 person] IoU: 85.38
[INFO] ***** Evaluation ***** >>>> Class [16 potted plant] IoU: 60.89
[INFO] ***** Evaluation ***** >>>> Class [17 sheep] IoU: 86.41
[INFO] ***** Evaluation ***** >>>> Class [18 sofa] IoU: 53.71
[INFO] ***** Evaluation ***** >>>> Class [19 train] IoU: 88.67
[INFO] ***** Evaluation ***** >>>> Class [20 tv/monitor] IoU: 67.56
[INFO] ***** Evaluation ***** original >>>> MeanIoU: 76.65

[INFO] Pseudo-label epoch summary | epoch=20, generated_epoch=762384848, selected_epoch=522238448, epoch_rate=0.685006, generated_cum=16002911189, selected_cum=10269700791, cum_rate=0.641740
[INFO] ===========> Epoch: 21, LR: 0.00076, Previous best val_mIOU: 76.65
[INFO] Iters: 20832,total_loss: 0.076,loss_x: 0.112,loss_u_s: 0.072,loss_u_m: 0.069,loss_u_fp: 0.008,mask_ratio: 0.685
[INFO] Iters: 20956,total_loss: 0.081,loss_x: 0.114,loss_u_s: 0.081,loss_u_m: 0.092,loss_u_fp: 0.011,mask_ratio: 0.691
[INFO] Iters: 21080,total_loss: 0.078,loss_x: 0.112,loss_u_s: 0.078,loss_u_m: 0.075,loss_u_fp: 0.011,mask_ratio: 0.685
[INFO] Iters: 21204,total_loss: 0.075,loss_x: 0.109,loss_u_s: 0.071,loss_u_m: 0.077,loss_u_fp: 0.009,mask_ratio: 0.684
[INFO] Iters: 21328,total_loss: 0.081,loss_x: 0.115,loss_u_s: 0.090,loss_u_m: 0.078,loss_u_fp: 0.010,mask_ratio: 0.689
[INFO] Iters: 21452,total_loss: 0.081,loss_x: 0.119,loss_u_s: 0.083,loss_u_m: 0.074,loss_u_fp: 0.009,mask_ratio: 0.690
[INFO] Iters: 21576,total_loss: 0.076,loss_x: 0.105,loss_u_s: 0.079,loss_u_m: 0.086,loss_u_fp: 0.009,mask_ratio: 0.684
[INFO] Iters: 21700,total_loss: 0.080,loss_x: 0.117,loss_u_s: 0.077,loss_u_m: 0.073,loss_u_fp: 0.009,mask_ratio: 0.686
[INFO] ***** Evaluation ***** >>>> Class [0 background] IoU: 94.00
[INFO] ***** Evaluation ***** >>>> Class [1 aeroplane] IoU: 89.57
[INFO] ***** Evaluation ***** >>>> Class [2 bicycle] IoU: 41.00
[INFO] ***** Evaluation ***** >>>> Class [3 bird] IoU: 89.06
[INFO] ***** Evaluation ***** >>>> Class [4 boat] IoU: 66.77
[INFO] ***** Evaluation ***** >>>> Class [5 bottle] IoU: 80.91
[INFO] ***** Evaluation ***** >>>> Class [6 bus] IoU: 94.37
[INFO] ***** Evaluation ***** >>>> Class [7 car] IoU: 87.60
[INFO] ***** Evaluation ***** >>>> Class [8 cat] IoU: 93.42
[INFO] ***** Evaluation ***** >>>> Class [9 chair] IoU: 32.85
[INFO] ***** Evaluation ***** >>>> Class [10 cow] IoU: 89.93
[INFO] ***** Evaluation ***** >>>> Class [11 dining table] IoU: 59.58
[INFO] ***** Evaluation ***** >>>> Class [12 dog] IoU: 87.72
[INFO] ***** Evaluation ***** >>>> Class [13 horse] IoU: 86.58
[INFO] ***** Evaluation ***** >>>> Class [14 motorbike] IoU: 84.60
[INFO] ***** Evaluation ***** >>>> Class [15 person] IoU: 84.40
[INFO] ***** Evaluation ***** >>>> Class [16 potted plant] IoU: 62.00
[INFO] ***** Evaluation ***** >>>> Class [17 sheep] IoU: 86.17
[INFO] ***** Evaluation ***** >>>> Class [18 sofa] IoU: 53.37
[INFO] ***** Evaluation ***** >>>> Class [19 train] IoU: 87.26
[INFO] ***** Evaluation ***** >>>> Class [20 tv/monitor] IoU: 65.70
[INFO] ***** Evaluation ***** original >>>> MeanIoU: 76.99

[INFO] Pseudo-label epoch summary | epoch=21, generated_epoch=761099797, selected_epoch=523483379, epoch_rate=0.687799, generated_cum=16764010986, selected_cum=10793184170, cum_rate=0.643831
[INFO] ===========> Epoch: 22, LR: 0.00075, Previous best val_mIOU: 76.99
[INFO] Iters: 21824,total_loss: 0.075,loss_x: 0.109,loss_u_s: 0.066,loss_u_m: 0.079,loss_u_fp: 0.008,mask_ratio: 0.694
[INFO] Iters: 21948,total_loss: 0.080,loss_x: 0.114,loss_u_s: 0.085,loss_u_m: 0.076,loss_u_fp: 0.011,mask_ratio: 0.680
[INFO] Iters: 22072,total_loss: 0.076,loss_x: 0.111,loss_u_s: 0.076,loss_u_m: 0.075,loss_u_fp: 0.007,mask_ratio: 0.686
[INFO] Iters: 22196,total_loss: 0.075,loss_x: 0.110,loss_u_s: 0.066,loss_u_m: 0.079,loss_u_fp: 0.007,mask_ratio: 0.700
[INFO] Iters: 22320,total_loss: 0.077,loss_x: 0.112,loss_u_s: 0.073,loss_u_m: 0.074,loss_u_fp: 0.008,mask_ratio: 0.686
[INFO] Iters: 22444,total_loss: 0.072,loss_x: 0.103,loss_u_s: 0.075,loss_u_m: 0.076,loss_u_fp: 0.008,mask_ratio: 0.692
[INFO] Iters: 22568,total_loss: 0.076,loss_x: 0.103,loss_u_s: 0.079,loss_u_m: 0.104,loss_u_fp: 0.007,mask_ratio: 0.699
[INFO] Iters: 22692,total_loss: 0.071,loss_x: 0.105,loss_u_s: 0.066,loss_u_m: 0.070,loss_u_fp: 0.007,mask_ratio: 0.702
[INFO] ***** Evaluation ***** >>>> Class [0 background] IoU: 93.93
[INFO] ***** Evaluation ***** >>>> Class [1 aeroplane] IoU: 91.61
[INFO] ***** Evaluation ***** >>>> Class [2 bicycle] IoU: 44.64
[INFO] ***** Evaluation ***** >>>> Class [3 bird] IoU: 88.89
[INFO] ***** Evaluation ***** >>>> Class [4 boat] IoU: 70.59
[INFO] ***** Evaluation ***** >>>> Class [5 bottle] IoU: 77.57
[INFO] ***** Evaluation ***** >>>> Class [6 bus] IoU: 93.97
[INFO] ***** Evaluation ***** >>>> Class [7 car] IoU: 85.97
[INFO] ***** Evaluation ***** >>>> Class [8 cat] IoU: 92.36
[INFO] ***** Evaluation ***** >>>> Class [9 chair] IoU: 38.16
[INFO] ***** Evaluation ***** >>>> Class [10 cow] IoU: 84.64
[INFO] ***** Evaluation ***** >>>> Class [11 dining table] IoU: 57.40
[INFO] ***** Evaluation ***** >>>> Class [12 dog] IoU: 86.88
[INFO] ***** Evaluation ***** >>>> Class [13 horse] IoU: 86.62
[INFO] ***** Evaluation ***** >>>> Class [14 motorbike] IoU: 84.49
[INFO] ***** Evaluation ***** >>>> Class [15 person] IoU: 85.18
[INFO] ***** Evaluation ***** >>>> Class [16 potted plant] IoU: 59.27
[INFO] ***** Evaluation ***** >>>> Class [17 sheep] IoU: 83.86
[INFO] ***** Evaluation ***** >>>> Class [18 sofa] IoU: 49.97
[INFO] ***** Evaluation ***** >>>> Class [19 train] IoU: 86.58
[INFO] ***** Evaluation ***** >>>> Class [20 tv/monitor] IoU: 68.37
[INFO] ***** Evaluation ***** original >>>> MeanIoU: 76.71

[INFO] Pseudo-label epoch summary | epoch=22, generated_epoch=763240484, selected_epoch=529442179, epoch_rate=0.693677, generated_cum=17527251470, selected_cum=11322626349, cum_rate=0.646001
[INFO] ===========> Epoch: 23, LR: 0.00074, Previous best val_mIOU: 76.99
[INFO] Iters: 22816,total_loss: 0.072,loss_x: 0.104,loss_u_s: 0.070,loss_u_m: 0.075,loss_u_fp: 0.008,mask_ratio: 0.707
[INFO] Iters: 22940,total_loss: 0.078,loss_x: 0.114,loss_u_s: 0.068,loss_u_m: 0.083,loss_u_fp: 0.008,mask_ratio: 0.696
[INFO] Iters: 23064,total_loss: 0.089,loss_x: 0.130,loss_u_s: 0.091,loss_u_m: 0.082,loss_u_fp: 0.010,mask_ratio: 0.690
[INFO] Iters: 23188,total_loss: 0.077,loss_x: 0.109,loss_u_s: 0.079,loss_u_m: 0.086,loss_u_fp: 0.009,mask_ratio: 0.694
[INFO] Iters: 23312,total_loss: 0.078,loss_x: 0.105,loss_u_s: 0.098,loss_u_m: 0.086,loss_u_fp: 0.010,mask_ratio: 0.692
[INFO] Iters: 23436,total_loss: 0.073,loss_x: 0.107,loss_u_s: 0.074,loss_u_m: 0.072,loss_u_fp: 0.008,mask_ratio: 0.697
[INFO] Iters: 23560,total_loss: 0.072,loss_x: 0.105,loss_u_s: 0.073,loss_u_m: 0.070,loss_u_fp: 0.008,mask_ratio: 0.697
[INFO] Iters: 23684,total_loss: 0.075,loss_x: 0.107,loss_u_s: 0.080,loss_u_m: 0.075,loss_u_fp: 0.009,mask_ratio: 0.693
[INFO] ***** Evaluation ***** >>>> Class [0 background] IoU: 94.04
[INFO] ***** Evaluation ***** >>>> Class [1 aeroplane] IoU: 90.42
[INFO] ***** Evaluation ***** >>>> Class [2 bicycle] IoU: 43.40
[INFO] ***** Evaluation ***** >>>> Class [3 bird] IoU: 87.92
[INFO] ***** Evaluation ***** >>>> Class [4 boat] IoU: 66.64
[INFO] ***** Evaluation ***** >>>> Class [5 bottle] IoU: 80.30
[INFO] ***** Evaluation ***** >>>> Class [6 bus] IoU: 93.97
[INFO] ***** Evaluation ***** >>>> Class [7 car] IoU: 86.28
[INFO] ***** Evaluation ***** >>>> Class [8 cat] IoU: 92.37
[INFO] ***** Evaluation ***** >>>> Class [9 chair] IoU: 39.86
[INFO] ***** Evaluation ***** >>>> Class [10 cow] IoU: 85.56
[INFO] ***** Evaluation ***** >>>> Class [11 dining table] IoU: 55.09
[INFO] ***** Evaluation ***** >>>> Class [12 dog] IoU: 88.81
[INFO] ***** Evaluation ***** >>>> Class [13 horse] IoU: 85.44
[INFO] ***** Evaluation ***** >>>> Class [14 motorbike] IoU: 82.64
[INFO] ***** Evaluation ***** >>>> Class [15 person] IoU: 84.16
[INFO] ***** Evaluation ***** >>>> Class [16 potted plant] IoU: 61.45
[INFO] ***** Evaluation ***** >>>> Class [17 sheep] IoU: 85.19
[INFO] ***** Evaluation ***** >>>> Class [18 sofa] IoU: 49.74
[INFO] ***** Evaluation ***** >>>> Class [19 train] IoU: 88.11
[INFO] ***** Evaluation ***** >>>> Class [20 tv/monitor] IoU: 68.80
[INFO] ***** Evaluation ***** original >>>> MeanIoU: 76.67

[INFO] Pseudo-label epoch summary | epoch=23, generated_epoch=758899608, selected_epoch=526646197, epoch_rate=0.693960, generated_cum=18286151078, selected_cum=11849272546, cum_rate=0.647992
[INFO] ===========> Epoch: 24, LR: 0.00073, Previous best val_mIOU: 76.99
[INFO] Iters: 23808,total_loss: 0.075,loss_x: 0.107,loss_u_s: 0.077,loss_u_m: 0.077,loss_u_fp: 0.009,mask_ratio: 0.693
[INFO] Iters: 23932,total_loss: 0.073,loss_x: 0.103,loss_u_s: 0.076,loss_u_m: 0.079,loss_u_fp: 0.010,mask_ratio: 0.691
[INFO] Iters: 24056,total_loss: 0.075,loss_x: 0.111,loss_u_s: 0.070,loss_u_m: 0.071,loss_u_fp: 0.008,mask_ratio: 0.690
[INFO] Iters: 24180,total_loss: 0.074,loss_x: 0.107,loss_u_s: 0.077,loss_u_m: 0.074,loss_u_fp: 0.008,mask_ratio: 0.693
[INFO] Iters: 24304,total_loss: 0.073,loss_x: 0.103,loss_u_s: 0.069,loss_u_m: 0.087,loss_u_fp: 0.008,mask_ratio: 0.698
[INFO] Iters: 24428,total_loss: 0.073,loss_x: 0.105,loss_u_s: 0.075,loss_u_m: 0.073,loss_u_fp: 0.009,mask_ratio: 0.700
[INFO] Iters: 24552,total_loss: 0.068,loss_x: 0.097,loss_u_s: 0.073,loss_u_m: 0.065,loss_u_fp: 0.008,mask_ratio: 0.699
[INFO] Iters: 24676,total_loss: 0.073,loss_x: 0.105,loss_u_s: 0.067,loss_u_m: 0.081,loss_u_fp: 0.007,mask_ratio: 0.702
[INFO] ***** Evaluation ***** >>>> Class [0 background] IoU: 93.81
[INFO] ***** Evaluation ***** >>>> Class [1 aeroplane] IoU: 90.11
[INFO] ***** Evaluation ***** >>>> Class [2 bicycle] IoU: 44.20
[INFO] ***** Evaluation ***** >>>> Class [3 bird] IoU: 88.75
[INFO] ***** Evaluation ***** >>>> Class [4 boat] IoU: 71.18
[INFO] ***** Evaluation ***** >>>> Class [5 bottle] IoU: 81.98
[INFO] ***** Evaluation ***** >>>> Class [6 bus] IoU: 93.98
[INFO] ***** Evaluation ***** >>>> Class [7 car] IoU: 86.69
[INFO] ***** Evaluation ***** >>>> Class [8 cat] IoU: 92.84
[INFO] ***** Evaluation ***** >>>> Class [9 chair] IoU: 35.94
[INFO] ***** Evaluation ***** >>>> Class [10 cow] IoU: 88.04
[INFO] ***** Evaluation ***** >>>> Class [11 dining table] IoU: 46.41
[INFO] ***** Evaluation ***** >>>> Class [12 dog] IoU: 85.34
[INFO] ***** Evaluation ***** >>>> Class [13 horse] IoU: 89.27
[INFO] ***** Evaluation ***** >>>> Class [14 motorbike] IoU: 85.45
[INFO] ***** Evaluation ***** >>>> Class [15 person] IoU: 85.29
[INFO] ***** Evaluation ***** >>>> Class [16 potted plant] IoU: 49.67
[INFO] ***** Evaluation ***** >>>> Class [17 sheep] IoU: 84.17
[INFO] ***** Evaluation ***** >>>> Class [18 sofa] IoU: 48.62
[INFO] ***** Evaluation ***** >>>> Class [19 train] IoU: 87.06
[INFO] ***** Evaluation ***** >>>> Class [20 tv/monitor] IoU: 67.72
[INFO] ***** Evaluation ***** original >>>> MeanIoU: 76.03

[INFO] Pseudo-label epoch summary | epoch=24, generated_epoch=762320621, selected_epoch=531744591, epoch_rate=0.697534, generated_cum=19048471699, selected_cum=12381017137, cum_rate=0.649974
[INFO] ===========> Epoch: 25, LR: 0.00071, Previous best val_mIOU: 76.99
[INFO] Iters: 24800,total_loss: 0.077,loss_x: 0.107,loss_u_s: 0.082,loss_u_m: 0.088,loss_u_fp: 0.008,mask_ratio: 0.708
[INFO] Iters: 24924,total_loss: 0.077,loss_x: 0.110,loss_u_s: 0.078,loss_u_m: 0.074,loss_u_fp: 0.011,mask_ratio: 0.702
[INFO] Iters: 25048,total_loss: 0.070,loss_x: 0.103,loss_u_s: 0.067,loss_u_m: 0.067,loss_u_fp: 0.008,mask_ratio: 0.702
[INFO] Iters: 25172,total_loss: 0.072,loss_x: 0.099,loss_u_s: 0.079,loss_u_m: 0.073,loss_u_fp: 0.012,mask_ratio: 0.702
[INFO] Iters: 25296,total_loss: 0.075,loss_x: 0.103,loss_u_s: 0.093,loss_u_m: 0.078,loss_u_fp: 0.007,mask_ratio: 0.693
[INFO] Iters: 25420,total_loss: 0.075,loss_x: 0.109,loss_u_s: 0.075,loss_u_m: 0.071,loss_u_fp: 0.009,mask_ratio: 0.688
[INFO] Iters: 25544,total_loss: 0.071,loss_x: 0.104,loss_u_s: 0.072,loss_u_m: 0.069,loss_u_fp: 0.008,mask_ratio: 0.694
[INFO] Iters: 25668,total_loss: 0.078,loss_x: 0.115,loss_u_s: 0.079,loss_u_m: 0.072,loss_u_fp: 0.007,mask_ratio: 0.687
[INFO] ***** Evaluation ***** >>>> Class [0 background] IoU: 94.12
[INFO] ***** Evaluation ***** >>>> Class [1 aeroplane] IoU: 91.40
[INFO] ***** Evaluation ***** >>>> Class [2 bicycle] IoU: 42.48
[INFO] ***** Evaluation ***** >>>> Class [3 bird] IoU: 89.11
[INFO] ***** Evaluation ***** >>>> Class [4 boat] IoU: 69.64
[INFO] ***** Evaluation ***** >>>> Class [5 bottle] IoU: 81.29
[INFO] ***** Evaluation ***** >>>> Class [6 bus] IoU: 94.26
[INFO] ***** Evaluation ***** >>>> Class [7 car] IoU: 87.76
[INFO] ***** Evaluation ***** >>>> Class [8 cat] IoU: 92.51
[INFO] ***** Evaluation ***** >>>> Class [9 chair] IoU: 35.65
[INFO] ***** Evaluation ***** >>>> Class [10 cow] IoU: 91.01
[INFO] ***** Evaluation ***** >>>> Class [11 dining table] IoU: 48.26
[INFO] ***** Evaluation ***** >>>> Class [12 dog] IoU: 87.85
[INFO] ***** Evaluation ***** >>>> Class [13 horse] IoU: 88.47
[INFO] ***** Evaluation ***** >>>> Class [14 motorbike] IoU: 82.32
[INFO] ***** Evaluation ***** >>>> Class [15 person] IoU: 84.98
[INFO] ***** Evaluation ***** >>>> Class [16 potted plant] IoU: 60.18
[INFO] ***** Evaluation ***** >>>> Class [17 sheep] IoU: 86.88
[INFO] ***** Evaluation ***** >>>> Class [18 sofa] IoU: 52.46
[INFO] ***** Evaluation ***** >>>> Class [19 train] IoU: 87.43
[INFO] ***** Evaluation ***** >>>> Class [20 tv/monitor] IoU: 71.10
[INFO] ***** Evaluation ***** original >>>> MeanIoU: 77.10

[INFO] Pseudo-label epoch summary | epoch=25, generated_epoch=761177760, selected_epoch=529464449, epoch_rate=0.695586, generated_cum=19809649459, selected_cum=12910481586, cum_rate=0.651727
[INFO] ===========> Epoch: 26, LR: 0.00070, Previous best val_mIOU: 77.10
[INFO] Iters: 25792,total_loss: 0.074,loss_x: 0.104,loss_u_s: 0.076,loss_u_m: 0.081,loss_u_fp: 0.008,mask_ratio: 0.698
[INFO] Iters: 25916,total_loss: 0.077,loss_x: 0.103,loss_u_s: 0.088,loss_u_m: 0.090,loss_u_fp: 0.011,mask_ratio: 0.696
[INFO] Iters: 26040,total_loss: 0.070,loss_x: 0.101,loss_u_s: 0.073,loss_u_m: 0.063,loss_u_fp: 0.009,mask_ratio: 0.698
[INFO] Iters: 26164,total_loss: 0.076,loss_x: 0.113,loss_u_s: 0.069,loss_u_m: 0.071,loss_u_fp: 0.008,mask_ratio: 0.696
[INFO] Iters: 26288,total_loss: 0.072,loss_x: 0.106,loss_u_s: 0.063,loss_u_m: 0.080,loss_u_fp: 0.008,mask_ratio: 0.697
[INFO] Iters: 26412,total_loss: 0.072,loss_x: 0.106,loss_u_s: 0.068,loss_u_m: 0.069,loss_u_fp: 0.008,mask_ratio: 0.701
[INFO] Iters: 26536,total_loss: 0.078,loss_x: 0.109,loss_u_s: 0.084,loss_u_m: 0.085,loss_u_fp: 0.007,mask_ratio: 0.705
[INFO] Iters: 26660,total_loss: 0.079,loss_x: 0.105,loss_u_s: 0.099,loss_u_m: 0.091,loss_u_fp: 0.010,mask_ratio: 0.703
[INFO] ***** Evaluation ***** >>>> Class [0 background] IoU: 94.10
[INFO] ***** Evaluation ***** >>>> Class [1 aeroplane] IoU: 91.25
[INFO] ***** Evaluation ***** >>>> Class [2 bicycle] IoU: 44.24
[INFO] ***** Evaluation ***** >>>> Class [3 bird] IoU: 89.23
[INFO] ***** Evaluation ***** >>>> Class [4 boat] IoU: 70.92
[INFO] ***** Evaluation ***** >>>> Class [5 bottle] IoU: 80.95
[INFO] ***** Evaluation ***** >>>> Class [6 bus] IoU: 90.40
[INFO] ***** Evaluation ***** >>>> Class [7 car] IoU: 84.09
[INFO] ***** Evaluation ***** >>>> Class [8 cat] IoU: 91.28
[INFO] ***** Evaluation ***** >>>> Class [9 chair] IoU: 37.08
[INFO] ***** Evaluation ***** >>>> Class [10 cow] IoU: 85.32
[INFO] ***** Evaluation ***** >>>> Class [11 dining table] IoU: 51.66
[INFO] ***** Evaluation ***** >>>> Class [12 dog] IoU: 82.76
[INFO] ***** Evaluation ***** >>>> Class [13 horse] IoU: 88.22
[INFO] ***** Evaluation ***** >>>> Class [14 motorbike] IoU: 83.56
[INFO] ***** Evaluation ***** >>>> Class [15 person] IoU: 85.67
[INFO] ***** Evaluation ***** >>>> Class [16 potted plant] IoU: 57.74
[INFO] ***** Evaluation ***** >>>> Class [17 sheep] IoU: 80.12
[INFO] ***** Evaluation ***** >>>> Class [18 sofa] IoU: 50.73
[INFO] ***** Evaluation ***** >>>> Class [19 train] IoU: 87.24
[INFO] ***** Evaluation ***** >>>> Class [20 tv/monitor] IoU: 70.08
[INFO] ***** Evaluation ***** original >>>> MeanIoU: 76.03

[INFO] Pseudo-label epoch summary | epoch=26, generated_epoch=758637323, selected_epoch=530168087, epoch_rate=0.698843, generated_cum=20568286782, selected_cum=13440649673, cum_rate=0.653465
[INFO] ===========> Epoch: 27, LR: 0.00069, Previous best val_mIOU: 77.10
[INFO] Iters: 26784,total_loss: 0.071,loss_x: 0.099,loss_u_s: 0.082,loss_u_m: 0.074,loss_u_fp: 0.008,mask_ratio: 0.697
[INFO] Iters: 26908,total_loss: 0.072,loss_x: 0.103,loss_u_s: 0.068,loss_u_m: 0.075,loss_u_fp: 0.009,mask_ratio: 0.698
[INFO] Iters: 27032,total_loss: 0.072,loss_x: 0.100,loss_u_s: 0.079,loss_u_m: 0.081,loss_u_fp: 0.009,mask_ratio: 0.701
[INFO] Iters: 27156,total_loss: 0.073,loss_x: 0.108,loss_u_s: 0.069,loss_u_m: 0.068,loss_u_fp: 0.008,mask_ratio: 0.703
[INFO] Iters: 27280,total_loss: 0.072,loss_x: 0.102,loss_u_s: 0.073,loss_u_m: 0.077,loss_u_fp: 0.007,mask_ratio: 0.710
[INFO] Iters: 27404,total_loss: 0.076,loss_x: 0.104,loss_u_s: 0.094,loss_u_m: 0.083,loss_u_fp: 0.008,mask_ratio: 0.699
[INFO] Iters: 27528,total_loss: 0.069,loss_x: 0.102,loss_u_s: 0.066,loss_u_m: 0.063,loss_u_fp: 0.007,mask_ratio: 0.698
[INFO] Iters: 27652,total_loss: 0.069,loss_x: 0.096,loss_u_s: 0.071,loss_u_m: 0.081,loss_u_fp: 0.008,mask_ratio: 0.705
[INFO] ***** Evaluation ***** >>>> Class [0 background] IoU: 94.23
[INFO] ***** Evaluation ***** >>>> Class [1 aeroplane] IoU: 91.54
[INFO] ***** Evaluation ***** >>>> Class [2 bicycle] IoU: 43.66
[INFO] ***** Evaluation ***** >>>> Class [3 bird] IoU: 91.20
[INFO] ***** Evaluation ***** >>>> Class [4 boat] IoU: 68.75
[INFO] ***** Evaluation ***** >>>> Class [5 bottle] IoU: 81.04
[INFO] ***** Evaluation ***** >>>> Class [6 bus] IoU: 94.76
[INFO] ***** Evaluation ***** >>>> Class [7 car] IoU: 88.80
[INFO] ***** Evaluation ***** >>>> Class [8 cat] IoU: 91.34
[INFO] ***** Evaluation ***** >>>> Class [9 chair] IoU: 36.45
[INFO] ***** Evaluation ***** >>>> Class [10 cow] IoU: 90.32
[INFO] ***** Evaluation ***** >>>> Class [11 dining table] IoU: 55.21
[INFO] ***** Evaluation ***** >>>> Class [12 dog] IoU: 88.46
[INFO] ***** Evaluation ***** >>>> Class [13 horse] IoU: 87.59
[INFO] ***** Evaluation ***** >>>> Class [14 motorbike] IoU: 83.02
[INFO] ***** Evaluation ***** >>>> Class [15 person] IoU: 85.65
[INFO] ***** Evaluation ***** >>>> Class [16 potted plant] IoU: 59.13
[INFO] ***** Evaluation ***** >>>> Class [17 sheep] IoU: 83.59
[INFO] ***** Evaluation ***** >>>> Class [18 sofa] IoU: 56.43
[INFO] ***** Evaluation ***** >>>> Class [19 train] IoU: 86.53
[INFO] ***** Evaluation ***** >>>> Class [20 tv/monitor] IoU: 69.27
[INFO] ***** Evaluation ***** original >>>> MeanIoU: 77.47

[INFO] Pseudo-label epoch summary | epoch=27, generated_epoch=763885654, selected_epoch=535392899, epoch_rate=0.700881, generated_cum=21332172436, selected_cum=13976042572, cum_rate=0.655163
[INFO] ===========> Epoch: 28, LR: 0.00068, Previous best val_mIOU: 77.47
[INFO] Iters: 27776,total_loss: 0.069,loss_x: 0.098,loss_u_s: 0.074,loss_u_m: 0.066,loss_u_fp: 0.008,mask_ratio: 0.694
[INFO] Iters: 27900,total_loss: 0.072,loss_x: 0.101,loss_u_s: 0.075,loss_u_m: 0.082,loss_u_fp: 0.008,mask_ratio: 0.705
[INFO] Iters: 28024,total_loss: 0.074,loss_x: 0.108,loss_u_s: 0.067,loss_u_m: 0.080,loss_u_fp: 0.008,mask_ratio: 0.705
[INFO] Iters: 28148,total_loss: 0.069,loss_x: 0.099,loss_u_s: 0.067,loss_u_m: 0.072,loss_u_fp: 0.008,mask_ratio: 0.703
[INFO] Iters: 28272,total_loss: 0.068,loss_x: 0.094,loss_u_s: 0.086,loss_u_m: 0.067,loss_u_fp: 0.009,mask_ratio: 0.699
[INFO] Iters: 28396,total_loss: 0.065,loss_x: 0.093,loss_u_s: 0.066,loss_u_m: 0.070,loss_u_fp: 0.008,mask_ratio: 0.707
[INFO] Iters: 28520,total_loss: 0.070,loss_x: 0.095,loss_u_s: 0.080,loss_u_m: 0.085,loss_u_fp: 0.008,mask_ratio: 0.704
[INFO] Iters: 28644,total_loss: 0.074,loss_x: 0.109,loss_u_s: 0.078,loss_u_m: 0.063,loss_u_fp: 0.007,mask_ratio: 0.707
[INFO] ***** Evaluation ***** >>>> Class [0 background] IoU: 93.91
[INFO] ***** Evaluation ***** >>>> Class [1 aeroplane] IoU: 90.05
[INFO] ***** Evaluation ***** >>>> Class [2 bicycle] IoU: 43.71
[INFO] ***** Evaluation ***** >>>> Class [3 bird] IoU: 89.16
[INFO] ***** Evaluation ***** >>>> Class [4 boat] IoU: 67.93
[INFO] ***** Evaluation ***** >>>> Class [5 bottle] IoU: 80.39
[INFO] ***** Evaluation ***** >>>> Class [6 bus] IoU: 93.14
[INFO] ***** Evaluation ***** >>>> Class [7 car] IoU: 87.38
[INFO] ***** Evaluation ***** >>>> Class [8 cat] IoU: 91.80
[INFO] ***** Evaluation ***** >>>> Class [9 chair] IoU: 37.75
[INFO] ***** Evaluation ***** >>>> Class [10 cow] IoU: 91.25
[INFO] ***** Evaluation ***** >>>> Class [11 dining table] IoU: 51.79
[INFO] ***** Evaluation ***** >>>> Class [12 dog] IoU: 89.31
[INFO] ***** Evaluation ***** >>>> Class [13 horse] IoU: 88.00
[INFO] ***** Evaluation ***** >>>> Class [14 motorbike] IoU: 80.66
[INFO] ***** Evaluation ***** >>>> Class [15 person] IoU: 85.18
[INFO] ***** Evaluation ***** >>>> Class [16 potted plant] IoU: 59.07
[INFO] ***** Evaluation ***** >>>> Class [17 sheep] IoU: 82.27
[INFO] ***** Evaluation ***** >>>> Class [18 sofa] IoU: 46.75
[INFO] ***** Evaluation ***** >>>> Class [19 train] IoU: 87.72
[INFO] ***** Evaluation ***** >>>> Class [20 tv/monitor] IoU: 67.61
[INFO] ***** Evaluation ***** original >>>> MeanIoU: 76.42

[INFO] Pseudo-label epoch summary | epoch=28, generated_epoch=763712227, selected_epoch=536986151, epoch_rate=0.703126, generated_cum=22095884663, selected_cum=14513028723, cum_rate=0.656820
[INFO] ===========> Epoch: 29, LR: 0.00067, Previous best val_mIOU: 77.47
[INFO] Iters: 28768,total_loss: 0.069,loss_x: 0.095,loss_u_s: 0.074,loss_u_m: 0.080,loss_u_fp: 0.009,mask_ratio: 0.697
[INFO] Iters: 28892,total_loss: 0.069,loss_x: 0.099,loss_u_s: 0.076,loss_u_m: 0.066,loss_u_fp: 0.007,mask_ratio: 0.702
[INFO] Iters: 29016,total_loss: 0.069,loss_x: 0.099,loss_u_s: 0.072,loss_u_m: 0.068,loss_u_fp: 0.007,mask_ratio: 0.717
[INFO] Iters: 29140,total_loss: 0.067,loss_x: 0.091,loss_u_s: 0.072,loss_u_m: 0.084,loss_u_fp: 0.007,mask_ratio: 0.708
[INFO] Iters: 29264,total_loss: 0.066,loss_x: 0.099,loss_u_s: 0.063,loss_u_m: 0.060,loss_u_fp: 0.006,mask_ratio: 0.714
[INFO] Iters: 29388,total_loss: 0.070,loss_x: 0.101,loss_u_s: 0.078,loss_u_m: 0.062,loss_u_fp: 0.007,mask_ratio: 0.708
[INFO] Iters: 29512,total_loss: 0.067,loss_x: 0.092,loss_u_s: 0.065,loss_u_m: 0.089,loss_u_fp: 0.007,mask_ratio: 0.711
[INFO] Iters: 29636,total_loss: 0.067,loss_x: 0.096,loss_u_s: 0.069,loss_u_m: 0.067,loss_u_fp: 0.007,mask_ratio: 0.709
[INFO] ***** Evaluation ***** >>>> Class [0 background] IoU: 94.20
[INFO] ***** Evaluation ***** >>>> Class [1 aeroplane] IoU: 89.64
[INFO] ***** Evaluation ***** >>>> Class [2 bicycle] IoU: 44.72
[INFO] ***** Evaluation ***** >>>> Class [3 bird] IoU: 89.41
[INFO] ***** Evaluation ***** >>>> Class [4 boat] IoU: 69.85
[INFO] ***** Evaluation ***** >>>> Class [5 bottle] IoU: 83.09
[INFO] ***** Evaluation ***** >>>> Class [6 bus] IoU: 94.58
[INFO] ***** Evaluation ***** >>>> Class [7 car] IoU: 88.99
[INFO] ***** Evaluation ***** >>>> Class [8 cat] IoU: 91.34
[INFO] ***** Evaluation ***** >>>> Class [9 chair] IoU: 36.14
[INFO] ***** Evaluation ***** >>>> Class [10 cow] IoU: 88.22
[INFO] ***** Evaluation ***** >>>> Class [11 dining table] IoU: 50.41
[INFO] ***** Evaluation ***** >>>> Class [12 dog] IoU: 88.28
[INFO] ***** Evaluation ***** >>>> Class [13 horse] IoU: 86.93
[INFO] ***** Evaluation ***** >>>> Class [14 motorbike] IoU: 83.04
[INFO] ***** Evaluation ***** >>>> Class [15 person] IoU: 85.47
[INFO] ***** Evaluation ***** >>>> Class [16 potted plant] IoU: 57.25
[INFO] ***** Evaluation ***** >>>> Class [17 sheep] IoU: 83.49
[INFO] ***** Evaluation ***** >>>> Class [18 sofa] IoU: 54.36
[INFO] ***** Evaluation ***** >>>> Class [19 train] IoU: 88.15
[INFO] ***** Evaluation ***** >>>> Class [20 tv/monitor] IoU: 67.10
[INFO] ***** Evaluation ***** original >>>> MeanIoU: 76.89

[INFO] Pseudo-label epoch summary | epoch=29, generated_epoch=764018618, selected_epoch=541622001, epoch_rate=0.708912, generated_cum=22859903281, selected_cum=15054650724, cum_rate=0.658561
[INFO] ===========> Epoch: 30, LR: 0.00066, Previous best val_mIOU: 77.47
[INFO] Iters: 29760,total_loss: 0.068,loss_x: 0.092,loss_u_s: 0.082,loss_u_m: 0.074,loss_u_fp: 0.008,mask_ratio: 0.706
[INFO] Iters: 29884,total_loss: 0.064,loss_x: 0.088,loss_u_s: 0.076,loss_u_m: 0.071,loss_u_fp: 0.007,mask_ratio: 0.709
[INFO] Iters: 30008,total_loss: 0.064,loss_x: 0.094,loss_u_s: 0.064,loss_u_m: 0.063,loss_u_fp: 0.007,mask_ratio: 0.708
[INFO] Iters: 30132,total_loss: 0.062,loss_x: 0.086,loss_u_s: 0.068,loss_u_m: 0.071,loss_u_fp: 0.007,mask_ratio: 0.712
[INFO] Iters: 30256,total_loss: 0.063,loss_x: 0.094,loss_u_s: 0.057,loss_u_m: 0.059,loss_u_fp: 0.008,mask_ratio: 0.713
[INFO] Iters: 30380,total_loss: 0.070,loss_x: 0.100,loss_u_s: 0.072,loss_u_m: 0.077,loss_u_fp: 0.007,mask_ratio: 0.702
[INFO] Iters: 30504,total_loss: 0.063,loss_x: 0.087,loss_u_s: 0.068,loss_u_m: 0.076,loss_u_fp: 0.008,mask_ratio: 0.704
[INFO] Iters: 30628,total_loss: 0.069,loss_x: 0.095,loss_u_s: 0.083,loss_u_m: 0.075,loss_u_fp: 0.008,mask_ratio: 0.704
[INFO] ***** Evaluation ***** >>>> Class [0 background] IoU: 94.08
[INFO] ***** Evaluation ***** >>>> Class [1 aeroplane] IoU: 91.10
[INFO] ***** Evaluation ***** >>>> Class [2 bicycle] IoU: 43.71
[INFO] ***** Evaluation ***** >>>> Class [3 bird] IoU: 90.60
[INFO] ***** Evaluation ***** >>>> Class [4 boat] IoU: 70.19
[INFO] ***** Evaluation ***** >>>> Class [5 bottle] IoU: 81.49
[INFO] ***** Evaluation ***** >>>> Class [6 bus] IoU: 94.86
[INFO] ***** Evaluation ***** >>>> Class [7 car] IoU: 87.99
[INFO] ***** Evaluation ***** >>>> Class [8 cat] IoU: 91.89
[INFO] ***** Evaluation ***** >>>> Class [9 chair] IoU: 37.62
[INFO] ***** Evaluation ***** >>>> Class [10 cow] IoU: 89.66
[INFO] ***** Evaluation ***** >>>> Class [11 dining table] IoU: 53.25
[INFO] ***** Evaluation ***** >>>> Class [12 dog] IoU: 87.77
[INFO] ***** Evaluation ***** >>>> Class [13 horse] IoU: 87.81
[INFO] ***** Evaluation ***** >>>> Class [14 motorbike] IoU: 85.65
[INFO] ***** Evaluation ***** >>>> Class [15 person] IoU: 85.07
[INFO] ***** Evaluation ***** >>>> Class [16 potted plant] IoU: 58.96
[INFO] ***** Evaluation ***** >>>> Class [17 sheep] IoU: 79.96
[INFO] ***** Evaluation ***** >>>> Class [18 sofa] IoU: 48.75
[INFO] ***** Evaluation ***** >>>> Class [19 train] IoU: 86.43
[INFO] ***** Evaluation ***** >>>> Class [20 tv/monitor] IoU: 70.49
[INFO] ***** Evaluation ***** original >>>> MeanIoU: 77.02

[INFO] Pseudo-label epoch summary | epoch=30, generated_epoch=760920618, selected_epoch=537790102, epoch_rate=0.706762, generated_cum=23620823899, selected_cum=15592440826, cum_rate=0.660114
[INFO] ===========> Epoch: 31, LR: 0.00064, Previous best val_mIOU: 77.47
[INFO] Iters: 30752,total_loss: 0.062,loss_x: 0.087,loss_u_s: 0.070,loss_u_m: 0.064,loss_u_fp: 0.007,mask_ratio: 0.702
[INFO] Iters: 30876,total_loss: 0.065,loss_x: 0.097,loss_u_s: 0.060,loss_u_m: 0.058,loss_u_fp: 0.007,mask_ratio: 0.710
[INFO] Iters: 31000,total_loss: 0.061,loss_x: 0.087,loss_u_s: 0.063,loss_u_m: 0.063,loss_u_fp: 0.008,mask_ratio: 0.720
[INFO] Iters: 31124,total_loss: 0.064,loss_x: 0.090,loss_u_s: 0.069,loss_u_m: 0.069,loss_u_fp: 0.008,mask_ratio: 0.713
[INFO] Iters: 31248,total_loss: 0.064,loss_x: 0.092,loss_u_s: 0.066,loss_u_m: 0.062,loss_u_fp: 0.006,mask_ratio: 0.710
[INFO] Iters: 31372,total_loss: 0.066,loss_x: 0.091,loss_u_s: 0.074,loss_u_m: 0.076,loss_u_fp: 0.007,mask_ratio: 0.706
[INFO] Iters: 31496,total_loss: 0.068,loss_x: 0.095,loss_u_s: 0.073,loss_u_m: 0.073,loss_u_fp: 0.008,mask_ratio: 0.711
[INFO] Iters: 31620,total_loss: 0.064,loss_x: 0.088,loss_u_s: 0.079,loss_u_m: 0.068,loss_u_fp: 0.007,mask_ratio: 0.714
[INFO] ***** Evaluation ***** >>>> Class [0 background] IoU: 94.08
[INFO] ***** Evaluation ***** >>>> Class [1 aeroplane] IoU: 91.51
[INFO] ***** Evaluation ***** >>>> Class [2 bicycle] IoU: 44.03
[INFO] ***** Evaluation ***** >>>> Class [3 bird] IoU: 89.53
[INFO] ***** Evaluation ***** >>>> Class [4 boat] IoU: 68.74
[INFO] ***** Evaluation ***** >>>> Class [5 bottle] IoU: 81.38
[INFO] ***** Evaluation ***** >>>> Class [6 bus] IoU: 94.69
[INFO] ***** Evaluation ***** >>>> Class [7 car] IoU: 87.98
[INFO] ***** Evaluation ***** >>>> Class [8 cat] IoU: 91.98
[INFO] ***** Evaluation ***** >>>> Class [9 chair] IoU: 33.52
[INFO] ***** Evaluation ***** >>>> Class [10 cow] IoU: 83.28
[INFO] ***** Evaluation ***** >>>> Class [11 dining table] IoU: 41.66
[INFO] ***** Evaluation ***** >>>> Class [12 dog] IoU: 85.71
[INFO] ***** Evaluation ***** >>>> Class [13 horse] IoU: 86.43
[INFO] ***** Evaluation ***** >>>> Class [14 motorbike] IoU: 83.68
[INFO] ***** Evaluation ***** >>>> Class [15 person] IoU: 85.41
[INFO] ***** Evaluation ***** >>>> Class [16 potted plant] IoU: 58.81
[INFO] ***** Evaluation ***** >>>> Class [17 sheep] IoU: 76.38
[INFO] ***** Evaluation ***** >>>> Class [18 sofa] IoU: 54.45
[INFO] ***** Evaluation ***** >>>> Class [19 train] IoU: 88.53
[INFO] ***** Evaluation ***** >>>> Class [20 tv/monitor] IoU: 68.79
[INFO] ***** Evaluation ***** original >>>> MeanIoU: 75.74

[INFO] Pseudo-label epoch summary | epoch=31, generated_epoch=762542858, selected_epoch=542759076, epoch_rate=0.711775, generated_cum=24383366757, selected_cum=16135199902, cum_rate=0.661730
[INFO] ===========> Epoch: 32, LR: 0.00063, Previous best val_mIOU: 77.47
[INFO] Iters: 31744,total_loss: 0.066,loss_x: 0.089,loss_u_s: 0.077,loss_u_m: 0.080,loss_u_fp: 0.007,mask_ratio: 0.713
[INFO] Iters: 31868,total_loss: 0.063,loss_x: 0.085,loss_u_s: 0.082,loss_u_m: 0.070,loss_u_fp: 0.007,mask_ratio: 0.707
[INFO] Iters: 31992,total_loss: 0.069,loss_x: 0.096,loss_u_s: 0.074,loss_u_m: 0.077,loss_u_fp: 0.008,mask_ratio: 0.710
[INFO] Iters: 32116,total_loss: 0.064,loss_x: 0.094,loss_u_s: 0.066,loss_u_m: 0.059,loss_u_fp: 0.006,mask_ratio: 0.714
[INFO] Iters: 32240,total_loss: 0.064,loss_x: 0.091,loss_u_s: 0.069,loss_u_m: 0.066,loss_u_fp: 0.009,mask_ratio: 0.713
[INFO] Iters: 32364,total_loss: 0.083,loss_x: 0.117,loss_u_s: 0.088,loss_u_m: 0.092,loss_u_fp: 0.009,mask_ratio: 0.695
[INFO] Iters: 32488,total_loss: 0.067,loss_x: 0.093,loss_u_s: 0.081,loss_u_m: 0.066,loss_u_fp: 0.007,mask_ratio: 0.704
[INFO] Iters: 32612,total_loss: 0.069,loss_x: 0.101,loss_u_s: 0.068,loss_u_m: 0.065,loss_u_fp: 0.008,mask_ratio: 0.704
[INFO] ***** Evaluation ***** >>>> Class [0 background] IoU: 94.37
[INFO] ***** Evaluation ***** >>>> Class [1 aeroplane] IoU: 92.43
[INFO] ***** Evaluation ***** >>>> Class [2 bicycle] IoU: 43.94
[INFO] ***** Evaluation ***** >>>> Class [3 bird] IoU: 90.64
[INFO] ***** Evaluation ***** >>>> Class [4 boat] IoU: 71.04
[INFO] ***** Evaluation ***** >>>> Class [5 bottle] IoU: 80.66
[INFO] ***** Evaluation ***** >>>> Class [6 bus] IoU: 94.89
[INFO] ***** Evaluation ***** >>>> Class [7 car] IoU: 87.50
[INFO] ***** Evaluation ***** >>>> Class [8 cat] IoU: 91.89
[INFO] ***** Evaluation ***** >>>> Class [9 chair] IoU: 37.63
[INFO] ***** Evaluation ***** >>>> Class [10 cow] IoU: 87.38
[INFO] ***** Evaluation ***** >>>> Class [11 dining table] IoU: 51.10
[INFO] ***** Evaluation ***** >>>> Class [12 dog] IoU: 88.69
[INFO] ***** Evaluation ***** >>>> Class [13 horse] IoU: 89.49
[INFO] ***** Evaluation ***** >>>> Class [14 motorbike] IoU: 83.97
[INFO] ***** Evaluation ***** >>>> Class [15 person] IoU: 86.07
[INFO] ***** Evaluation ***** >>>> Class [16 potted plant] IoU: 60.46
[INFO] ***** Evaluation ***** >>>> Class [17 sheep] IoU: 78.67
[INFO] ***** Evaluation ***** >>>> Class [18 sofa] IoU: 54.58
[INFO] ***** Evaluation ***** >>>> Class [19 train] IoU: 90.03
[INFO] ***** Evaluation ***** >>>> Class [20 tv/monitor] IoU: 67.75
[INFO] ***** Evaluation ***** original >>>> MeanIoU: 77.29

[INFO] Pseudo-label epoch summary | epoch=32, generated_epoch=762076882, selected_epoch=538857691, epoch_rate=0.707091, generated_cum=25145443639, selected_cum=16674057593, cum_rate=0.663105
[INFO] ===========> Epoch: 33, LR: 0.00062, Previous best val_mIOU: 77.47
[INFO] Iters: 32736,total_loss: 0.070,loss_x: 0.095,loss_u_s: 0.073,loss_u_m: 0.089,loss_u_fp: 0.009,mask_ratio: 0.712
[INFO] Iters: 32860,total_loss: 0.069,loss_x: 0.102,loss_u_s: 0.073,loss_u_m: 0.061,loss_u_fp: 0.007,mask_ratio: 0.710
[INFO] Iters: 32984,total_loss: 0.068,loss_x: 0.096,loss_u_s: 0.077,loss_u_m: 0.067,loss_u_fp: 0.007,mask_ratio: 0.710
[INFO] Iters: 33108,total_loss: 0.068,loss_x: 0.095,loss_u_s: 0.073,loss_u_m: 0.079,loss_u_fp: 0.009,mask_ratio: 0.699
[INFO] Iters: 33232,total_loss: 0.066,loss_x: 0.093,loss_u_s: 0.070,loss_u_m: 0.073,loss_u_fp: 0.006,mask_ratio: 0.710
[INFO] Iters: 33356,total_loss: 0.068,loss_x: 0.098,loss_u_s: 0.077,loss_u_m: 0.065,loss_u_fp: 0.008,mask_ratio: 0.702
[INFO] Iters: 33480,total_loss: 0.069,loss_x: 0.097,loss_u_s: 0.075,loss_u_m: 0.073,loss_u_fp: 0.008,mask_ratio: 0.715
[INFO] Iters: 33604,total_loss: 0.067,loss_x: 0.096,loss_u_s: 0.080,loss_u_m: 0.060,loss_u_fp: 0.007,mask_ratio: 0.713
[INFO] ***** Evaluation ***** >>>> Class [0 background] IoU: 94.21
[INFO] ***** Evaluation ***** >>>> Class [1 aeroplane] IoU: 91.23
[INFO] ***** Evaluation ***** >>>> Class [2 bicycle] IoU: 44.68
[INFO] ***** Evaluation ***** >>>> Class [3 bird] IoU: 90.29
[INFO] ***** Evaluation ***** >>>> Class [4 boat] IoU: 70.04
[INFO] ***** Evaluation ***** >>>> Class [5 bottle] IoU: 81.48
[INFO] ***** Evaluation ***** >>>> Class [6 bus] IoU: 94.39
[INFO] ***** Evaluation ***** >>>> Class [7 car] IoU: 88.59
[INFO] ***** Evaluation ***** >>>> Class [8 cat] IoU: 91.98
[INFO] ***** Evaluation ***** >>>> Class [9 chair] IoU: 38.18
[INFO] ***** Evaluation ***** >>>> Class [10 cow] IoU: 90.31
[INFO] ***** Evaluation ***** >>>> Class [11 dining table] IoU: 48.12
[INFO] ***** Evaluation ***** >>>> Class [12 dog] IoU: 89.00
[INFO] ***** Evaluation ***** >>>> Class [13 horse] IoU: 88.29
[INFO] ***** Evaluation ***** >>>> Class [14 motorbike] IoU: 84.96
[INFO] ***** Evaluation ***** >>>> Class [15 person] IoU: 85.80
[INFO] ***** Evaluation ***** >>>> Class [16 potted plant] IoU: 61.02
[INFO] ***** Evaluation ***** >>>> Class [17 sheep] IoU: 82.90
[INFO] ***** Evaluation ***** >>>> Class [18 sofa] IoU: 48.97
[INFO] ***** Evaluation ***** >>>> Class [19 train] IoU: 89.01
[INFO] ***** Evaluation ***** >>>> Class [20 tv/monitor] IoU: 70.99
[INFO] ***** Evaluation ***** original >>>> MeanIoU: 77.35

[INFO] Pseudo-label epoch summary | epoch=33, generated_epoch=763902681, selected_epoch=541091831, epoch_rate=0.708326, generated_cum=25909346320, selected_cum=17215149424, cum_rate=0.664438
[INFO] ===========> Epoch: 34, LR: 0.00061, Previous best val_mIOU: 77.47
[INFO] Iters: 33728,total_loss: 0.069,loss_x: 0.096,loss_u_s: 0.071,loss_u_m: 0.083,loss_u_fp: 0.008,mask_ratio: 0.711
[INFO] Iters: 33852,total_loss: 0.068,loss_x: 0.098,loss_u_s: 0.071,loss_u_m: 0.069,loss_u_fp: 0.007,mask_ratio: 0.707
[INFO] Iters: 33976,total_loss: 0.060,loss_x: 0.085,loss_u_s: 0.062,loss_u_m: 0.069,loss_u_fp: 0.007,mask_ratio: 0.714
[INFO] Iters: 34100,total_loss: 0.069,loss_x: 0.098,loss_u_s: 0.070,loss_u_m: 0.074,loss_u_fp: 0.008,mask_ratio: 0.706
[INFO] Iters: 34224,total_loss: 0.063,loss_x: 0.089,loss_u_s: 0.065,loss_u_m: 0.068,loss_u_fp: 0.007,mask_ratio: 0.719
[INFO] Iters: 34348,total_loss: 0.066,loss_x: 0.091,loss_u_s: 0.079,loss_u_m: 0.069,loss_u_fp: 0.008,mask_ratio: 0.712
[INFO] Iters: 34472,total_loss: 0.067,loss_x: 0.094,loss_u_s: 0.077,loss_u_m: 0.069,loss_u_fp: 0.006,mask_ratio: 0.713
[INFO] Iters: 34596,total_loss: 0.062,loss_x: 0.085,loss_u_s: 0.067,loss_u_m: 0.069,loss_u_fp: 0.007,mask_ratio: 0.708
[INFO] ***** Evaluation ***** >>>> Class [0 background] IoU: 94.25
[INFO] ***** Evaluation ***** >>>> Class [1 aeroplane] IoU: 89.57
[INFO] ***** Evaluation ***** >>>> Class [2 bicycle] IoU: 44.10
[INFO] ***** Evaluation ***** >>>> Class [3 bird] IoU: 89.90
[INFO] ***** Evaluation ***** >>>> Class [4 boat] IoU: 66.95
[INFO] ***** Evaluation ***** >>>> Class [5 bottle] IoU: 80.54
[INFO] ***** Evaluation ***** >>>> Class [6 bus] IoU: 94.12
[INFO] ***** Evaluation ***** >>>> Class [7 car] IoU: 89.14
[INFO] ***** Evaluation ***** >>>> Class [8 cat] IoU: 92.31
[INFO] ***** Evaluation ***** >>>> Class [9 chair] IoU: 34.55
[INFO] ***** Evaluation ***** >>>> Class [10 cow] IoU: 89.27
[INFO] ***** Evaluation ***** >>>> Class [11 dining table] IoU: 53.42
[INFO] ***** Evaluation ***** >>>> Class [12 dog] IoU: 89.38
[INFO] ***** Evaluation ***** >>>> Class [13 horse] IoU: 85.67
[INFO] ***** Evaluation ***** >>>> Class [14 motorbike] IoU: 86.39
[INFO] ***** Evaluation ***** >>>> Class [15 person] IoU: 85.85
[INFO] ***** Evaluation ***** >>>> Class [16 potted plant] IoU: 56.94
[INFO] ***** Evaluation ***** >>>> Class [17 sheep] IoU: 83.74
[INFO] ***** Evaluation ***** >>>> Class [18 sofa] IoU: 52.94
[INFO] ***** Evaluation ***** >>>> Class [19 train] IoU: 88.17
[INFO] ***** Evaluation ***** >>>> Class [20 tv/monitor] IoU: 69.86
[INFO] ***** Evaluation ***** original >>>> MeanIoU: 77.00

[INFO] Pseudo-label epoch summary | epoch=34, generated_epoch=759639854, selected_epoch=540549049, epoch_rate=0.711586, generated_cum=26668986174, selected_cum=17755698473, cum_rate=0.665781
[INFO] ===========> Epoch: 35, LR: 0.00060, Previous best val_mIOU: 77.47
[INFO] Iters: 34720,total_loss: 0.061,loss_x: 0.085,loss_u_s: 0.065,loss_u_m: 0.067,loss_u_fp: 0.007,mask_ratio: 0.714
[INFO] Iters: 34844,total_loss: 0.066,loss_x: 0.092,loss_u_s: 0.070,loss_u_m: 0.077,loss_u_fp: 0.008,mask_ratio: 0.714
[INFO] Iters: 34968,total_loss: 0.067,loss_x: 0.093,loss_u_s: 0.071,loss_u_m: 0.078,loss_u_fp: 0.008,mask_ratio: 0.705
[INFO] Iters: 35092,total_loss: 0.068,loss_x: 0.100,loss_u_s: 0.069,loss_u_m: 0.058,loss_u_fp: 0.008,mask_ratio: 0.715
[INFO] Iters: 35216,total_loss: 0.062,loss_x: 0.087,loss_u_s: 0.073,loss_u_m: 0.061,loss_u_fp: 0.008,mask_ratio: 0.715
[INFO] Iters: 35340,total_loss: 0.061,loss_x: 0.088,loss_u_s: 0.057,loss_u_m: 0.061,loss_u_fp: 0.007,mask_ratio: 0.721
[INFO] Iters: 35464,total_loss: 0.065,loss_x: 0.085,loss_u_s: 0.080,loss_u_m: 0.080,loss_u_fp: 0.009,mask_ratio: 0.718
[INFO] Iters: 35588,total_loss: 0.061,loss_x: 0.085,loss_u_s: 0.076,loss_u_m: 0.062,loss_u_fp: 0.007,mask_ratio: 0.715
[INFO] ***** Evaluation ***** >>>> Class [0 background] IoU: 94.00
[INFO] ***** Evaluation ***** >>>> Class [1 aeroplane] IoU: 89.21
[INFO] ***** Evaluation ***** >>>> Class [2 bicycle] IoU: 44.13
[INFO] ***** Evaluation ***** >>>> Class [3 bird] IoU: 90.96
[INFO] ***** Evaluation ***** >>>> Class [4 boat] IoU: 70.14
[INFO] ***** Evaluation ***** >>>> Class [5 bottle] IoU: 79.47
[INFO] ***** Evaluation ***** >>>> Class [6 bus] IoU: 94.28
[INFO] ***** Evaluation ***** >>>> Class [7 car] IoU: 89.33
[INFO] ***** Evaluation ***** >>>> Class [8 cat] IoU: 92.36
[INFO] ***** Evaluation ***** >>>> Class [9 chair] IoU: 40.16
[INFO] ***** Evaluation ***** >>>> Class [10 cow] IoU: 90.42
[INFO] ***** Evaluation ***** >>>> Class [11 dining table] IoU: 38.15
[INFO] ***** Evaluation ***** >>>> Class [12 dog] IoU: 88.32
[INFO] ***** Evaluation ***** >>>> Class [13 horse] IoU: 88.26
[INFO] ***** Evaluation ***** >>>> Class [14 motorbike] IoU: 87.13
[INFO] ***** Evaluation ***** >>>> Class [15 person] IoU: 85.59
[INFO] ***** Evaluation ***** >>>> Class [16 potted plant] IoU: 57.38
[INFO] ***** Evaluation ***** >>>> Class [17 sheep] IoU: 82.98
[INFO] ***** Evaluation ***** >>>> Class [18 sofa] IoU: 50.55
[INFO] ***** Evaluation ***** >>>> Class [19 train] IoU: 87.41
[INFO] ***** Evaluation ***** >>>> Class [20 tv/monitor] IoU: 71.83
[INFO] ***** Evaluation ***** original >>>> MeanIoU: 76.76

[INFO] Pseudo-label epoch summary | epoch=35, generated_epoch=762064288, selected_epoch=544339462, epoch_rate=0.714296, generated_cum=27431050462, selected_cum=18300037935, cum_rate=0.667129
[INFO] ===========> Epoch: 36, LR: 0.00058, Previous best val_mIOU: 77.47
[INFO] Iters: 35712,total_loss: 0.062,loss_x: 0.086,loss_u_s: 0.072,loss_u_m: 0.067,loss_u_fp: 0.007,mask_ratio: 0.711
[INFO] Iters: 35836,total_loss: 0.060,loss_x: 0.086,loss_u_s: 0.061,loss_u_m: 0.063,loss_u_fp: 0.007,mask_ratio: 0.720
[INFO] Iters: 35960,total_loss: 0.062,loss_x: 0.083,loss_u_s: 0.075,loss_u_m: 0.073,loss_u_fp: 0.008,mask_ratio: 0.717
[INFO] Iters: 36084,total_loss: 0.064,loss_x: 0.088,loss_u_s: 0.071,loss_u_m: 0.076,loss_u_fp: 0.006,mask_ratio: 0.711
[INFO] Iters: 36208,total_loss: 0.071,loss_x: 0.102,loss_u_s: 0.084,loss_u_m: 0.062,loss_u_fp: 0.007,mask_ratio: 0.718
[INFO] Iters: 36332,total_loss: 0.062,loss_x: 0.087,loss_u_s: 0.068,loss_u_m: 0.067,loss_u_fp: 0.007,mask_ratio: 0.719
[INFO] Iters: 36456,total_loss: 0.061,loss_x: 0.086,loss_u_s: 0.064,loss_u_m: 0.062,loss_u_fp: 0.007,mask_ratio: 0.717
[INFO] Iters: 36580,total_loss: 0.060,loss_x: 0.083,loss_u_s: 0.074,loss_u_m: 0.064,loss_u_fp: 0.006,mask_ratio: 0.729
[INFO] ***** Evaluation ***** >>>> Class [0 background] IoU: 94.09
[INFO] ***** Evaluation ***** >>>> Class [1 aeroplane] IoU: 89.19
[INFO] ***** Evaluation ***** >>>> Class [2 bicycle] IoU: 44.54
[INFO] ***** Evaluation ***** >>>> Class [3 bird] IoU: 89.31
[INFO] ***** Evaluation ***** >>>> Class [4 boat] IoU: 70.00
[INFO] ***** Evaluation ***** >>>> Class [5 bottle] IoU: 79.98
[INFO] ***** Evaluation ***** >>>> Class [6 bus] IoU: 94.63
[INFO] ***** Evaluation ***** >>>> Class [7 car] IoU: 88.76
[INFO] ***** Evaluation ***** >>>> Class [8 cat] IoU: 92.02
[INFO] ***** Evaluation ***** >>>> Class [9 chair] IoU: 38.55
[INFO] ***** Evaluation ***** >>>> Class [10 cow] IoU: 88.16
[INFO] ***** Evaluation ***** >>>> Class [11 dining table] IoU: 52.33
[INFO] ***** Evaluation ***** >>>> Class [12 dog] IoU: 86.92
[INFO] ***** Evaluation ***** >>>> Class [13 horse] IoU: 86.00
[INFO] ***** Evaluation ***** >>>> Class [14 motorbike] IoU: 85.88
[INFO] ***** Evaluation ***** >>>> Class [15 person] IoU: 85.47
[INFO] ***** Evaluation ***** >>>> Class [16 potted plant] IoU: 60.27
[INFO] ***** Evaluation ***** >>>> Class [17 sheep] IoU: 84.72
[INFO] ***** Evaluation ***** >>>> Class [18 sofa] IoU: 50.65
[INFO] ***** Evaluation ***** >>>> Class [19 train] IoU: 89.39
[INFO] ***** Evaluation ***** >>>> Class [20 tv/monitor] IoU: 65.72
[INFO] ***** Evaluation ***** original >>>> MeanIoU: 76.98

[INFO] Pseudo-label epoch summary | epoch=36, generated_epoch=759090674, selected_epoch=545522151, epoch_rate=0.718652, generated_cum=28190141136, selected_cum=18845560086, cum_rate=0.668516
[INFO] ===========> Epoch: 37, LR: 0.00057, Previous best val_mIOU: 77.47
[INFO] Iters: 36704,total_loss: 0.063,loss_x: 0.092,loss_u_s: 0.062,loss_u_m: 0.063,loss_u_fp: 0.007,mask_ratio: 0.721
[INFO] Iters: 36828,total_loss: 0.062,loss_x: 0.087,loss_u_s: 0.063,loss_u_m: 0.072,loss_u_fp: 0.007,mask_ratio: 0.717
[INFO] Iters: 36952,total_loss: 0.067,loss_x: 0.099,loss_u_s: 0.069,loss_u_m: 0.061,loss_u_fp: 0.006,mask_ratio: 0.716
[INFO] Iters: 37076,total_loss: 0.058,loss_x: 0.082,loss_u_s: 0.064,loss_u_m: 0.062,loss_u_fp: 0.007,mask_ratio: 0.729
[INFO] Iters: 37200,total_loss: 0.066,loss_x: 0.087,loss_u_s: 0.075,loss_u_m: 0.091,loss_u_fp: 0.008,mask_ratio: 0.712
[INFO] Iters: 37324,total_loss: 0.062,loss_x: 0.089,loss_u_s: 0.066,loss_u_m: 0.059,loss_u_fp: 0.008,mask_ratio: 0.721
[INFO] Iters: 37448,total_loss: 0.060,loss_x: 0.084,loss_u_s: 0.063,loss_u_m: 0.065,loss_u_fp: 0.007,mask_ratio: 0.720
[INFO] Iters: 37572,total_loss: 0.060,loss_x: 0.084,loss_u_s: 0.065,loss_u_m: 0.061,loss_u_fp: 0.008,mask_ratio: 0.725
[INFO] ***** Evaluation ***** >>>> Class [0 background] IoU: 94.08
[INFO] ***** Evaluation ***** >>>> Class [1 aeroplane] IoU: 89.83
[INFO] ***** Evaluation ***** >>>> Class [2 bicycle] IoU: 42.79
[INFO] ***** Evaluation ***** >>>> Class [3 bird] IoU: 90.02
[INFO] ***** Evaluation ***** >>>> Class [4 boat] IoU: 72.96
[INFO] ***** Evaluation ***** >>>> Class [5 bottle] IoU: 79.81
[INFO] ***** Evaluation ***** >>>> Class [6 bus] IoU: 94.77
[INFO] ***** Evaluation ***** >>>> Class [7 car] IoU: 87.21
[INFO] ***** Evaluation ***** >>>> Class [8 cat] IoU: 92.27
[INFO] ***** Evaluation ***** >>>> Class [9 chair] IoU: 38.83
[INFO] ***** Evaluation ***** >>>> Class [10 cow] IoU: 92.20
[INFO] ***** Evaluation ***** >>>> Class [11 dining table] IoU: 38.33
[INFO] ***** Evaluation ***** >>>> Class [12 dog] IoU: 88.66
[INFO] ***** Evaluation ***** >>>> Class [13 horse] IoU: 89.49
[INFO] ***** Evaluation ***** >>>> Class [14 motorbike] IoU: 83.93
[INFO] ***** Evaluation ***** >>>> Class [15 person] IoU: 85.53
[INFO] ***** Evaluation ***** >>>> Class [16 potted plant] IoU: 60.64
[INFO] ***** Evaluation ***** >>>> Class [17 sheep] IoU: 83.21
[INFO] ***** Evaluation ***** >>>> Class [18 sofa] IoU: 50.50
[INFO] ***** Evaluation ***** >>>> Class [19 train] IoU: 89.79
[INFO] ***** Evaluation ***** >>>> Class [20 tv/monitor] IoU: 69.68
[INFO] ***** Evaluation ***** original >>>> MeanIoU: 76.88

[INFO] Pseudo-label epoch summary | epoch=37, generated_epoch=762600792, selected_epoch=549086182, epoch_rate=0.720018, generated_cum=28952741928, selected_cum=19394646268, cum_rate=0.669873
[INFO] ===========> Epoch: 38, LR: 0.00056, Previous best val_mIOU: 77.47
[INFO] Iters: 37696,total_loss: 0.060,loss_x: 0.080,loss_u_s: 0.084,loss_u_m: 0.063,loss_u_fp: 0.006,mask_ratio: 0.720
[INFO] Iters: 37820,total_loss: 0.061,loss_x: 0.090,loss_u_s: 0.059,loss_u_m: 0.055,loss_u_fp: 0.006,mask_ratio: 0.719
[INFO] Iters: 37944,total_loss: 0.062,loss_x: 0.084,loss_u_s: 0.071,loss_u_m: 0.065,loss_u_fp: 0.010,mask_ratio: 0.724
[INFO] Iters: 38068,total_loss: 0.064,loss_x: 0.091,loss_u_s: 0.068,loss_u_m: 0.066,loss_u_fp: 0.008,mask_ratio: 0.713
[INFO] Iters: 38192,total_loss: 0.060,loss_x: 0.082,loss_u_s: 0.065,loss_u_m: 0.070,loss_u_fp: 0.007,mask_ratio: 0.718
[INFO] Iters: 38316,total_loss: 0.063,loss_x: 0.083,loss_u_s: 0.076,loss_u_m: 0.077,loss_u_fp: 0.008,mask_ratio: 0.711
[INFO] Iters: 38440,total_loss: 0.061,loss_x: 0.084,loss_u_s: 0.063,loss_u_m: 0.074,loss_u_fp: 0.007,mask_ratio: 0.726
[INFO] Iters: 38564,total_loss: 0.065,loss_x: 0.090,loss_u_s: 0.065,loss_u_m: 0.079,loss_u_fp: 0.006,mask_ratio: 0.716
[INFO] ***** Evaluation ***** >>>> Class [0 background] IoU: 94.21
[INFO] ***** Evaluation ***** >>>> Class [1 aeroplane] IoU: 90.60
[INFO] ***** Evaluation ***** >>>> Class [2 bicycle] IoU: 44.95
[INFO] ***** Evaluation ***** >>>> Class [3 bird] IoU: 89.74
[INFO] ***** Evaluation ***** >>>> Class [4 boat] IoU: 72.65
[INFO] ***** Evaluation ***** >>>> Class [5 bottle] IoU: 78.33
[INFO] ***** Evaluation ***** >>>> Class [6 bus] IoU: 93.68
[INFO] ***** Evaluation ***** >>>> Class [7 car] IoU: 86.19
[INFO] ***** Evaluation ***** >>>> Class [8 cat] IoU: 92.63
[INFO] ***** Evaluation ***** >>>> Class [9 chair] IoU: 36.01
[INFO] ***** Evaluation ***** >>>> Class [10 cow] IoU: 88.22
[INFO] ***** Evaluation ***** >>>> Class [11 dining table] IoU: 50.77
[INFO] ***** Evaluation ***** >>>> Class [12 dog] IoU: 90.44
[INFO] ***** Evaluation ***** >>>> Class [13 horse] IoU: 87.59
[INFO] ***** Evaluation ***** >>>> Class [14 motorbike] IoU: 83.22
[INFO] ***** Evaluation ***** >>>> Class [15 person] IoU: 85.82
[INFO] ***** Evaluation ***** >>>> Class [16 potted plant] IoU: 56.81
[INFO] ***** Evaluation ***** >>>> Class [17 sheep] IoU: 82.71
[INFO] ***** Evaluation ***** >>>> Class [18 sofa] IoU: 50.16
[INFO] ***** Evaluation ***** >>>> Class [19 train] IoU: 88.86
[INFO] ***** Evaluation ***** >>>> Class [20 tv/monitor] IoU: 70.34
[INFO] ***** Evaluation ***** original >>>> MeanIoU: 76.85

[INFO] Pseudo-label epoch summary | epoch=38, generated_epoch=759858253, selected_epoch=545322237, epoch_rate=0.717663, generated_cum=29712600181, selected_cum=19939968505, cum_rate=0.671095
[INFO] ===========> Epoch: 39, LR: 0.00055, Previous best val_mIOU: 77.47
[INFO] Iters: 38688,total_loss: 0.062,loss_x: 0.082,loss_u_s: 0.078,loss_u_m: 0.079,loss_u_fp: 0.006,mask_ratio: 0.716
[INFO] Iters: 38812,total_loss: 0.064,loss_x: 0.091,loss_u_s: 0.068,loss_u_m: 0.065,loss_u_fp: 0.007,mask_ratio: 0.721
[INFO] Iters: 38936,total_loss: 0.066,loss_x: 0.090,loss_u_s: 0.078,loss_u_m: 0.071,loss_u_fp: 0.008,mask_ratio: 0.712
[INFO] Iters: 39060,total_loss: 0.059,loss_x: 0.084,loss_u_s: 0.057,loss_u_m: 0.070,loss_u_fp: 0.006,mask_ratio: 0.718
[INFO] Iters: 39184,total_loss: 0.059,loss_x: 0.082,loss_u_s: 0.071,loss_u_m: 0.061,loss_u_fp: 0.007,mask_ratio: 0.720
[INFO] Iters: 39308,total_loss: 0.057,loss_x: 0.083,loss_u_s: 0.055,loss_u_m: 0.063,loss_u_fp: 0.005,mask_ratio: 0.726
[INFO] Iters: 39432,total_loss: 0.063,loss_x: 0.091,loss_u_s: 0.062,loss_u_m: 0.062,loss_u_fp: 0.008,mask_ratio: 0.713
[INFO] Iters: 39556,total_loss: 0.062,loss_x: 0.088,loss_u_s: 0.067,loss_u_m: 0.061,loss_u_fp: 0.008,mask_ratio: 0.718
[INFO] ***** Evaluation ***** >>>> Class [0 background] IoU: 94.19
[INFO] ***** Evaluation ***** >>>> Class [1 aeroplane] IoU: 89.55
[INFO] ***** Evaluation ***** >>>> Class [2 bicycle] IoU: 44.96
[INFO] ***** Evaluation ***** >>>> Class [3 bird] IoU: 90.64
[INFO] ***** Evaluation ***** >>>> Class [4 boat] IoU: 73.09
[INFO] ***** Evaluation ***** >>>> Class [5 bottle] IoU: 81.22
[INFO] ***** Evaluation ***** >>>> Class [6 bus] IoU: 94.85
[INFO] ***** Evaluation ***** >>>> Class [7 car] IoU: 85.55
[INFO] ***** Evaluation ***** >>>> Class [8 cat] IoU: 92.66
[INFO] ***** Evaluation ***** >>>> Class [9 chair] IoU: 39.02
[INFO] ***** Evaluation ***** >>>> Class [10 cow] IoU: 87.89
[INFO] ***** Evaluation ***** >>>> Class [11 dining table] IoU: 35.62
[INFO] ***** Evaluation ***** >>>> Class [12 dog] IoU: 86.51
[INFO] ***** Evaluation ***** >>>> Class [13 horse] IoU: 88.80
[INFO] ***** Evaluation ***** >>>> Class [14 motorbike] IoU: 83.55
[INFO] ***** Evaluation ***** >>>> Class [15 person] IoU: 86.22
[INFO] ***** Evaluation ***** >>>> Class [16 potted plant] IoU: 58.98
[INFO] ***** Evaluation ***** >>>> Class [17 sheep] IoU: 84.34
[INFO] ***** Evaluation ***** >>>> Class [18 sofa] IoU: 54.31
[INFO] ***** Evaluation ***** >>>> Class [19 train] IoU: 90.09
[INFO] ***** Evaluation ***** >>>> Class [20 tv/monitor] IoU: 71.08
[INFO] ***** Evaluation ***** original >>>> MeanIoU: 76.81

[INFO] Pseudo-label epoch summary | epoch=39, generated_epoch=762449719, selected_epoch=547523998, epoch_rate=0.718112, generated_cum=30475049900, selected_cum=20487492503, cum_rate=0.672271
[INFO] ===========> Epoch: 40, LR: 0.00054, Previous best val_mIOU: 77.47
[INFO] Iters: 39680,total_loss: 0.059,loss_x: 0.079,loss_u_s: 0.069,loss_u_m: 0.068,loss_u_fp: 0.007,mask_ratio: 0.719
[INFO] Iters: 39804,total_loss: 0.056,loss_x: 0.082,loss_u_s: 0.057,loss_u_m: 0.054,loss_u_fp: 0.006,mask_ratio: 0.730
[INFO] Iters: 39928,total_loss: 0.055,loss_x: 0.078,loss_u_s: 0.060,loss_u_m: 0.054,loss_u_fp: 0.006,mask_ratio: 0.728
[INFO] Iters: 40052,total_loss: 0.064,loss_x: 0.088,loss_u_s: 0.074,loss_u_m: 0.074,loss_u_fp: 0.007,mask_ratio: 0.718
[INFO] Iters: 40176,total_loss: 0.058,loss_x: 0.078,loss_u_s: 0.060,loss_u_m: 0.077,loss_u_fp: 0.006,mask_ratio: 0.714
[INFO] Iters: 40300,total_loss: 0.062,loss_x: 0.086,loss_u_s: 0.076,loss_u_m: 0.062,loss_u_fp: 0.008,mask_ratio: 0.719
[INFO] Iters: 40424,total_loss: 0.058,loss_x: 0.082,loss_u_s: 0.062,loss_u_m: 0.063,loss_u_fp: 0.006,mask_ratio: 0.729
[INFO] Iters: 40548,total_loss: 0.058,loss_x: 0.083,loss_u_s: 0.065,loss_u_m: 0.056,loss_u_fp: 0.007,mask_ratio: 0.732
[INFO] ***** Evaluation ***** >>>> Class [0 background] IoU: 94.13
[INFO] ***** Evaluation ***** >>>> Class [1 aeroplane] IoU: 91.04
[INFO] ***** Evaluation ***** >>>> Class [2 bicycle] IoU: 43.59
[INFO] ***** Evaluation ***** >>>> Class [3 bird] IoU: 90.37
[INFO] ***** Evaluation ***** >>>> Class [4 boat] IoU: 71.41
[INFO] ***** Evaluation ***** >>>> Class [5 bottle] IoU: 81.32
[INFO] ***** Evaluation ***** >>>> Class [6 bus] IoU: 95.05
[INFO] ***** Evaluation ***** >>>> Class [7 car] IoU: 85.82
[INFO] ***** Evaluation ***** >>>> Class [8 cat] IoU: 92.88
[INFO] ***** Evaluation ***** >>>> Class [9 chair] IoU: 40.36
[INFO] ***** Evaluation ***** >>>> Class [10 cow] IoU: 90.63
[INFO] ***** Evaluation ***** >>>> Class [11 dining table] IoU: 39.45
[INFO] ***** Evaluation ***** >>>> Class [12 dog] IoU: 89.38
[INFO] ***** Evaluation ***** >>>> Class [13 horse] IoU: 87.42
[INFO] ***** Evaluation ***** >>>> Class [14 motorbike] IoU: 82.67
[INFO] ***** Evaluation ***** >>>> Class [15 person] IoU: 86.03
[INFO] ***** Evaluation ***** >>>> Class [16 potted plant] IoU: 60.37
[INFO] ***** Evaluation ***** >>>> Class [17 sheep] IoU: 83.91
[INFO] ***** Evaluation ***** >>>> Class [18 sofa] IoU: 51.61
[INFO] ***** Evaluation ***** >>>> Class [19 train] IoU: 89.37
[INFO] ***** Evaluation ***** >>>> Class [20 tv/monitor] IoU: 70.37
[INFO] ***** Evaluation ***** original >>>> MeanIoU: 77.01

[INFO] Pseudo-label epoch summary | epoch=40, generated_epoch=760148873, selected_epoch=550306291, epoch_rate=0.723945, generated_cum=31235198773, selected_cum=21037798794, cum_rate=0.673529
[INFO] ===========> Epoch: 41, LR: 0.00052, Previous best val_mIOU: 77.47
[INFO] Iters: 40672,total_loss: 0.059,loss_x: 0.081,loss_u_s: 0.068,loss_u_m: 0.069,loss_u_fp: 0.007,mask_ratio: 0.723
[INFO] Iters: 40796,total_loss: 0.055,loss_x: 0.075,loss_u_s: 0.060,loss_u_m: 0.070,loss_u_fp: 0.006,mask_ratio: 0.735
[INFO] Iters: 40920,total_loss: 0.057,loss_x: 0.081,loss_u_s: 0.058,loss_u_m: 0.063,loss_u_fp: 0.007,mask_ratio: 0.729
[INFO] Iters: 41044,total_loss: 0.059,loss_x: 0.082,loss_u_s: 0.062,loss_u_m: 0.065,loss_u_fp: 0.007,mask_ratio: 0.723
[INFO] Iters: 41168,total_loss: 0.063,loss_x: 0.085,loss_u_s: 0.079,loss_u_m: 0.070,loss_u_fp: 0.009,mask_ratio: 0.719
[INFO] Iters: 41292,total_loss: 0.064,loss_x: 0.085,loss_u_s: 0.071,loss_u_m: 0.085,loss_u_fp: 0.009,mask_ratio: 0.714
[INFO] Iters: 41416,total_loss: 0.060,loss_x: 0.084,loss_u_s: 0.066,loss_u_m: 0.065,loss_u_fp: 0.007,mask_ratio: 0.728
[INFO] Iters: 41540,total_loss: 0.062,loss_x: 0.084,loss_u_s: 0.068,loss_u_m: 0.072,loss_u_fp: 0.009,mask_ratio: 0.729
[INFO] ***** Evaluation ***** >>>> Class [0 background] IoU: 94.38
[INFO] ***** Evaluation ***** >>>> Class [1 aeroplane] IoU: 89.52
[INFO] ***** Evaluation ***** >>>> Class [2 bicycle] IoU: 44.05
[INFO] ***** Evaluation ***** >>>> Class [3 bird] IoU: 90.04
[INFO] ***** Evaluation ***** >>>> Class [4 boat] IoU: 72.95
[INFO] ***** Evaluation ***** >>>> Class [5 bottle] IoU: 78.54
[INFO] ***** Evaluation ***** >>>> Class [6 bus] IoU: 95.26
[INFO] ***** Evaluation ***** >>>> Class [7 car] IoU: 87.01
[INFO] ***** Evaluation ***** >>>> Class [8 cat] IoU: 92.64
[INFO] ***** Evaluation ***** >>>> Class [9 chair] IoU: 36.91
[INFO] ***** Evaluation ***** >>>> Class [10 cow] IoU: 83.81
[INFO] ***** Evaluation ***** >>>> Class [11 dining table] IoU: 46.27
[INFO] ***** Evaluation ***** >>>> Class [12 dog] IoU: 87.53
[INFO] ***** Evaluation ***** >>>> Class [13 horse] IoU: 85.65
[INFO] ***** Evaluation ***** >>>> Class [14 motorbike] IoU: 84.04
[INFO] ***** Evaluation ***** >>>> Class [15 person] IoU: 86.31
[INFO] ***** Evaluation ***** >>>> Class [16 potted plant] IoU: 56.21
[INFO] ***** Evaluation ***** >>>> Class [17 sheep] IoU: 85.14
[INFO] ***** Evaluation ***** >>>> Class [18 sofa] IoU: 58.72
[INFO] ***** Evaluation ***** >>>> Class [19 train] IoU: 89.92
[INFO] ***** Evaluation ***** >>>> Class [20 tv/monitor] IoU: 68.46
[INFO] ***** Evaluation ***** original >>>> MeanIoU: 76.83

[INFO] Pseudo-label epoch summary | epoch=41, generated_epoch=760079127, selected_epoch=550904767, epoch_rate=0.724799, generated_cum=31995277900, selected_cum=21588703561, cum_rate=0.674747
[INFO] ===========> Epoch: 42, LR: 0.00051, Previous best val_mIOU: 77.47
[INFO] Iters: 41664,total_loss: 0.061,loss_x: 0.082,loss_u_s: 0.076,loss_u_m: 0.068,loss_u_fp: 0.007,mask_ratio: 0.723
[INFO] Iters: 41788,total_loss: 0.056,loss_x: 0.073,loss_u_s: 0.069,loss_u_m: 0.070,loss_u_fp: 0.007,mask_ratio: 0.715
[INFO] Iters: 41912,total_loss: 0.063,loss_x: 0.085,loss_u_s: 0.071,loss_u_m: 0.078,loss_u_fp: 0.007,mask_ratio: 0.733
[INFO] Iters: 42036,total_loss: 0.053,loss_x: 0.072,loss_u_s: 0.060,loss_u_m: 0.061,loss_u_fp: 0.008,mask_ratio: 0.727
[INFO] Iters: 42160,total_loss: 0.060,loss_x: 0.084,loss_u_s: 0.068,loss_u_m: 0.067,loss_u_fp: 0.006,mask_ratio: 0.728
[INFO] Iters: 42284,total_loss: 0.060,loss_x: 0.085,loss_u_s: 0.068,loss_u_m: 0.064,loss_u_fp: 0.006,mask_ratio: 0.725
[INFO] Iters: 42408,total_loss: 0.065,loss_x: 0.084,loss_u_s: 0.094,loss_u_m: 0.077,loss_u_fp: 0.008,mask_ratio: 0.718
[INFO] Iters: 42532,total_loss: 0.059,loss_x: 0.080,loss_u_s: 0.066,loss_u_m: 0.072,loss_u_fp: 0.008,mask_ratio: 0.728
[INFO] ***** Evaluation ***** >>>> Class [0 background] IoU: 94.36
[INFO] ***** Evaluation ***** >>>> Class [1 aeroplane] IoU: 91.44
[INFO] ***** Evaluation ***** >>>> Class [2 bicycle] IoU: 43.31
[INFO] ***** Evaluation ***** >>>> Class [3 bird] IoU: 89.92
[INFO] ***** Evaluation ***** >>>> Class [4 boat] IoU: 72.57
[INFO] ***** Evaluation ***** >>>> Class [5 bottle] IoU: 80.08
[INFO] ***** Evaluation ***** >>>> Class [6 bus] IoU: 95.37
[INFO] ***** Evaluation ***** >>>> Class [7 car] IoU: 88.34
[INFO] ***** Evaluation ***** >>>> Class [8 cat] IoU: 92.06
[INFO] ***** Evaluation ***** >>>> Class [9 chair] IoU: 39.54
[INFO] ***** Evaluation ***** >>>> Class [10 cow] IoU: 88.05
[INFO] ***** Evaluation ***** >>>> Class [11 dining table] IoU: 44.17
[INFO] ***** Evaluation ***** >>>> Class [12 dog] IoU: 89.89
[INFO] ***** Evaluation ***** >>>> Class [13 horse] IoU: 86.73
[INFO] ***** Evaluation ***** >>>> Class [14 motorbike] IoU: 85.54
[INFO] ***** Evaluation ***** >>>> Class [15 person] IoU: 86.65
[INFO] ***** Evaluation ***** >>>> Class [16 potted plant] IoU: 56.41
[INFO] ***** Evaluation ***** >>>> Class [17 sheep] IoU: 83.56
[INFO] ***** Evaluation ***** >>>> Class [18 sofa] IoU: 55.41
[INFO] ***** Evaluation ***** >>>> Class [19 train] IoU: 89.98
[INFO] ***** Evaluation ***** >>>> Class [20 tv/monitor] IoU: 69.49
[INFO] ***** Evaluation ***** original >>>> MeanIoU: 77.28

[INFO] Pseudo-label epoch summary | epoch=42, generated_epoch=761200666, selected_epoch=551616757, epoch_rate=0.724667, generated_cum=32756478566, selected_cum=22140320318, cum_rate=0.675907
[INFO] ===========> Epoch: 43, LR: 0.00050, Previous best val_mIOU: 77.47
[INFO] Iters: 42656,total_loss: 0.057,loss_x: 0.077,loss_u_s: 0.064,loss_u_m: 0.068,loss_u_fp: 0.007,mask_ratio: 0.724
[INFO] Iters: 42780,total_loss: 0.059,loss_x: 0.081,loss_u_s: 0.061,loss_u_m: 0.077,loss_u_fp: 0.006,mask_ratio: 0.729
[INFO] Iters: 42904,total_loss: 0.055,loss_x: 0.076,loss_u_s: 0.064,loss_u_m: 0.058,loss_u_fp: 0.007,mask_ratio: 0.728
[INFO] Iters: 43028,total_loss: 0.058,loss_x: 0.081,loss_u_s: 0.063,loss_u_m: 0.066,loss_u_fp: 0.006,mask_ratio: 0.729
[INFO] Iters: 43152,total_loss: 0.062,loss_x: 0.085,loss_u_s: 0.067,loss_u_m: 0.076,loss_u_fp: 0.006,mask_ratio: 0.730
[INFO] Iters: 43276,total_loss: 0.061,loss_x: 0.081,loss_u_s: 0.084,loss_u_m: 0.062,loss_u_fp: 0.007,mask_ratio: 0.722
[INFO] Iters: 43400,total_loss: 0.056,loss_x: 0.079,loss_u_s: 0.062,loss_u_m: 0.057,loss_u_fp: 0.007,mask_ratio: 0.731
[INFO] Iters: 43524,total_loss: 0.056,loss_x: 0.075,loss_u_s: 0.071,loss_u_m: 0.063,loss_u_fp: 0.007,mask_ratio: 0.727
[INFO] ***** Evaluation ***** >>>> Class [0 background] IoU: 94.51
[INFO] ***** Evaluation ***** >>>> Class [1 aeroplane] IoU: 91.57
[INFO] ***** Evaluation ***** >>>> Class [2 bicycle] IoU: 44.03
[INFO] ***** Evaluation ***** >>>> Class [3 bird] IoU: 89.65
[INFO] ***** Evaluation ***** >>>> Class [4 boat] IoU: 72.21
[INFO] ***** Evaluation ***** >>>> Class [5 bottle] IoU: 81.71
[INFO] ***** Evaluation ***** >>>> Class [6 bus] IoU: 95.14
[INFO] ***** Evaluation ***** >>>> Class [7 car] IoU: 90.22
[INFO] ***** Evaluation ***** >>>> Class [8 cat] IoU: 92.54
[INFO] ***** Evaluation ***** >>>> Class [9 chair] IoU: 38.15
[INFO] ***** Evaluation ***** >>>> Class [10 cow] IoU: 89.87
[INFO] ***** Evaluation ***** >>>> Class [11 dining table] IoU: 48.70
[INFO] ***** Evaluation ***** >>>> Class [12 dog] IoU: 87.43
[INFO] ***** Evaluation ***** >>>> Class [13 horse] IoU: 89.99
[INFO] ***** Evaluation ***** >>>> Class [14 motorbike] IoU: 87.48
[INFO] ***** Evaluation ***** >>>> Class [15 person] IoU: 86.06
[INFO] ***** Evaluation ***** >>>> Class [16 potted plant] IoU: 62.32
[INFO] ***** Evaluation ***** >>>> Class [17 sheep] IoU: 84.20
[INFO] ***** Evaluation ***** >>>> Class [18 sofa] IoU: 58.61
[INFO] ***** Evaluation ***** >>>> Class [19 train] IoU: 89.57
[INFO] ***** Evaluation ***** >>>> Class [20 tv/monitor] IoU: 69.46
[INFO] ***** Evaluation ***** original >>>> MeanIoU: 78.26

[INFO] Pseudo-label epoch summary | epoch=43, generated_epoch=761034168, selected_epoch=553467877, epoch_rate=0.727258, generated_cum=33517512734, selected_cum=22693788195, cum_rate=0.677073
[INFO] ===========> Epoch: 44, LR: 0.00049, Previous best val_mIOU: 78.26
[INFO] Iters: 43648,total_loss: 0.056,loss_x: 0.074,loss_u_s: 0.064,loss_u_m: 0.071,loss_u_fp: 0.009,mask_ratio: 0.723
[INFO] Iters: 43772,total_loss: 0.056,loss_x: 0.076,loss_u_s: 0.069,loss_u_m: 0.064,loss_u_fp: 0.007,mask_ratio: 0.729
[INFO] Iters: 43896,total_loss: 0.062,loss_x: 0.084,loss_u_s: 0.074,loss_u_m: 0.069,loss_u_fp: 0.007,mask_ratio: 0.728
[INFO] Iters: 44020,total_loss: 0.059,loss_x: 0.084,loss_u_s: 0.064,loss_u_m: 0.061,loss_u_fp: 0.005,mask_ratio: 0.725
[INFO] Iters: 44144,total_loss: 0.058,loss_x: 0.076,loss_u_s: 0.073,loss_u_m: 0.077,loss_u_fp: 0.006,mask_ratio: 0.729
[INFO] Iters: 44268,total_loss: 0.060,loss_x: 0.085,loss_u_s: 0.069,loss_u_m: 0.059,loss_u_fp: 0.006,mask_ratio: 0.725
[INFO] Iters: 44392,total_loss: 0.057,loss_x: 0.078,loss_u_s: 0.058,loss_u_m: 0.078,loss_u_fp: 0.006,mask_ratio: 0.725
[INFO] Iters: 44516,total_loss: 0.055,loss_x: 0.076,loss_u_s: 0.056,loss_u_m: 0.067,loss_u_fp: 0.006,mask_ratio: 0.727
[INFO] ***** Evaluation ***** >>>> Class [0 background] IoU: 94.17
[INFO] ***** Evaluation ***** >>>> Class [1 aeroplane] IoU: 90.94
[INFO] ***** Evaluation ***** >>>> Class [2 bicycle] IoU: 45.15
[INFO] ***** Evaluation ***** >>>> Class [3 bird] IoU: 90.17
[INFO] ***** Evaluation ***** >>>> Class [4 boat] IoU: 69.41
[INFO] ***** Evaluation ***** >>>> Class [5 bottle] IoU: 81.36
[INFO] ***** Evaluation ***** >>>> Class [6 bus] IoU: 94.67
[INFO] ***** Evaluation ***** >>>> Class [7 car] IoU: 89.18
[INFO] ***** Evaluation ***** >>>> Class [8 cat] IoU: 92.28
[INFO] ***** Evaluation ***** >>>> Class [9 chair] IoU: 35.75
[INFO] ***** Evaluation ***** >>>> Class [10 cow] IoU: 81.53
[INFO] ***** Evaluation ***** >>>> Class [11 dining table] IoU: 33.02
[INFO] ***** Evaluation ***** >>>> Class [12 dog] IoU: 86.46
[INFO] ***** Evaluation ***** >>>> Class [13 horse] IoU: 86.07
[INFO] ***** Evaluation ***** >>>> Class [14 motorbike] IoU: 87.01
[INFO] ***** Evaluation ***** >>>> Class [15 person] IoU: 85.77
[INFO] ***** Evaluation ***** >>>> Class [16 potted plant] IoU: 57.93
[INFO] ***** Evaluation ***** >>>> Class [17 sheep] IoU: 84.74
[INFO] ***** Evaluation ***** >>>> Class [18 sofa] IoU: 58.19
[INFO] ***** Evaluation ***** >>>> Class [19 train] IoU: 89.97
[INFO] ***** Evaluation ***** >>>> Class [20 tv/monitor] IoU: 69.55
[INFO] ***** Evaluation ***** original >>>> MeanIoU: 76.35

[INFO] Pseudo-label epoch summary | epoch=44, generated_epoch=764618612, selected_epoch=555690247, epoch_rate=0.726755, generated_cum=34282131346, selected_cum=23249478442, cum_rate=0.678181
[INFO] ===========> Epoch: 45, LR: 0.00048, Previous best val_mIOU: 78.26
[INFO] Iters: 44640,total_loss: 0.061,loss_x: 0.086,loss_u_s: 0.069,loss_u_m: 0.064,loss_u_fp: 0.006,mask_ratio: 0.729
[INFO] Iters: 44764,total_loss: 0.058,loss_x: 0.078,loss_u_s: 0.073,loss_u_m: 0.067,loss_u_fp: 0.008,mask_ratio: 0.722
[INFO] Iters: 44888,total_loss: 0.056,loss_x: 0.076,loss_u_s: 0.065,loss_u_m: 0.060,loss_u_fp: 0.007,mask_ratio: 0.731
[INFO] Iters: 45012,total_loss: 0.057,loss_x: 0.076,loss_u_s: 0.074,loss_u_m: 0.067,loss_u_fp: 0.007,mask_ratio: 0.732
[INFO] Iters: 45136,total_loss: 0.062,loss_x: 0.083,loss_u_s: 0.078,loss_u_m: 0.071,loss_u_fp: 0.008,mask_ratio: 0.728
[INFO] Iters: 45260,total_loss: 0.056,loss_x: 0.075,loss_u_s: 0.069,loss_u_m: 0.068,loss_u_fp: 0.006,mask_ratio: 0.729
[INFO] Iters: 45384,total_loss: 0.058,loss_x: 0.081,loss_u_s: 0.058,loss_u_m: 0.069,loss_u_fp: 0.009,mask_ratio: 0.724
[INFO] Iters: 45508,total_loss: 0.056,loss_x: 0.078,loss_u_s: 0.064,loss_u_m: 0.064,loss_u_fp: 0.006,mask_ratio: 0.731
[INFO] ***** Evaluation ***** >>>> Class [0 background] IoU: 94.50
[INFO] ***** Evaluation ***** >>>> Class [1 aeroplane] IoU: 91.24
[INFO] ***** Evaluation ***** >>>> Class [2 bicycle] IoU: 43.88
[INFO] ***** Evaluation ***** >>>> Class [3 bird] IoU: 90.66
[INFO] ***** Evaluation ***** >>>> Class [4 boat] IoU: 70.09
[INFO] ***** Evaluation ***** >>>> Class [5 bottle] IoU: 83.18
[INFO] ***** Evaluation ***** >>>> Class [6 bus] IoU: 95.06
[INFO] ***** Evaluation ***** >>>> Class [7 car] IoU: 87.99
[INFO] ***** Evaluation ***** >>>> Class [8 cat] IoU: 92.49
[INFO] ***** Evaluation ***** >>>> Class [9 chair] IoU: 37.28
[INFO] ***** Evaluation ***** >>>> Class [10 cow] IoU: 87.14
[INFO] ***** Evaluation ***** >>>> Class [11 dining table] IoU: 47.46
[INFO] ***** Evaluation ***** >>>> Class [12 dog] IoU: 88.21
[INFO] ***** Evaluation ***** >>>> Class [13 horse] IoU: 87.47
[INFO] ***** Evaluation ***** >>>> Class [14 motorbike] IoU: 85.23
[INFO] ***** Evaluation ***** >>>> Class [15 person] IoU: 86.15
[INFO] ***** Evaluation ***** >>>> Class [16 potted plant] IoU: 59.74
[INFO] ***** Evaluation ***** >>>> Class [17 sheep] IoU: 84.63
[INFO] ***** Evaluation ***** >>>> Class [18 sofa] IoU: 58.71
[INFO] ***** Evaluation ***** >>>> Class [19 train] IoU: 88.61
[INFO] ***** Evaluation ***** >>>> Class [20 tv/monitor] IoU: 69.94
[INFO] ***** Evaluation ***** original >>>> MeanIoU: 77.60

[INFO] Pseudo-label epoch summary | epoch=45, generated_epoch=762845317, selected_epoch=555225595, epoch_rate=0.727835, generated_cum=35044976663, selected_cum=23804704037, cum_rate=0.679262
[INFO] ===========> Epoch: 46, LR: 0.00046, Previous best val_mIOU: 78.26
[INFO] Iters: 45632,total_loss: 0.056,loss_x: 0.079,loss_u_s: 0.057,loss_u_m: 0.065,loss_u_fp: 0.007,mask_ratio: 0.727
[INFO] Iters: 45756,total_loss: 0.057,loss_x: 0.077,loss_u_s: 0.073,loss_u_m: 0.065,loss_u_fp: 0.007,mask_ratio: 0.730
[INFO] Iters: 45880,total_loss: 0.058,loss_x: 0.080,loss_u_s: 0.062,loss_u_m: 0.066,loss_u_fp: 0.007,mask_ratio: 0.736
[INFO] Iters: 46004,total_loss: 0.058,loss_x: 0.081,loss_u_s: 0.070,loss_u_m: 0.059,loss_u_fp: 0.005,mask_ratio: 0.731
[INFO] Iters: 46128,total_loss: 0.062,loss_x: 0.087,loss_u_s: 0.064,loss_u_m: 0.069,loss_u_fp: 0.007,mask_ratio: 0.734
[INFO] Iters: 46252,total_loss: 0.061,loss_x: 0.086,loss_u_s: 0.070,loss_u_m: 0.067,loss_u_fp: 0.006,mask_ratio: 0.724
[INFO] Iters: 46376,total_loss: 0.061,loss_x: 0.084,loss_u_s: 0.075,loss_u_m: 0.066,loss_u_fp: 0.006,mask_ratio: 0.730
[INFO] Iters: 46500,total_loss: 0.061,loss_x: 0.079,loss_u_s: 0.077,loss_u_m: 0.083,loss_u_fp: 0.007,mask_ratio: 0.721
[INFO] ***** Evaluation ***** >>>> Class [0 background] IoU: 94.29
[INFO] ***** Evaluation ***** >>>> Class [1 aeroplane] IoU: 90.47
[INFO] ***** Evaluation ***** >>>> Class [2 bicycle] IoU: 43.39
[INFO] ***** Evaluation ***** >>>> Class [3 bird] IoU: 91.29
[INFO] ***** Evaluation ***** >>>> Class [4 boat] IoU: 71.74
[INFO] ***** Evaluation ***** >>>> Class [5 bottle] IoU: 83.58
[INFO] ***** Evaluation ***** >>>> Class [6 bus] IoU: 95.44
[INFO] ***** Evaluation ***** >>>> Class [7 car] IoU: 88.95
[INFO] ***** Evaluation ***** >>>> Class [8 cat] IoU: 92.09
[INFO] ***** Evaluation ***** >>>> Class [9 chair] IoU: 34.98
[INFO] ***** Evaluation ***** >>>> Class [10 cow] IoU: 85.96
[INFO] ***** Evaluation ***** >>>> Class [11 dining table] IoU: 41.67
[INFO] ***** Evaluation ***** >>>> Class [12 dog] IoU: 88.63
[INFO] ***** Evaluation ***** >>>> Class [13 horse] IoU: 86.12
[INFO] ***** Evaluation ***** >>>> Class [14 motorbike] IoU: 86.48
[INFO] ***** Evaluation ***** >>>> Class [15 person] IoU: 86.30
[INFO] ***** Evaluation ***** >>>> Class [16 potted plant] IoU: 63.06
[INFO] ***** Evaluation ***** >>>> Class [17 sheep] IoU: 84.35
[INFO] ***** Evaluation ***** >>>> Class [18 sofa] IoU: 52.95
[INFO] ***** Evaluation ***** >>>> Class [19 train] IoU: 89.92
[INFO] ***** Evaluation ***** >>>> Class [20 tv/monitor] IoU: 69.35
[INFO] ***** Evaluation ***** original >>>> MeanIoU: 77.19

[INFO] Pseudo-label epoch summary | epoch=46, generated_epoch=761482016, selected_epoch=554661626, epoch_rate=0.728398, generated_cum=35806458679, selected_cum=24359365663, cum_rate=0.680306
[INFO] ===========> Epoch: 47, LR: 0.00045, Previous best val_mIOU: 78.26
[INFO] Iters: 46624,total_loss: 0.056,loss_x: 0.077,loss_u_s: 0.068,loss_u_m: 0.066,loss_u_fp: 0.006,mask_ratio: 0.722
[INFO] Iters: 46748,total_loss: 0.053,loss_x: 0.072,loss_u_s: 0.060,loss_u_m: 0.061,loss_u_fp: 0.006,mask_ratio: 0.737
[INFO] Iters: 46872,total_loss: 0.055,loss_x: 0.076,loss_u_s: 0.064,loss_u_m: 0.060,loss_u_fp: 0.006,mask_ratio: 0.735
[INFO] Iters: 46996,total_loss: 0.060,loss_x: 0.080,loss_u_s: 0.066,loss_u_m: 0.077,loss_u_fp: 0.008,mask_ratio: 0.732
[INFO] Iters: 47120,total_loss: 0.060,loss_x: 0.079,loss_u_s: 0.072,loss_u_m: 0.073,loss_u_fp: 0.008,mask_ratio: 0.725
[INFO] Iters: 47244,total_loss: 0.058,loss_x: 0.081,loss_u_s: 0.070,loss_u_m: 0.058,loss_u_fp: 0.006,mask_ratio: 0.731
[INFO] Iters: 47368,total_loss: 0.058,loss_x: 0.078,loss_u_s: 0.072,loss_u_m: 0.069,loss_u_fp: 0.006,mask_ratio: 0.723
[INFO] Iters: 47492,total_loss: 0.057,loss_x: 0.080,loss_u_s: 0.061,loss_u_m: 0.066,loss_u_fp: 0.007,mask_ratio: 0.737
[INFO] ***** Evaluation ***** >>>> Class [0 background] IoU: 94.54
[INFO] ***** Evaluation ***** >>>> Class [1 aeroplane] IoU: 92.24
[INFO] ***** Evaluation ***** >>>> Class [2 bicycle] IoU: 43.74
[INFO] ***** Evaluation ***** >>>> Class [3 bird] IoU: 90.67
[INFO] ***** Evaluation ***** >>>> Class [4 boat] IoU: 71.53
[INFO] ***** Evaluation ***** >>>> Class [5 bottle] IoU: 83.44
[INFO] ***** Evaluation ***** >>>> Class [6 bus] IoU: 95.36
[INFO] ***** Evaluation ***** >>>> Class [7 car] IoU: 87.40
[INFO] ***** Evaluation ***** >>>> Class [8 cat] IoU: 92.34
[INFO] ***** Evaluation ***** >>>> Class [9 chair] IoU: 35.27
[INFO] ***** Evaluation ***** >>>> Class [10 cow] IoU: 85.50
[INFO] ***** Evaluation ***** >>>> Class [11 dining table] IoU: 45.58
[INFO] ***** Evaluation ***** >>>> Class [12 dog] IoU: 88.37
[INFO] ***** Evaluation ***** >>>> Class [13 horse] IoU: 85.92
[INFO] ***** Evaluation ***** >>>> Class [14 motorbike] IoU: 83.37
[INFO] ***** Evaluation ***** >>>> Class [15 person] IoU: 86.68
[INFO] ***** Evaluation ***** >>>> Class [16 potted plant] IoU: 63.58
[INFO] ***** Evaluation ***** >>>> Class [17 sheep] IoU: 84.85
[INFO] ***** Evaluation ***** >>>> Class [18 sofa] IoU: 58.30
[INFO] ***** Evaluation ***** >>>> Class [19 train] IoU: 90.27
[INFO] ***** Evaluation ***** >>>> Class [20 tv/monitor] IoU: 71.06
[INFO] ***** Evaluation ***** original >>>> MeanIoU: 77.62

[INFO] Pseudo-label epoch summary | epoch=47, generated_epoch=762613689, selected_epoch=557373020, epoch_rate=0.730872, generated_cum=36569072368, selected_cum=24916738683, cum_rate=0.681361
[INFO] ===========> Epoch: 48, LR: 0.00044, Previous best val_mIOU: 78.26
[INFO] Iters: 47616,total_loss: 0.055,loss_x: 0.074,loss_u_s: 0.068,loss_u_m: 0.064,loss_u_fp: 0.007,mask_ratio: 0.726
[INFO] Iters: 47740,total_loss: 0.053,loss_x: 0.072,loss_u_s: 0.068,loss_u_m: 0.057,loss_u_fp: 0.005,mask_ratio: 0.730
[INFO] Iters: 47864,total_loss: 0.060,loss_x: 0.082,loss_u_s: 0.065,loss_u_m: 0.070,loss_u_fp: 0.008,mask_ratio: 0.732
[INFO] Iters: 47988,total_loss: 0.059,loss_x: 0.079,loss_u_s: 0.072,loss_u_m: 0.068,loss_u_fp: 0.006,mask_ratio: 0.726
[INFO] Iters: 48112,total_loss: 0.056,loss_x: 0.077,loss_u_s: 0.069,loss_u_m: 0.059,loss_u_fp: 0.007,mask_ratio: 0.736
[INFO] Iters: 48236,total_loss: 0.058,loss_x: 0.081,loss_u_s: 0.067,loss_u_m: 0.060,loss_u_fp: 0.007,mask_ratio: 0.731
[INFO] Iters: 48360,total_loss: 0.058,loss_x: 0.081,loss_u_s: 0.059,loss_u_m: 0.065,loss_u_fp: 0.008,mask_ratio: 0.733
[INFO] Iters: 48484,total_loss: 0.054,loss_x: 0.075,loss_u_s: 0.060,loss_u_m: 0.062,loss_u_fp: 0.005,mask_ratio: 0.736
[INFO] ***** Evaluation ***** >>>> Class [0 background] IoU: 94.29
[INFO] ***** Evaluation ***** >>>> Class [1 aeroplane] IoU: 92.11
[INFO] ***** Evaluation ***** >>>> Class [2 bicycle] IoU: 44.44
[INFO] ***** Evaluation ***** >>>> Class [3 bird] IoU: 90.10
[INFO] ***** Evaluation ***** >>>> Class [4 boat] IoU: 72.84
[INFO] ***** Evaluation ***** >>>> Class [5 bottle] IoU: 81.77
[INFO] ***** Evaluation ***** >>>> Class [6 bus] IoU: 95.16
[INFO] ***** Evaluation ***** >>>> Class [7 car] IoU: 87.93
[INFO] ***** Evaluation ***** >>>> Class [8 cat] IoU: 92.66
[INFO] ***** Evaluation ***** >>>> Class [9 chair] IoU: 35.35
[INFO] ***** Evaluation ***** >>>> Class [10 cow] IoU: 88.05
[INFO] ***** Evaluation ***** >>>> Class [11 dining table] IoU: 39.16
[INFO] ***** Evaluation ***** >>>> Class [12 dog] IoU: 89.44
[INFO] ***** Evaluation ***** >>>> Class [13 horse] IoU: 86.94
[INFO] ***** Evaluation ***** >>>> Class [14 motorbike] IoU: 84.26
[INFO] ***** Evaluation ***** >>>> Class [15 person] IoU: 86.34
[INFO] ***** Evaluation ***** >>>> Class [16 potted plant] IoU: 57.17
[INFO] ***** Evaluation ***** >>>> Class [17 sheep] IoU: 85.70
[INFO] ***** Evaluation ***** >>>> Class [18 sofa] IoU: 57.28
[INFO] ***** Evaluation ***** >>>> Class [19 train] IoU: 89.76
[INFO] ***** Evaluation ***** >>>> Class [20 tv/monitor] IoU: 70.12
[INFO] ***** Evaluation ***** original >>>> MeanIoU: 77.18

[INFO] Pseudo-label epoch summary | epoch=48, generated_epoch=762635736, selected_epoch=557966909, epoch_rate=0.731630, generated_cum=37331708104, selected_cum=25474705592, cum_rate=0.682388
[INFO] ===========> Epoch: 49, LR: 0.00043, Previous best val_mIOU: 78.26
[INFO] Iters: 48608,total_loss: 0.054,loss_x: 0.074,loss_u_s: 0.056,loss_u_m: 0.070,loss_u_fp: 0.007,mask_ratio: 0.730
[INFO] Iters: 48732,total_loss: 0.055,loss_x: 0.076,loss_u_s: 0.061,loss_u_m: 0.060,loss_u_fp: 0.008,mask_ratio: 0.731
[INFO] Iters: 48856,total_loss: 0.052,loss_x: 0.071,loss_u_s: 0.062,loss_u_m: 0.058,loss_u_fp: 0.006,mask_ratio: 0.742
[INFO] Iters: 48980,total_loss: 0.058,loss_x: 0.083,loss_u_s: 0.053,loss_u_m: 0.064,loss_u_fp: 0.007,mask_ratio: 0.730
[INFO] Iters: 49104,total_loss: 0.053,loss_x: 0.069,loss_u_s: 0.076,loss_u_m: 0.062,loss_u_fp: 0.006,mask_ratio: 0.740
[INFO] Iters: 49228,total_loss: 0.058,loss_x: 0.082,loss_u_s: 0.067,loss_u_m: 0.058,loss_u_fp: 0.007,mask_ratio: 0.741
[INFO] Iters: 49352,total_loss: 0.055,loss_x: 0.079,loss_u_s: 0.057,loss_u_m: 0.056,loss_u_fp: 0.007,mask_ratio: 0.731
[INFO] Iters: 49476,total_loss: 0.052,loss_x: 0.071,loss_u_s: 0.057,loss_u_m: 0.066,loss_u_fp: 0.006,mask_ratio: 0.735
[INFO] ***** Evaluation ***** >>>> Class [0 background] IoU: 94.34
[INFO] ***** Evaluation ***** >>>> Class [1 aeroplane] IoU: 90.60
[INFO] ***** Evaluation ***** >>>> Class [2 bicycle] IoU: 44.34
[INFO] ***** Evaluation ***** >>>> Class [3 bird] IoU: 90.09
[INFO] ***** Evaluation ***** >>>> Class [4 boat] IoU: 70.80
[INFO] ***** Evaluation ***** >>>> Class [5 bottle] IoU: 83.22
[INFO] ***** Evaluation ***** >>>> Class [6 bus] IoU: 95.39
[INFO] ***** Evaluation ***** >>>> Class [7 car] IoU: 89.39
[INFO] ***** Evaluation ***** >>>> Class [8 cat] IoU: 92.58
[INFO] ***** Evaluation ***** >>>> Class [9 chair] IoU: 36.54
[INFO] ***** Evaluation ***** >>>> Class [10 cow] IoU: 88.34
[INFO] ***** Evaluation ***** >>>> Class [11 dining table] IoU: 41.12
[INFO] ***** Evaluation ***** >>>> Class [12 dog] IoU: 89.85
[INFO] ***** Evaluation ***** >>>> Class [13 horse] IoU: 87.70
[INFO] ***** Evaluation ***** >>>> Class [14 motorbike] IoU: 87.12
[INFO] ***** Evaluation ***** >>>> Class [15 person] IoU: 86.78
[INFO] ***** Evaluation ***** >>>> Class [16 potted plant] IoU: 57.46
[INFO] ***** Evaluation ***** >>>> Class [17 sheep] IoU: 84.96
[INFO] ***** Evaluation ***** >>>> Class [18 sofa] IoU: 54.42
[INFO] ***** Evaluation ***** >>>> Class [19 train] IoU: 89.62
[INFO] ***** Evaluation ***** >>>> Class [20 tv/monitor] IoU: 70.87
[INFO] ***** Evaluation ***** original >>>> MeanIoU: 77.41

[INFO] Pseudo-label epoch summary | epoch=49, generated_epoch=761271767, selected_epoch=559057764, epoch_rate=0.734373, generated_cum=38092979871, selected_cum=26033763356, cum_rate=0.683427
[INFO] ===========> Epoch: 50, LR: 0.00041, Previous best val_mIOU: 78.26
[INFO] Iters: 49600,total_loss: 0.054,loss_x: 0.071,loss_u_s: 0.069,loss_u_m: 0.063,loss_u_fp: 0.008,mask_ratio: 0.728
[INFO] Iters: 49724,total_loss: 0.053,loss_x: 0.073,loss_u_s: 0.063,loss_u_m: 0.060,loss_u_fp: 0.007,mask_ratio: 0.732
[INFO] Iters: 49848,total_loss: 0.054,loss_x: 0.072,loss_u_s: 0.066,loss_u_m: 0.062,loss_u_fp: 0.007,mask_ratio: 0.728
[INFO] Iters: 49972,total_loss: 0.058,loss_x: 0.078,loss_u_s: 0.072,loss_u_m: 0.067,loss_u_fp: 0.006,mask_ratio: 0.733
[INFO] Iters: 50096,total_loss: 0.058,loss_x: 0.073,loss_u_s: 0.083,loss_u_m: 0.069,loss_u_fp: 0.008,mask_ratio: 0.735
[INFO] Iters: 50220,total_loss: 0.055,loss_x: 0.074,loss_u_s: 0.065,loss_u_m: 0.065,loss_u_fp: 0.007,mask_ratio: 0.730
[INFO] Iters: 50344,total_loss: 0.055,loss_x: 0.077,loss_u_s: 0.060,loss_u_m: 0.060,loss_u_fp: 0.006,mask_ratio: 0.739
[INFO] Iters: 50468,total_loss: 0.057,loss_x: 0.080,loss_u_s: 0.060,loss_u_m: 0.062,loss_u_fp: 0.007,mask_ratio: 0.730
[INFO] ***** Evaluation ***** >>>> Class [0 background] IoU: 94.37
[INFO] ***** Evaluation ***** >>>> Class [1 aeroplane] IoU: 91.16
[INFO] ***** Evaluation ***** >>>> Class [2 bicycle] IoU: 44.86
[INFO] ***** Evaluation ***** >>>> Class [3 bird] IoU: 90.12
[INFO] ***** Evaluation ***** >>>> Class [4 boat] IoU: 70.13
[INFO] ***** Evaluation ***** >>>> Class [5 bottle] IoU: 84.11
[INFO] ***** Evaluation ***** >>>> Class [6 bus] IoU: 94.87
[INFO] ***** Evaluation ***** >>>> Class [7 car] IoU: 89.56
[INFO] ***** Evaluation ***** >>>> Class [8 cat] IoU: 93.85
[INFO] ***** Evaluation ***** >>>> Class [9 chair] IoU: 39.22
[INFO] ***** Evaluation ***** >>>> Class [10 cow] IoU: 87.52
[INFO] ***** Evaluation ***** >>>> Class [11 dining table] IoU: 43.07
[INFO] ***** Evaluation ***** >>>> Class [12 dog] IoU: 87.45
[INFO] ***** Evaluation ***** >>>> Class [13 horse] IoU: 87.01
[INFO] ***** Evaluation ***** >>>> Class [14 motorbike] IoU: 87.66
[INFO] ***** Evaluation ***** >>>> Class [15 person] IoU: 86.11
[INFO] ***** Evaluation ***** >>>> Class [16 potted plant] IoU: 62.20
[INFO] ***** Evaluation ***** >>>> Class [17 sheep] IoU: 85.89
[INFO] ***** Evaluation ***** >>>> Class [18 sofa] IoU: 53.58
[INFO] ***** Evaluation ***** >>>> Class [19 train] IoU: 89.69
[INFO] ***** Evaluation ***** >>>> Class [20 tv/monitor] IoU: 70.22
[INFO] ***** Evaluation ***** original >>>> MeanIoU: 77.75

[INFO] Pseudo-label epoch summary | epoch=50, generated_epoch=761376840, selected_epoch=557867401, epoch_rate=0.732709, generated_cum=38854356711, selected_cum=26591630757, cum_rate=0.684393
[INFO] ===========> Epoch: 51, LR: 0.00040, Previous best val_mIOU: 78.26
[INFO] Iters: 50592,total_loss: 0.057,loss_x: 0.078,loss_u_s: 0.059,loss_u_m: 0.068,loss_u_fp: 0.007,mask_ratio: 0.736
[INFO] Iters: 50716,total_loss: 0.054,loss_x: 0.076,loss_u_s: 0.056,loss_u_m: 0.058,loss_u_fp: 0.005,mask_ratio: 0.745
[INFO] Iters: 50840,total_loss: 0.054,loss_x: 0.073,loss_u_s: 0.061,loss_u_m: 0.067,loss_u_fp: 0.008,mask_ratio: 0.735
[INFO] Iters: 50964,total_loss: 0.057,loss_x: 0.079,loss_u_s: 0.066,loss_u_m: 0.060,loss_u_fp: 0.007,mask_ratio: 0.732
[INFO] Iters: 51088,total_loss: 0.052,loss_x: 0.070,loss_u_s: 0.057,loss_u_m: 0.066,loss_u_fp: 0.006,mask_ratio: 0.736
[INFO] Iters: 51212,total_loss: 0.058,loss_x: 0.078,loss_u_s: 0.068,loss_u_m: 0.073,loss_u_fp: 0.006,mask_ratio: 0.730
[INFO] Iters: 51336,total_loss: 0.052,loss_x: 0.072,loss_u_s: 0.061,loss_u_m: 0.058,loss_u_fp: 0.006,mask_ratio: 0.739
[INFO] Iters: 51460,total_loss: 0.056,loss_x: 0.076,loss_u_s: 0.062,loss_u_m: 0.071,loss_u_fp: 0.006,mask_ratio: 0.732
[INFO] ***** Evaluation ***** >>>> Class [0 background] IoU: 94.42
[INFO] ***** Evaluation ***** >>>> Class [1 aeroplane] IoU: 91.66
[INFO] ***** Evaluation ***** >>>> Class [2 bicycle] IoU: 44.43
[INFO] ***** Evaluation ***** >>>> Class [3 bird] IoU: 89.03
[INFO] ***** Evaluation ***** >>>> Class [4 boat] IoU: 72.07
[INFO] ***** Evaluation ***** >>>> Class [5 bottle] IoU: 83.86
[INFO] ***** Evaluation ***** >>>> Class [6 bus] IoU: 94.99
[INFO] ***** Evaluation ***** >>>> Class [7 car] IoU: 89.08
[INFO] ***** Evaluation ***** >>>> Class [8 cat] IoU: 92.83
[INFO] ***** Evaluation ***** >>>> Class [9 chair] IoU: 37.73
[INFO] ***** Evaluation ***** >>>> Class [10 cow] IoU: 89.23
[INFO] ***** Evaluation ***** >>>> Class [11 dining table] IoU: 43.17
[INFO] ***** Evaluation ***** >>>> Class [12 dog] IoU: 89.11
[INFO] ***** Evaluation ***** >>>> Class [13 horse] IoU: 87.33
[INFO] ***** Evaluation ***** >>>> Class [14 motorbike] IoU: 87.35
[INFO] ***** Evaluation ***** >>>> Class [15 person] IoU: 86.55
[INFO] ***** Evaluation ***** >>>> Class [16 potted plant] IoU: 57.49
[INFO] ***** Evaluation ***** >>>> Class [17 sheep] IoU: 84.21
[INFO] ***** Evaluation ***** >>>> Class [18 sofa] IoU: 58.55
[INFO] ***** Evaluation ***** >>>> Class [19 train] IoU: 88.94
[INFO] ***** Evaluation ***** >>>> Class [20 tv/monitor] IoU: 69.87
[INFO] ***** Evaluation ***** original >>>> MeanIoU: 77.71

[INFO] Pseudo-label epoch summary | epoch=51, generated_epoch=762153480, selected_epoch=560482999, epoch_rate=0.735394, generated_cum=39616510191, selected_cum=27152113756, cum_rate=0.685374
[INFO] ===========> Epoch: 52, LR: 0.00039, Previous best val_mIOU: 78.26
[INFO] Iters: 51584,total_loss: 0.053,loss_x: 0.073,loss_u_s: 0.058,loss_u_m: 0.065,loss_u_fp: 0.007,mask_ratio: 0.736
[INFO] Iters: 51708,total_loss: 0.056,loss_x: 0.077,loss_u_s: 0.059,loss_u_m: 0.063,loss_u_fp: 0.008,mask_ratio: 0.732
[INFO] Iters: 51832,total_loss: 0.052,loss_x: 0.069,loss_u_s: 0.066,loss_u_m: 0.058,loss_u_fp: 0.005,mask_ratio: 0.744
[INFO] Iters: 51956,total_loss: 0.054,loss_x: 0.074,loss_u_s: 0.062,loss_u_m: 0.062,loss_u_fp: 0.006,mask_ratio: 0.739
[INFO] Iters: 52080,total_loss: 0.060,loss_x: 0.083,loss_u_s: 0.060,loss_u_m: 0.072,loss_u_fp: 0.008,mask_ratio: 0.732
[INFO] Iters: 52204,total_loss: 0.053,loss_x: 0.072,loss_u_s: 0.066,loss_u_m: 0.060,loss_u_fp: 0.006,mask_ratio: 0.730
[INFO] Iters: 52328,total_loss: 0.054,loss_x: 0.074,loss_u_s: 0.060,loss_u_m: 0.061,loss_u_fp: 0.007,mask_ratio: 0.732
[INFO] Iters: 52452,total_loss: 0.051,loss_x: 0.071,loss_u_s: 0.055,loss_u_m: 0.055,loss_u_fp: 0.007,mask_ratio: 0.736
[INFO] ***** Evaluation ***** >>>> Class [0 background] IoU: 94.27
[INFO] ***** Evaluation ***** >>>> Class [1 aeroplane] IoU: 91.70
[INFO] ***** Evaluation ***** >>>> Class [2 bicycle] IoU: 45.22
[INFO] ***** Evaluation ***** >>>> Class [3 bird] IoU: 90.20
[INFO] ***** Evaluation ***** >>>> Class [4 boat] IoU: 72.78
[INFO] ***** Evaluation ***** >>>> Class [5 bottle] IoU: 81.32
[INFO] ***** Evaluation ***** >>>> Class [6 bus] IoU: 95.42
[INFO] ***** Evaluation ***** >>>> Class [7 car] IoU: 88.86
[INFO] ***** Evaluation ***** >>>> Class [8 cat] IoU: 92.57
[INFO] ***** Evaluation ***** >>>> Class [9 chair] IoU: 37.44
[INFO] ***** Evaluation ***** >>>> Class [10 cow] IoU: 86.68
[INFO] ***** Evaluation ***** >>>> Class [11 dining table] IoU: 36.83
[INFO] ***** Evaluation ***** >>>> Class [12 dog] IoU: 87.16
[INFO] ***** Evaluation ***** >>>> Class [13 horse] IoU: 86.89
[INFO] ***** Evaluation ***** >>>> Class [14 motorbike] IoU: 86.41
[INFO] ***** Evaluation ***** >>>> Class [15 person] IoU: 85.91
[INFO] ***** Evaluation ***** >>>> Class [16 potted plant] IoU: 62.05
[INFO] ***** Evaluation ***** >>>> Class [17 sheep] IoU: 83.36
[INFO] ***** Evaluation ***** >>>> Class [18 sofa] IoU: 57.54
[INFO] ***** Evaluation ***** >>>> Class [19 train] IoU: 89.08
[INFO] ***** Evaluation ***** >>>> Class [20 tv/monitor] IoU: 70.61
[INFO] ***** Evaluation ***** original >>>> MeanIoU: 77.25

[INFO] Pseudo-label epoch summary | epoch=52, generated_epoch=761523003, selected_epoch=559843605, epoch_rate=0.735163, generated_cum=40378033194, selected_cum=27711957361, cum_rate=0.686313
[INFO] ===========> Epoch: 53, LR: 0.00038, Previous best val_mIOU: 78.26
[INFO] Iters: 52576,total_loss: 0.056,loss_x: 0.074,loss_u_s: 0.061,loss_u_m: 0.078,loss_u_fp: 0.005,mask_ratio: 0.738
[INFO] Iters: 52700,total_loss: 0.053,loss_x: 0.074,loss_u_s: 0.058,loss_u_m: 0.058,loss_u_fp: 0.006,mask_ratio: 0.737
[INFO] Iters: 52824,total_loss: 0.054,loss_x: 0.072,loss_u_s: 0.058,loss_u_m: 0.074,loss_u_fp: 0.006,mask_ratio: 0.729
[INFO] Iters: 52948,total_loss: 0.055,loss_x: 0.073,loss_u_s: 0.076,loss_u_m: 0.057,loss_u_fp: 0.006,mask_ratio: 0.739
[INFO] Iters: 53072,total_loss: 0.054,loss_x: 0.074,loss_u_s: 0.061,loss_u_m: 0.060,loss_u_fp: 0.006,mask_ratio: 0.742
[INFO] Iters: 53196,total_loss: 0.055,loss_x: 0.076,loss_u_s: 0.060,loss_u_m: 0.063,loss_u_fp: 0.007,mask_ratio: 0.739
[INFO] Iters: 53320,total_loss: 0.054,loss_x: 0.076,loss_u_s: 0.061,loss_u_m: 0.060,loss_u_fp: 0.005,mask_ratio: 0.741
[INFO] Iters: 53444,total_loss: 0.054,loss_x: 0.072,loss_u_s: 0.066,loss_u_m: 0.065,loss_u_fp: 0.007,mask_ratio: 0.737
[INFO] ***** Evaluation ***** >>>> Class [0 background] IoU: 94.57
[INFO] ***** Evaluation ***** >>>> Class [1 aeroplane] IoU: 91.66
[INFO] ***** Evaluation ***** >>>> Class [2 bicycle] IoU: 44.21
[INFO] ***** Evaluation ***** >>>> Class [3 bird] IoU: 90.37
[INFO] ***** Evaluation ***** >>>> Class [4 boat] IoU: 73.68
[INFO] ***** Evaluation ***** >>>> Class [5 bottle] IoU: 83.66
[INFO] ***** Evaluation ***** >>>> Class [6 bus] IoU: 95.60
[INFO] ***** Evaluation ***** >>>> Class [7 car] IoU: 87.86
[INFO] ***** Evaluation ***** >>>> Class [8 cat] IoU: 92.39
[INFO] ***** Evaluation ***** >>>> Class [9 chair] IoU: 36.31
[INFO] ***** Evaluation ***** >>>> Class [10 cow] IoU: 87.90
[INFO] ***** Evaluation ***** >>>> Class [11 dining table] IoU: 48.08
[INFO] ***** Evaluation ***** >>>> Class [12 dog] IoU: 88.77
[INFO] ***** Evaluation ***** >>>> Class [13 horse] IoU: 86.41
[INFO] ***** Evaluation ***** >>>> Class [14 motorbike] IoU: 84.79
[INFO] ***** Evaluation ***** >>>> Class [15 person] IoU: 86.00
[INFO] ***** Evaluation ***** >>>> Class [16 potted plant] IoU: 61.17
[INFO] ***** Evaluation ***** >>>> Class [17 sheep] IoU: 83.11
[INFO] ***** Evaluation ***** >>>> Class [18 sofa] IoU: 60.89
[INFO] ***** Evaluation ***** >>>> Class [19 train] IoU: 89.68
[INFO] ***** Evaluation ***** >>>> Class [20 tv/monitor] IoU: 71.48
[INFO] ***** Evaluation ***** original >>>> MeanIoU: 78.03

[INFO] Pseudo-label epoch summary | epoch=53, generated_epoch=760757616, selected_epoch=560289818, epoch_rate=0.736489, generated_cum=41138790810, selected_cum=28272247179, cum_rate=0.687241
[INFO] ===========> Epoch: 54, LR: 0.00036, Previous best val_mIOU: 78.26
[INFO] Iters: 53568,total_loss: 0.056,loss_x: 0.077,loss_u_s: 0.069,loss_u_m: 0.058,loss_u_fp: 0.006,mask_ratio: 0.727
[INFO] Iters: 53692,total_loss: 0.052,loss_x: 0.072,loss_u_s: 0.054,loss_u_m: 0.061,loss_u_fp: 0.006,mask_ratio: 0.733
[INFO] Iters: 53816,total_loss: 0.052,loss_x: 0.073,loss_u_s: 0.052,loss_u_m: 0.057,loss_u_fp: 0.006,mask_ratio: 0.736
[INFO] Iters: 53940,total_loss: 0.053,loss_x: 0.072,loss_u_s: 0.056,loss_u_m: 0.064,loss_u_fp: 0.007,mask_ratio: 0.741
[INFO] Iters: 54064,total_loss: 0.055,loss_x: 0.077,loss_u_s: 0.067,loss_u_m: 0.058,loss_u_fp: 0.006,mask_ratio: 0.732
[INFO] Iters: 54188,total_loss: 0.058,loss_x: 0.077,loss_u_s: 0.069,loss_u_m: 0.069,loss_u_fp: 0.007,mask_ratio: 0.736
[INFO] Iters: 54312,total_loss: 0.052,loss_x: 0.071,loss_u_s: 0.057,loss_u_m: 0.064,loss_u_fp: 0.007,mask_ratio: 0.737
[INFO] Iters: 54436,total_loss: 0.052,loss_x: 0.072,loss_u_s: 0.061,loss_u_m: 0.059,loss_u_fp: 0.005,mask_ratio: 0.747
[INFO] ***** Evaluation ***** >>>> Class [0 background] IoU: 94.57
[INFO] ***** Evaluation ***** >>>> Class [1 aeroplane] IoU: 92.44
[INFO] ***** Evaluation ***** >>>> Class [2 bicycle] IoU: 44.65
[INFO] ***** Evaluation ***** >>>> Class [3 bird] IoU: 90.85
[INFO] ***** Evaluation ***** >>>> Class [4 boat] IoU: 73.10
[INFO] ***** Evaluation ***** >>>> Class [5 bottle] IoU: 83.66
[INFO] ***** Evaluation ***** >>>> Class [6 bus] IoU: 95.60
[INFO] ***** Evaluation ***** >>>> Class [7 car] IoU: 88.61
[INFO] ***** Evaluation ***** >>>> Class [8 cat] IoU: 91.98
[INFO] ***** Evaluation ***** >>>> Class [9 chair] IoU: 36.69
[INFO] ***** Evaluation ***** >>>> Class [10 cow] IoU: 91.45
[INFO] ***** Evaluation ***** >>>> Class [11 dining table] IoU: 50.31
[INFO] ***** Evaluation ***** >>>> Class [12 dog] IoU: 89.61
[INFO] ***** Evaluation ***** >>>> Class [13 horse] IoU: 89.51
[INFO] ***** Evaluation ***** >>>> Class [14 motorbike] IoU: 85.45
[INFO] ***** Evaluation ***** >>>> Class [15 person] IoU: 86.30
[INFO] ***** Evaluation ***** >>>> Class [16 potted plant] IoU: 61.88
[INFO] ***** Evaluation ***** >>>> Class [17 sheep] IoU: 84.10
[INFO] ***** Evaluation ***** >>>> Class [18 sofa] IoU: 57.66
[INFO] ***** Evaluation ***** >>>> Class [19 train] IoU: 89.84
[INFO] ***** Evaluation ***** >>>> Class [20 tv/monitor] IoU: 72.16
[INFO] ***** Evaluation ***** original >>>> MeanIoU: 78.59

[INFO] Pseudo-label epoch summary | epoch=54, generated_epoch=761965344, selected_epoch=561799788, epoch_rate=0.737304, generated_cum=41900756154, selected_cum=28834046967, cum_rate=0.688151
[INFO] ===========> Epoch: 55, LR: 0.00035, Previous best val_mIOU: 78.59
[INFO] Iters: 54560,total_loss: 0.053,loss_x: 0.072,loss_u_s: 0.063,loss_u_m: 0.059,loss_u_fp: 0.007,mask_ratio: 0.738
[INFO] Iters: 54684,total_loss: 0.051,loss_x: 0.073,loss_u_s: 0.056,loss_u_m: 0.051,loss_u_fp: 0.006,mask_ratio: 0.729
[INFO] Iters: 54808,total_loss: 0.052,loss_x: 0.070,loss_u_s: 0.067,loss_u_m: 0.058,loss_u_fp: 0.005,mask_ratio: 0.736
[INFO] Iters: 54932,total_loss: 0.052,loss_x: 0.070,loss_u_s: 0.062,loss_u_m: 0.062,loss_u_fp: 0.006,mask_ratio: 0.741
[INFO] Iters: 55056,total_loss: 0.053,loss_x: 0.070,loss_u_s: 0.068,loss_u_m: 0.065,loss_u_fp: 0.006,mask_ratio: 0.738
[INFO] Iters: 55180,total_loss: 0.051,loss_x: 0.069,loss_u_s: 0.064,loss_u_m: 0.056,loss_u_fp: 0.006,mask_ratio: 0.742
[INFO] Iters: 55304,total_loss: 0.051,loss_x: 0.069,loss_u_s: 0.062,loss_u_m: 0.057,loss_u_fp: 0.008,mask_ratio: 0.748
[INFO] Iters: 55428,total_loss: 0.056,loss_x: 0.079,loss_u_s: 0.062,loss_u_m: 0.059,loss_u_fp: 0.007,mask_ratio: 0.741
[INFO] ***** Evaluation ***** >>>> Class [0 background] IoU: 94.47
[INFO] ***** Evaluation ***** >>>> Class [1 aeroplane] IoU: 91.43
[INFO] ***** Evaluation ***** >>>> Class [2 bicycle] IoU: 45.15
[INFO] ***** Evaluation ***** >>>> Class [3 bird] IoU: 89.33
[INFO] ***** Evaluation ***** >>>> Class [4 boat] IoU: 73.61
[INFO] ***** Evaluation ***** >>>> Class [5 bottle] IoU: 80.97
[INFO] ***** Evaluation ***** >>>> Class [6 bus] IoU: 95.17
[INFO] ***** Evaluation ***** >>>> Class [7 car] IoU: 87.80
[INFO] ***** Evaluation ***** >>>> Class [8 cat] IoU: 91.92
[INFO] ***** Evaluation ***** >>>> Class [9 chair] IoU: 37.73
[INFO] ***** Evaluation ***** >>>> Class [10 cow] IoU: 90.97
[INFO] ***** Evaluation ***** >>>> Class [11 dining table] IoU: 46.61
[INFO] ***** Evaluation ***** >>>> Class [12 dog] IoU: 88.78
[INFO] ***** Evaluation ***** >>>> Class [13 horse] IoU: 89.24
[INFO] ***** Evaluation ***** >>>> Class [14 motorbike] IoU: 85.41
[INFO] ***** Evaluation ***** >>>> Class [15 person] IoU: 86.37
[INFO] ***** Evaluation ***** >>>> Class [16 potted plant] IoU: 57.92
[INFO] ***** Evaluation ***** >>>> Class [17 sheep] IoU: 85.17
[INFO] ***** Evaluation ***** >>>> Class [18 sofa] IoU: 58.48
[INFO] ***** Evaluation ***** >>>> Class [19 train] IoU: 89.47
[INFO] ***** Evaluation ***** >>>> Class [20 tv/monitor] IoU: 69.76
[INFO] ***** Evaluation ***** original >>>> MeanIoU: 77.89

[INFO] Pseudo-label epoch summary | epoch=55, generated_epoch=761250955, selected_epoch=562404025, epoch_rate=0.738789, generated_cum=42662007109, selected_cum=29396450992, cum_rate=0.689055
[INFO] ===========> Epoch: 56, LR: 0.00034, Previous best val_mIOU: 78.59
[INFO] Iters: 55552,total_loss: 0.053,loss_x: 0.074,loss_u_s: 0.056,loss_u_m: 0.061,loss_u_fp: 0.006,mask_ratio: 0.738
[INFO] Iters: 55676,total_loss: 0.052,loss_x: 0.073,loss_u_s: 0.053,loss_u_m: 0.055,loss_u_fp: 0.006,mask_ratio: 0.734
[INFO] Iters: 55800,total_loss: 0.052,loss_x: 0.071,loss_u_s: 0.055,loss_u_m: 0.065,loss_u_fp: 0.008,mask_ratio: 0.743
[INFO] Iters: 55924,total_loss: 0.052,loss_x: 0.071,loss_u_s: 0.058,loss_u_m: 0.059,loss_u_fp: 0.006,mask_ratio: 0.746
[INFO] Iters: 56048,total_loss: 0.056,loss_x: 0.073,loss_u_s: 0.069,loss_u_m: 0.070,loss_u_fp: 0.006,mask_ratio: 0.733
[INFO] Iters: 56172,total_loss: 0.052,loss_x: 0.070,loss_u_s: 0.059,loss_u_m: 0.066,loss_u_fp: 0.007,mask_ratio: 0.737
[INFO] Iters: 56296,total_loss: 0.052,loss_x: 0.069,loss_u_s: 0.063,loss_u_m: 0.066,loss_u_fp: 0.005,mask_ratio: 0.743
[INFO] Iters: 56420,total_loss: 0.050,loss_x: 0.069,loss_u_s: 0.059,loss_u_m: 0.056,loss_u_fp: 0.005,mask_ratio: 0.743
[INFO] ***** Evaluation ***** >>>> Class [0 background] IoU: 94.47
[INFO] ***** Evaluation ***** >>>> Class [1 aeroplane] IoU: 91.84
[INFO] ***** Evaluation ***** >>>> Class [2 bicycle] IoU: 44.45
[INFO] ***** Evaluation ***** >>>> Class [3 bird] IoU: 88.77
[INFO] ***** Evaluation ***** >>>> Class [4 boat] IoU: 73.91
[INFO] ***** Evaluation ***** >>>> Class [5 bottle] IoU: 82.59
[INFO] ***** Evaluation ***** >>>> Class [6 bus] IoU: 95.55
[INFO] ***** Evaluation ***** >>>> Class [7 car] IoU: 87.60
[INFO] ***** Evaluation ***** >>>> Class [8 cat] IoU: 92.27
[INFO] ***** Evaluation ***** >>>> Class [9 chair] IoU: 37.45
[INFO] ***** Evaluation ***** >>>> Class [10 cow] IoU: 88.02
[INFO] ***** Evaluation ***** >>>> Class [11 dining table] IoU: 45.85
[INFO] ***** Evaluation ***** >>>> Class [12 dog] IoU: 89.49
[INFO] ***** Evaluation ***** >>>> Class [13 horse] IoU: 85.76
[INFO] ***** Evaluation ***** >>>> Class [14 motorbike] IoU: 86.02
[INFO] ***** Evaluation ***** >>>> Class [15 person] IoU: 86.23
[INFO] ***** Evaluation ***** >>>> Class [16 potted plant] IoU: 60.71
[INFO] ***** Evaluation ***** >>>> Class [17 sheep] IoU: 85.00
[INFO] ***** Evaluation ***** >>>> Class [18 sofa] IoU: 57.41
[INFO] ***** Evaluation ***** >>>> Class [19 train] IoU: 90.42
[INFO] ***** Evaluation ***** >>>> Class [20 tv/monitor] IoU: 70.53
[INFO] ***** Evaluation ***** original >>>> MeanIoU: 77.83

[INFO] Pseudo-label epoch summary | epoch=56, generated_epoch=761065471, selected_epoch=563698223, epoch_rate=0.740670, generated_cum=43423072580, selected_cum=29960149215, cum_rate=0.689959
[INFO] ===========> Epoch: 57, LR: 0.00033, Previous best val_mIOU: 78.59
[INFO] Iters: 56544,total_loss: 0.050,loss_x: 0.069,loss_u_s: 0.058,loss_u_m: 0.056,loss_u_fp: 0.006,mask_ratio: 0.748
[INFO] Iters: 56668,total_loss: 0.051,loss_x: 0.065,loss_u_s: 0.068,loss_u_m: 0.067,loss_u_fp: 0.007,mask_ratio: 0.733
[INFO] Iters: 56792,total_loss: 0.052,loss_x: 0.069,loss_u_s: 0.066,loss_u_m: 0.061,loss_u_fp: 0.007,mask_ratio: 0.737
[INFO] Iters: 56916,total_loss: 0.051,loss_x: 0.069,loss_u_s: 0.057,loss_u_m: 0.066,loss_u_fp: 0.007,mask_ratio: 0.740
[INFO] Iters: 57040,total_loss: 0.051,loss_x: 0.070,loss_u_s: 0.055,loss_u_m: 0.061,loss_u_fp: 0.006,mask_ratio: 0.748
[INFO] Iters: 57164,total_loss: 0.055,loss_x: 0.076,loss_u_s: 0.063,loss_u_m: 0.064,loss_u_fp: 0.006,mask_ratio: 0.746
[INFO] Iters: 57288,total_loss: 0.051,loss_x: 0.069,loss_u_s: 0.061,loss_u_m: 0.060,loss_u_fp: 0.007,mask_ratio: 0.744
[INFO] Iters: 57412,total_loss: 0.049,loss_x: 0.068,loss_u_s: 0.057,loss_u_m: 0.048,loss_u_fp: 0.005,mask_ratio: 0.751
[INFO] ***** Evaluation ***** >>>> Class [0 background] IoU: 94.30
[INFO] ***** Evaluation ***** >>>> Class [1 aeroplane] IoU: 90.74
[INFO] ***** Evaluation ***** >>>> Class [2 bicycle] IoU: 44.44
[INFO] ***** Evaluation ***** >>>> Class [3 bird] IoU: 90.07
[INFO] ***** Evaluation ***** >>>> Class [4 boat] IoU: 72.04
[INFO] ***** Evaluation ***** >>>> Class [5 bottle] IoU: 82.50
[INFO] ***** Evaluation ***** >>>> Class [6 bus] IoU: 95.77
[INFO] ***** Evaluation ***** >>>> Class [7 car] IoU: 88.88
[INFO] ***** Evaluation ***** >>>> Class [8 cat] IoU: 92.30
[INFO] ***** Evaluation ***** >>>> Class [9 chair] IoU: 38.03
[INFO] ***** Evaluation ***** >>>> Class [10 cow] IoU: 91.18
[INFO] ***** Evaluation ***** >>>> Class [11 dining table] IoU: 42.84
[INFO] ***** Evaluation ***** >>>> Class [12 dog] IoU: 88.67
[INFO] ***** Evaluation ***** >>>> Class [13 horse] IoU: 90.09
[INFO] ***** Evaluation ***** >>>> Class [14 motorbike] IoU: 86.64
[INFO] ***** Evaluation ***** >>>> Class [15 person] IoU: 86.04
[INFO] ***** Evaluation ***** >>>> Class [16 potted plant] IoU: 62.31
[INFO] ***** Evaluation ***** >>>> Class [17 sheep] IoU: 83.66
[INFO] ***** Evaluation ***** >>>> Class [18 sofa] IoU: 54.46
[INFO] ***** Evaluation ***** >>>> Class [19 train] IoU: 90.53
[INFO] ***** Evaluation ***** >>>> Class [20 tv/monitor] IoU: 71.29
[INFO] ***** Evaluation ***** original >>>> MeanIoU: 77.94

[INFO] Pseudo-label epoch summary | epoch=57, generated_epoch=763713070, selected_epoch=567254380, epoch_rate=0.742759, generated_cum=44186785650, selected_cum=30527403595, cum_rate=0.690872
[INFO] ===========> Epoch: 58, LR: 0.00031, Previous best val_mIOU: 78.59
[INFO] Iters: 57536,total_loss: 0.054,loss_x: 0.072,loss_u_s: 0.064,loss_u_m: 0.069,loss_u_fp: 0.007,mask_ratio: 0.744
[INFO] Iters: 57660,total_loss: 0.052,loss_x: 0.071,loss_u_s: 0.055,loss_u_m: 0.061,loss_u_fp: 0.008,mask_ratio: 0.746
[INFO] Iters: 57784,total_loss: 0.052,loss_x: 0.068,loss_u_s: 0.057,loss_u_m: 0.069,loss_u_fp: 0.007,mask_ratio: 0.743
[INFO] Iters: 57908,total_loss: 0.059,loss_x: 0.083,loss_u_s: 0.062,loss_u_m: 0.065,loss_u_fp: 0.007,mask_ratio: 0.744
[INFO] Iters: 58032,total_loss: 0.053,loss_x: 0.073,loss_u_s: 0.062,loss_u_m: 0.065,loss_u_fp: 0.005,mask_ratio: 0.744
[INFO] Iters: 58156,total_loss: 0.053,loss_x: 0.068,loss_u_s: 0.059,loss_u_m: 0.071,loss_u_fp: 0.008,mask_ratio: 0.736
[INFO] Iters: 58280,total_loss: 0.051,loss_x: 0.069,loss_u_s: 0.057,loss_u_m: 0.060,loss_u_fp: 0.006,mask_ratio: 0.739
[INFO] Iters: 58404,total_loss: 0.052,loss_x: 0.069,loss_u_s: 0.056,loss_u_m: 0.066,loss_u_fp: 0.007,mask_ratio: 0.754
[INFO] ***** Evaluation ***** >>>> Class [0 background] IoU: 94.46
[INFO] ***** Evaluation ***** >>>> Class [1 aeroplane] IoU: 91.90
[INFO] ***** Evaluation ***** >>>> Class [2 bicycle] IoU: 44.18
[INFO] ***** Evaluation ***** >>>> Class [3 bird] IoU: 90.03
[INFO] ***** Evaluation ***** >>>> Class [4 boat] IoU: 72.52
[INFO] ***** Evaluation ***** >>>> Class [5 bottle] IoU: 82.96
[INFO] ***** Evaluation ***** >>>> Class [6 bus] IoU: 95.63
[INFO] ***** Evaluation ***** >>>> Class [7 car] IoU: 88.16
[INFO] ***** Evaluation ***** >>>> Class [8 cat] IoU: 91.85
[INFO] ***** Evaluation ***** >>>> Class [9 chair] IoU: 37.94
[INFO] ***** Evaluation ***** >>>> Class [10 cow] IoU: 91.46
[INFO] ***** Evaluation ***** >>>> Class [11 dining table] IoU: 43.23
[INFO] ***** Evaluation ***** >>>> Class [12 dog] IoU: 88.21
[INFO] ***** Evaluation ***** >>>> Class [13 horse] IoU: 89.56
[INFO] ***** Evaluation ***** >>>> Class [14 motorbike] IoU: 86.34
[INFO] ***** Evaluation ***** >>>> Class [15 person] IoU: 86.17
[INFO] ***** Evaluation ***** >>>> Class [16 potted plant] IoU: 64.02
[INFO] ***** Evaluation ***** >>>> Class [17 sheep] IoU: 86.02
[INFO] ***** Evaluation ***** >>>> Class [18 sofa] IoU: 59.87
[INFO] ***** Evaluation ***** >>>> Class [19 train] IoU: 90.22
[INFO] ***** Evaluation ***** >>>> Class [20 tv/monitor] IoU: 70.04
[INFO] ***** Evaluation ***** original >>>> MeanIoU: 78.32

[INFO] Pseudo-label epoch summary | epoch=58, generated_epoch=760347064, selected_epoch=565106039, epoch_rate=0.743221, generated_cum=44947132714, selected_cum=31092509634, cum_rate=0.691757
[INFO] ===========> Epoch: 59, LR: 0.00030, Previous best val_mIOU: 78.59
[INFO] Iters: 58528,total_loss: 0.055,loss_x: 0.075,loss_u_s: 0.054,loss_u_m: 0.071,loss_u_fp: 0.006,mask_ratio: 0.741
[INFO] Iters: 58652,total_loss: 0.053,loss_x: 0.070,loss_u_s: 0.069,loss_u_m: 0.063,loss_u_fp: 0.007,mask_ratio: 0.740
[INFO] Iters: 58776,total_loss: 0.049,loss_x: 0.067,loss_u_s: 0.056,loss_u_m: 0.058,loss_u_fp: 0.006,mask_ratio: 0.742
[INFO] Iters: 58900,total_loss: 0.051,loss_x: 0.068,loss_u_s: 0.061,loss_u_m: 0.067,loss_u_fp: 0.006,mask_ratio: 0.737
[INFO] Iters: 59024,total_loss: 0.051,loss_x: 0.071,loss_u_s: 0.056,loss_u_m: 0.055,loss_u_fp: 0.007,mask_ratio: 0.749
[INFO] Iters: 59148,total_loss: 0.052,loss_x: 0.072,loss_u_s: 0.056,loss_u_m: 0.063,loss_u_fp: 0.006,mask_ratio: 0.743
[INFO] Iters: 59272,total_loss: 0.052,loss_x: 0.074,loss_u_s: 0.061,loss_u_m: 0.050,loss_u_fp: 0.005,mask_ratio: 0.738
[INFO] Iters: 59396,total_loss: 0.055,loss_x: 0.076,loss_u_s: 0.063,loss_u_m: 0.057,loss_u_fp: 0.007,mask_ratio: 0.741
[INFO] ***** Evaluation ***** >>>> Class [0 background] IoU: 94.38
[INFO] ***** Evaluation ***** >>>> Class [1 aeroplane] IoU: 91.70
[INFO] ***** Evaluation ***** >>>> Class [2 bicycle] IoU: 44.22
[INFO] ***** Evaluation ***** >>>> Class [3 bird] IoU: 90.74
[INFO] ***** Evaluation ***** >>>> Class [4 boat] IoU: 69.93
[INFO] ***** Evaluation ***** >>>> Class [5 bottle] IoU: 82.45
[INFO] ***** Evaluation ***** >>>> Class [6 bus] IoU: 95.37
[INFO] ***** Evaluation ***** >>>> Class [7 car] IoU: 89.25
[INFO] ***** Evaluation ***** >>>> Class [8 cat] IoU: 91.93
[INFO] ***** Evaluation ***** >>>> Class [9 chair] IoU: 36.81
[INFO] ***** Evaluation ***** >>>> Class [10 cow] IoU: 90.60
[INFO] ***** Evaluation ***** >>>> Class [11 dining table] IoU: 39.91
[INFO] ***** Evaluation ***** >>>> Class [12 dog] IoU: 90.17
[INFO] ***** Evaluation ***** >>>> Class [13 horse] IoU: 88.19
[INFO] ***** Evaluation ***** >>>> Class [14 motorbike] IoU: 87.56
[INFO] ***** Evaluation ***** >>>> Class [15 person] IoU: 86.38
[INFO] ***** Evaluation ***** >>>> Class [16 potted plant] IoU: 63.28
[INFO] ***** Evaluation ***** >>>> Class [17 sheep] IoU: 84.71
[INFO] ***** Evaluation ***** >>>> Class [18 sofa] IoU: 57.57
[INFO] ***** Evaluation ***** >>>> Class [19 train] IoU: 89.60
[INFO] ***** Evaluation ***** >>>> Class [20 tv/monitor] IoU: 70.88
[INFO] ***** Evaluation ***** original >>>> MeanIoU: 77.89

[INFO] Pseudo-label epoch summary | epoch=59, generated_epoch=763716890, selected_epoch=565462799, epoch_rate=0.740409, generated_cum=45710849604, selected_cum=31657972433, cum_rate=0.692570
[INFO] ===========> Epoch: 60, LR: 0.00029, Previous best val_mIOU: 78.59
[INFO] Iters: 59520,total_loss: 0.052,loss_x: 0.071,loss_u_s: 0.059,loss_u_m: 0.057,loss_u_fp: 0.006,mask_ratio: 0.735
[INFO] Iters: 59644,total_loss: 0.055,loss_x: 0.071,loss_u_s: 0.079,loss_u_m: 0.067,loss_u_fp: 0.008,mask_ratio: 0.739
[INFO] Iters: 59768,total_loss: 0.052,loss_x: 0.068,loss_u_s: 0.068,loss_u_m: 0.064,loss_u_fp: 0.006,mask_ratio: 0.740
[INFO] Iters: 59892,total_loss: 0.049,loss_x: 0.064,loss_u_s: 0.064,loss_u_m: 0.056,loss_u_fp: 0.005,mask_ratio: 0.745
[INFO] Iters: 60016,total_loss: 0.052,loss_x: 0.071,loss_u_s: 0.060,loss_u_m: 0.059,loss_u_fp: 0.007,mask_ratio: 0.748
[INFO] Iters: 60140,total_loss: 0.052,loss_x: 0.070,loss_u_s: 0.066,loss_u_m: 0.058,loss_u_fp: 0.008,mask_ratio: 0.742
[INFO] Iters: 60264,total_loss: 0.050,loss_x: 0.070,loss_u_s: 0.057,loss_u_m: 0.054,loss_u_fp: 0.005,mask_ratio: 0.748
[INFO] Iters: 60388,total_loss: 0.052,loss_x: 0.069,loss_u_s: 0.060,loss_u_m: 0.067,loss_u_fp: 0.006,mask_ratio: 0.744
[INFO] ***** Evaluation ***** >>>> Class [0 background] IoU: 94.51
[INFO] ***** Evaluation ***** >>>> Class [1 aeroplane] IoU: 92.30
[INFO] ***** Evaluation ***** >>>> Class [2 bicycle] IoU: 44.33
[INFO] ***** Evaluation ***** >>>> Class [3 bird] IoU: 90.77
[INFO] ***** Evaluation ***** >>>> Class [4 boat] IoU: 73.88
[INFO] ***** Evaluation ***** >>>> Class [5 bottle] IoU: 80.59
[INFO] ***** Evaluation ***** >>>> Class [6 bus] IoU: 95.62
[INFO] ***** Evaluation ***** >>>> Class [7 car] IoU: 89.51
[INFO] ***** Evaluation ***** >>>> Class [8 cat] IoU: 92.25
[INFO] ***** Evaluation ***** >>>> Class [9 chair] IoU: 35.81
[INFO] ***** Evaluation ***** >>>> Class [10 cow] IoU: 87.93
[INFO] ***** Evaluation ***** >>>> Class [11 dining table] IoU: 43.04
[INFO] ***** Evaluation ***** >>>> Class [12 dog] IoU: 89.24
[INFO] ***** Evaluation ***** >>>> Class [13 horse] IoU: 86.31
[INFO] ***** Evaluation ***** >>>> Class [14 motorbike] IoU: 87.37
[INFO] ***** Evaluation ***** >>>> Class [15 person] IoU: 86.42
[INFO] ***** Evaluation ***** >>>> Class [16 potted plant] IoU: 63.35
[INFO] ***** Evaluation ***** >>>> Class [17 sheep] IoU: 85.68
[INFO] ***** Evaluation ***** >>>> Class [18 sofa] IoU: 58.26
[INFO] ***** Evaluation ***** >>>> Class [19 train] IoU: 89.97
[INFO] ***** Evaluation ***** >>>> Class [20 tv/monitor] IoU: 72.34
[INFO] ***** Evaluation ***** original >>>> MeanIoU: 78.07

[INFO] Pseudo-label epoch summary | epoch=60, generated_epoch=759806007, selected_epoch=564357681, epoch_rate=0.742765, generated_cum=46470655611, selected_cum=32222330114, cum_rate=0.693391
[INFO] ===========> Epoch: 61, LR: 0.00027, Previous best val_mIOU: 78.59
[INFO] Iters: 60512,total_loss: 0.051,loss_x: 0.068,loss_u_s: 0.059,loss_u_m: 0.064,loss_u_fp: 0.006,mask_ratio: 0.739
[INFO] Iters: 60636,total_loss: 0.054,loss_x: 0.072,loss_u_s: 0.057,loss_u_m: 0.065,loss_u_fp: 0.009,mask_ratio: 0.741
[INFO] Iters: 60760,total_loss: 0.053,loss_x: 0.070,loss_u_s: 0.071,loss_u_m: 0.057,loss_u_fp: 0.006,mask_ratio: 0.739
[INFO] Iters: 60884,total_loss: 0.052,loss_x: 0.072,loss_u_s: 0.057,loss_u_m: 0.061,loss_u_fp: 0.005,mask_ratio: 0.747
[INFO] Iters: 61008,total_loss: 0.050,loss_x: 0.070,loss_u_s: 0.048,loss_u_m: 0.055,loss_u_fp: 0.006,mask_ratio: 0.736
[INFO] Iters: 61132,total_loss: 0.050,loss_x: 0.067,loss_u_s: 0.062,loss_u_m: 0.056,loss_u_fp: 0.006,mask_ratio: 0.748
[INFO] Iters: 61256,total_loss: 0.054,loss_x: 0.072,loss_u_s: 0.065,loss_u_m: 0.069,loss_u_fp: 0.005,mask_ratio: 0.748
[INFO] Iters: 61380,total_loss: 0.054,loss_x: 0.071,loss_u_s: 0.068,loss_u_m: 0.063,loss_u_fp: 0.009,mask_ratio: 0.730
[INFO] ***** Evaluation ***** >>>> Class [0 background] IoU: 94.53
[INFO] ***** Evaluation ***** >>>> Class [1 aeroplane] IoU: 91.19
[INFO] ***** Evaluation ***** >>>> Class [2 bicycle] IoU: 44.62
[INFO] ***** Evaluation ***** >>>> Class [3 bird] IoU: 90.40
[INFO] ***** Evaluation ***** >>>> Class [4 boat] IoU: 72.20
[INFO] ***** Evaluation ***** >>>> Class [5 bottle] IoU: 82.94
[INFO] ***** Evaluation ***** >>>> Class [6 bus] IoU: 95.63
[INFO] ***** Evaluation ***** >>>> Class [7 car] IoU: 88.90
[INFO] ***** Evaluation ***** >>>> Class [8 cat] IoU: 91.26
[INFO] ***** Evaluation ***** >>>> Class [9 chair] IoU: 35.66
[INFO] ***** Evaluation ***** >>>> Class [10 cow] IoU: 87.92
[INFO] ***** Evaluation ***** >>>> Class [11 dining table] IoU: 47.07
[INFO] ***** Evaluation ***** >>>> Class [12 dog] IoU: 87.65
[INFO] ***** Evaluation ***** >>>> Class [13 horse] IoU: 87.42
[INFO] ***** Evaluation ***** >>>> Class [14 motorbike] IoU: 88.37
[INFO] ***** Evaluation ***** >>>> Class [15 person] IoU: 86.60
[INFO] ***** Evaluation ***** >>>> Class [16 potted plant] IoU: 63.98
[INFO] ***** Evaluation ***** >>>> Class [17 sheep] IoU: 84.34
[INFO] ***** Evaluation ***** >>>> Class [18 sofa] IoU: 56.59
[INFO] ***** Evaluation ***** >>>> Class [19 train] IoU: 90.44
[INFO] ***** Evaluation ***** >>>> Class [20 tv/monitor] IoU: 70.99
[INFO] ***** Evaluation ***** original >>>> MeanIoU: 78.03

[INFO] Pseudo-label epoch summary | epoch=61, generated_epoch=759923752, selected_epoch=563555422, epoch_rate=0.741595, generated_cum=47230579363, selected_cum=32785885536, cum_rate=0.694166
[INFO] ===========> Epoch: 62, LR: 0.00026, Previous best val_mIOU: 78.59
[INFO] Iters: 61504,total_loss: 0.052,loss_x: 0.071,loss_u_s: 0.056,loss_u_m: 0.062,loss_u_fp: 0.007,mask_ratio: 0.744
[INFO] Iters: 61628,total_loss: 0.051,loss_x: 0.070,loss_u_s: 0.053,loss_u_m: 0.066,loss_u_fp: 0.006,mask_ratio: 0.741
[INFO] Iters: 61752,total_loss: 0.051,loss_x: 0.070,loss_u_s: 0.055,loss_u_m: 0.059,loss_u_fp: 0.006,mask_ratio: 0.748
[INFO] Iters: 61876,total_loss: 0.049,loss_x: 0.067,loss_u_s: 0.060,loss_u_m: 0.048,loss_u_fp: 0.006,mask_ratio: 0.747
[INFO] Iters: 62000,total_loss: 0.048,loss_x: 0.064,loss_u_s: 0.057,loss_u_m: 0.058,loss_u_fp: 0.006,mask_ratio: 0.745
[INFO] Iters: 62124,total_loss: 0.050,loss_x: 0.065,loss_u_s: 0.055,loss_u_m: 0.073,loss_u_fp: 0.005,mask_ratio: 0.747
[INFO] Iters: 62248,total_loss: 0.051,loss_x: 0.071,loss_u_s: 0.063,loss_u_m: 0.053,loss_u_fp: 0.005,mask_ratio: 0.754
[INFO] Iters: 62372,total_loss: 0.053,loss_x: 0.074,loss_u_s: 0.053,loss_u_m: 0.064,loss_u_fp: 0.006,mask_ratio: 0.737
[INFO] ***** Evaluation ***** >>>> Class [0 background] IoU: 94.46
[INFO] ***** Evaluation ***** >>>> Class [1 aeroplane] IoU: 91.82
[INFO] ***** Evaluation ***** >>>> Class [2 bicycle] IoU: 44.59
[INFO] ***** Evaluation ***** >>>> Class [3 bird] IoU: 91.81
[INFO] ***** Evaluation ***** >>>> Class [4 boat] IoU: 71.85
[INFO] ***** Evaluation ***** >>>> Class [5 bottle] IoU: 82.09
[INFO] ***** Evaluation ***** >>>> Class [6 bus] IoU: 95.46
[INFO] ***** Evaluation ***** >>>> Class [7 car] IoU: 90.05
[INFO] ***** Evaluation ***** >>>> Class [8 cat] IoU: 92.42
[INFO] ***** Evaluation ***** >>>> Class [9 chair] IoU: 36.37
[INFO] ***** Evaluation ***** >>>> Class [10 cow] IoU: 89.00
[INFO] ***** Evaluation ***** >>>> Class [11 dining table] IoU: 45.60
[INFO] ***** Evaluation ***** >>>> Class [12 dog] IoU: 89.59
[INFO] ***** Evaluation ***** >>>> Class [13 horse] IoU: 87.13
[INFO] ***** Evaluation ***** >>>> Class [14 motorbike] IoU: 88.95
[INFO] ***** Evaluation ***** >>>> Class [15 person] IoU: 86.70
[INFO] ***** Evaluation ***** >>>> Class [16 potted plant] IoU: 61.54
[INFO] ***** Evaluation ***** >>>> Class [17 sheep] IoU: 85.05
[INFO] ***** Evaluation ***** >>>> Class [18 sofa] IoU: 54.53
[INFO] ***** Evaluation ***** >>>> Class [19 train] IoU: 89.34
[INFO] ***** Evaluation ***** >>>> Class [20 tv/monitor] IoU: 71.28
[INFO] ***** Evaluation ***** original >>>> MeanIoU: 78.08

[INFO] Pseudo-label epoch summary | epoch=62, generated_epoch=762234729, selected_epoch=567954434, epoch_rate=0.745117, generated_cum=47992814092, selected_cum=33353839970, cum_rate=0.694976
[INFO] ===========> Epoch: 63, LR: 0.00025, Previous best val_mIOU: 78.59
[INFO] Iters: 62496,total_loss: 0.049,loss_x: 0.067,loss_u_s: 0.055,loss_u_m: 0.062,loss_u_fp: 0.006,mask_ratio: 0.743
[INFO] Iters: 62620,total_loss: 0.051,loss_x: 0.071,loss_u_s: 0.053,loss_u_m: 0.062,loss_u_fp: 0.007,mask_ratio: 0.748
[INFO] Iters: 62744,total_loss: 0.050,loss_x: 0.067,loss_u_s: 0.062,loss_u_m: 0.056,loss_u_fp: 0.006,mask_ratio: 0.748
[INFO] Iters: 62868,total_loss: 0.053,loss_x: 0.069,loss_u_s: 0.071,loss_u_m: 0.066,loss_u_fp: 0.006,mask_ratio: 0.742
[INFO] Iters: 62992,total_loss: 0.048,loss_x: 0.068,loss_u_s: 0.054,loss_u_m: 0.050,loss_u_fp: 0.005,mask_ratio: 0.748
[INFO] Iters: 63116,total_loss: 0.050,loss_x: 0.072,loss_u_s: 0.052,loss_u_m: 0.049,loss_u_fp: 0.006,mask_ratio: 0.749
[INFO] Iters: 63240,total_loss: 0.051,loss_x: 0.070,loss_u_s: 0.058,loss_u_m: 0.064,loss_u_fp: 0.005,mask_ratio: 0.748
[INFO] Iters: 63364,total_loss: 0.052,loss_x: 0.068,loss_u_s: 0.060,loss_u_m: 0.069,loss_u_fp: 0.007,mask_ratio: 0.744
[INFO] ***** Evaluation ***** >>>> Class [0 background] IoU: 94.49
[INFO] ***** Evaluation ***** >>>> Class [1 aeroplane] IoU: 91.23
[INFO] ***** Evaluation ***** >>>> Class [2 bicycle] IoU: 43.34
[INFO] ***** Evaluation ***** >>>> Class [3 bird] IoU: 91.28
[INFO] ***** Evaluation ***** >>>> Class [4 boat] IoU: 71.07
[INFO] ***** Evaluation ***** >>>> Class [5 bottle] IoU: 83.23
[INFO] ***** Evaluation ***** >>>> Class [6 bus] IoU: 95.45
[INFO] ***** Evaluation ***** >>>> Class [7 car] IoU: 89.22
[INFO] ***** Evaluation ***** >>>> Class [8 cat] IoU: 91.89
[INFO] ***** Evaluation ***** >>>> Class [9 chair] IoU: 36.75
[INFO] ***** Evaluation ***** >>>> Class [10 cow] IoU: 83.71
[INFO] ***** Evaluation ***** >>>> Class [11 dining table] IoU: 48.96
[INFO] ***** Evaluation ***** >>>> Class [12 dog] IoU: 86.72
[INFO] ***** Evaluation ***** >>>> Class [13 horse] IoU: 87.02
[INFO] ***** Evaluation ***** >>>> Class [14 motorbike] IoU: 87.36
[INFO] ***** Evaluation ***** >>>> Class [15 person] IoU: 86.44
[INFO] ***** Evaluation ***** >>>> Class [16 potted plant] IoU: 61.19
[INFO] ***** Evaluation ***** >>>> Class [17 sheep] IoU: 84.75
[INFO] ***** Evaluation ***** >>>> Class [18 sofa] IoU: 55.74
[INFO] ***** Evaluation ***** >>>> Class [19 train] IoU: 90.09
[INFO] ***** Evaluation ***** >>>> Class [20 tv/monitor] IoU: 72.05
[INFO] ***** Evaluation ***** original >>>> MeanIoU: 77.71

[INFO] Pseudo-label epoch summary | epoch=63, generated_epoch=760349552, selected_epoch=567469105, epoch_rate=0.746327, generated_cum=48753163644, selected_cum=33921309075, cum_rate=0.695777
[INFO] ===========> Epoch: 64, LR: 0.00023, Previous best val_mIOU: 78.59
[INFO] Iters: 63488,total_loss: 0.049,loss_x: 0.068,loss_u_s: 0.055,loss_u_m: 0.054,loss_u_fp: 0.006,mask_ratio: 0.746
[INFO] Iters: 63612,total_loss: 0.050,loss_x: 0.066,loss_u_s: 0.068,loss_u_m: 0.056,loss_u_fp: 0.008,mask_ratio: 0.742
[INFO] Iters: 63736,total_loss: 0.049,loss_x: 0.068,loss_u_s: 0.056,loss_u_m: 0.056,loss_u_fp: 0.005,mask_ratio: 0.738
[INFO] Iters: 63860,total_loss: 0.051,loss_x: 0.070,loss_u_s: 0.056,loss_u_m: 0.059,loss_u_fp: 0.006,mask_ratio: 0.744
[INFO] Iters: 63984,total_loss: 0.053,loss_x: 0.071,loss_u_s: 0.063,loss_u_m: 0.068,loss_u_fp: 0.006,mask_ratio: 0.752
[INFO] Iters: 64108,total_loss: 0.051,loss_x: 0.069,loss_u_s: 0.059,loss_u_m: 0.056,loss_u_fp: 0.006,mask_ratio: 0.743
[INFO] Iters: 64232,total_loss: 0.052,loss_x: 0.070,loss_u_s: 0.059,loss_u_m: 0.062,loss_u_fp: 0.007,mask_ratio: 0.745
[INFO] Iters: 64356,total_loss: 0.050,loss_x: 0.066,loss_u_s: 0.062,loss_u_m: 0.061,loss_u_fp: 0.007,mask_ratio: 0.744
[INFO] ***** Evaluation ***** >>>> Class [0 background] IoU: 94.62
[INFO] ***** Evaluation ***** >>>> Class [1 aeroplane] IoU: 91.37
[INFO] ***** Evaluation ***** >>>> Class [2 bicycle] IoU: 44.68
[INFO] ***** Evaluation ***** >>>> Class [3 bird] IoU: 90.65
[INFO] ***** Evaluation ***** >>>> Class [4 boat] IoU: 74.00
[INFO] ***** Evaluation ***** >>>> Class [5 bottle] IoU: 82.86
[INFO] ***** Evaluation ***** >>>> Class [6 bus] IoU: 95.63
[INFO] ***** Evaluation ***** >>>> Class [7 car] IoU: 89.34
[INFO] ***** Evaluation ***** >>>> Class [8 cat] IoU: 92.27
[INFO] ***** Evaluation ***** >>>> Class [9 chair] IoU: 35.69
[INFO] ***** Evaluation ***** >>>> Class [10 cow] IoU: 84.56
[INFO] ***** Evaluation ***** >>>> Class [11 dining table] IoU: 46.30
[INFO] ***** Evaluation ***** >>>> Class [12 dog] IoU: 88.90
[INFO] ***** Evaluation ***** >>>> Class [13 horse] IoU: 86.78
[INFO] ***** Evaluation ***** >>>> Class [14 motorbike] IoU: 87.68
[INFO] ***** Evaluation ***** >>>> Class [15 person] IoU: 86.73
[INFO] ***** Evaluation ***** >>>> Class [16 potted plant] IoU: 62.80
[INFO] ***** Evaluation ***** >>>> Class [17 sheep] IoU: 84.06
[INFO] ***** Evaluation ***** >>>> Class [18 sofa] IoU: 58.79
[INFO] ***** Evaluation ***** >>>> Class [19 train] IoU: 90.41
[INFO] ***** Evaluation ***** >>>> Class [20 tv/monitor] IoU: 72.08
[INFO] ***** Evaluation ***** original >>>> MeanIoU: 78.11

[INFO] Pseudo-label epoch summary | epoch=64, generated_epoch=759726204, selected_epoch=565712574, epoch_rate=0.744627, generated_cum=49512889848, selected_cum=34487021649, cum_rate=0.696526
[INFO] ===========> Epoch: 65, LR: 0.00022, Previous best val_mIOU: 78.59
[INFO] Iters: 64480,total_loss: 0.051,loss_x: 0.069,loss_u_s: 0.060,loss_u_m: 0.060,loss_u_fp: 0.005,mask_ratio: 0.750
[INFO] Iters: 64604,total_loss: 0.049,loss_x: 0.068,loss_u_s: 0.056,loss_u_m: 0.056,loss_u_fp: 0.005,mask_ratio: 0.753
[INFO] Iters: 64728,total_loss: 0.051,loss_x: 0.072,loss_u_s: 0.048,loss_u_m: 0.060,loss_u_fp: 0.005,mask_ratio: 0.748
[INFO] Iters: 64852,total_loss: 0.050,loss_x: 0.063,loss_u_s: 0.066,loss_u_m: 0.063,loss_u_fp: 0.007,mask_ratio: 0.748
[INFO] Iters: 64976,total_loss: 0.049,loss_x: 0.067,loss_u_s: 0.058,loss_u_m: 0.055,loss_u_fp: 0.007,mask_ratio: 0.741
[INFO] Iters: 65100,total_loss: 0.048,loss_x: 0.065,loss_u_s: 0.055,loss_u_m: 0.058,loss_u_fp: 0.006,mask_ratio: 0.754
[INFO] Iters: 65224,total_loss: 0.047,loss_x: 0.063,loss_u_s: 0.053,loss_u_m: 0.056,loss_u_fp: 0.006,mask_ratio: 0.754
[INFO] Iters: 65348,total_loss: 0.049,loss_x: 0.067,loss_u_s: 0.054,loss_u_m: 0.061,loss_u_fp: 0.006,mask_ratio: 0.748
[INFO] ***** Evaluation ***** >>>> Class [0 background] IoU: 94.54
[INFO] ***** Evaluation ***** >>>> Class [1 aeroplane] IoU: 90.97
[INFO] ***** Evaluation ***** >>>> Class [2 bicycle] IoU: 44.39
[INFO] ***** Evaluation ***** >>>> Class [3 bird] IoU: 90.19
[INFO] ***** Evaluation ***** >>>> Class [4 boat] IoU: 71.68
[INFO] ***** Evaluation ***** >>>> Class [5 bottle] IoU: 81.26
[INFO] ***** Evaluation ***** >>>> Class [6 bus] IoU: 95.66
[INFO] ***** Evaluation ***** >>>> Class [7 car] IoU: 88.54
[INFO] ***** Evaluation ***** >>>> Class [8 cat] IoU: 91.93
[INFO] ***** Evaluation ***** >>>> Class [9 chair] IoU: 36.41
[INFO] ***** Evaluation ***** >>>> Class [10 cow] IoU: 87.25
[INFO] ***** Evaluation ***** >>>> Class [11 dining table] IoU: 47.76
[INFO] ***** Evaluation ***** >>>> Class [12 dog] IoU: 87.05
[INFO] ***** Evaluation ***** >>>> Class [13 horse] IoU: 88.47
[INFO] ***** Evaluation ***** >>>> Class [14 motorbike] IoU: 86.76
[INFO] ***** Evaluation ***** >>>> Class [15 person] IoU: 86.61
[INFO] ***** Evaluation ***** >>>> Class [16 potted plant] IoU: 61.70
[INFO] ***** Evaluation ***** >>>> Class [17 sheep] IoU: 84.02
[INFO] ***** Evaluation ***** >>>> Class [18 sofa] IoU: 57.15
[INFO] ***** Evaluation ***** >>>> Class [19 train] IoU: 90.18
[INFO] ***** Evaluation ***** >>>> Class [20 tv/monitor] IoU: 72.51
[INFO] ***** Evaluation ***** original >>>> MeanIoU: 77.86

[INFO] Pseudo-label epoch summary | epoch=65, generated_epoch=761756275, selected_epoch=570101703, epoch_rate=0.748404, generated_cum=50274646123, selected_cum=35057123352, cum_rate=0.697312
[INFO] ===========> Epoch: 66, LR: 0.00021, Previous best val_mIOU: 78.59
[INFO] Iters: 65472,total_loss: 0.049,loss_x: 0.065,loss_u_s: 0.064,loss_u_m: 0.056,loss_u_fp: 0.006,mask_ratio: 0.743
[INFO] Iters: 65596,total_loss: 0.047,loss_x: 0.066,loss_u_s: 0.055,loss_u_m: 0.046,loss_u_fp: 0.006,mask_ratio: 0.748
[INFO] Iters: 65720,total_loss: 0.052,loss_x: 0.069,loss_u_s: 0.066,loss_u_m: 0.063,loss_u_fp: 0.005,mask_ratio: 0.746
[INFO] Iters: 65844,total_loss: 0.051,loss_x: 0.067,loss_u_s: 0.061,loss_u_m: 0.064,loss_u_fp: 0.006,mask_ratio: 0.749
[INFO] Iters: 65968,total_loss: 0.050,loss_x: 0.069,loss_u_s: 0.058,loss_u_m: 0.051,loss_u_fp: 0.006,mask_ratio: 0.752
[INFO] Iters: 66092,total_loss: 0.051,loss_x: 0.067,loss_u_s: 0.059,loss_u_m: 0.068,loss_u_fp: 0.008,mask_ratio: 0.745
[INFO] Iters: 66216,total_loss: 0.047,loss_x: 0.065,loss_u_s: 0.049,loss_u_m: 0.055,loss_u_fp: 0.007,mask_ratio: 0.753
[INFO] Iters: 66340,total_loss: 0.052,loss_x: 0.072,loss_u_s: 0.056,loss_u_m: 0.062,loss_u_fp: 0.007,mask_ratio: 0.751
[INFO] ***** Evaluation ***** >>>> Class [0 background] IoU: 94.54
[INFO] ***** Evaluation ***** >>>> Class [1 aeroplane] IoU: 91.64
[INFO] ***** Evaluation ***** >>>> Class [2 bicycle] IoU: 44.83
[INFO] ***** Evaluation ***** >>>> Class [3 bird] IoU: 90.92
[INFO] ***** Evaluation ***** >>>> Class [4 boat] IoU: 71.11
[INFO] ***** Evaluation ***** >>>> Class [5 bottle] IoU: 83.39
[INFO] ***** Evaluation ***** >>>> Class [6 bus] IoU: 95.56
[INFO] ***** Evaluation ***** >>>> Class [7 car] IoU: 88.54
[INFO] ***** Evaluation ***** >>>> Class [8 cat] IoU: 92.09
[INFO] ***** Evaluation ***** >>>> Class [9 chair] IoU: 38.66
[INFO] ***** Evaluation ***** >>>> Class [10 cow] IoU: 92.47
[INFO] ***** Evaluation ***** >>>> Class [11 dining table] IoU: 46.67
[INFO] ***** Evaluation ***** >>>> Class [12 dog] IoU: 90.01
[INFO] ***** Evaluation ***** >>>> Class [13 horse] IoU: 89.85
[INFO] ***** Evaluation ***** >>>> Class [14 motorbike] IoU: 86.99
[INFO] ***** Evaluation ***** >>>> Class [15 person] IoU: 86.83
[INFO] ***** Evaluation ***** >>>> Class [16 potted plant] IoU: 63.25
[INFO] ***** Evaluation ***** >>>> Class [17 sheep] IoU: 85.66
[INFO] ***** Evaluation ***** >>>> Class [18 sofa] IoU: 55.80
[INFO] ***** Evaluation ***** >>>> Class [19 train] IoU: 90.68
[INFO] ***** Evaluation ***** >>>> Class [20 tv/monitor] IoU: 71.66
[INFO] ***** Evaluation ***** original >>>> MeanIoU: 78.63

[INFO] Pseudo-label epoch summary | epoch=66, generated_epoch=759332559, selected_epoch=568212996, epoch_rate=0.748306, generated_cum=51033978682, selected_cum=35625336348, cum_rate=0.698071
[INFO] ===========> Epoch: 67, LR: 0.00019, Previous best val_mIOU: 78.63
[INFO] Iters: 66464,total_loss: 0.052,loss_x: 0.069,loss_u_s: 0.061,loss_u_m: 0.062,loss_u_fp: 0.008,mask_ratio: 0.744
[INFO] Iters: 66588,total_loss: 0.047,loss_x: 0.064,loss_u_s: 0.060,loss_u_m: 0.052,loss_u_fp: 0.006,mask_ratio: 0.751
[INFO] Iters: 66712,total_loss: 0.048,loss_x: 0.066,loss_u_s: 0.048,loss_u_m: 0.057,loss_u_fp: 0.007,mask_ratio: 0.754
[INFO] Iters: 66836,total_loss: 0.052,loss_x: 0.067,loss_u_s: 0.065,loss_u_m: 0.073,loss_u_fp: 0.005,mask_ratio: 0.752
[INFO] Iters: 66960,total_loss: 0.050,loss_x: 0.064,loss_u_s: 0.076,loss_u_m: 0.057,loss_u_fp: 0.006,mask_ratio: 0.749
[INFO] Iters: 67084,total_loss: 0.048,loss_x: 0.065,loss_u_s: 0.056,loss_u_m: 0.060,loss_u_fp: 0.005,mask_ratio: 0.747
[INFO] Iters: 67208,total_loss: 0.052,loss_x: 0.071,loss_u_s: 0.054,loss_u_m: 0.058,loss_u_fp: 0.007,mask_ratio: 0.742
[INFO] Iters: 67332,total_loss: 0.048,loss_x: 0.064,loss_u_s: 0.058,loss_u_m: 0.059,loss_u_fp: 0.007,mask_ratio: 0.745
[INFO] ***** Evaluation ***** >>>> Class [0 background] IoU: 94.47
[INFO] ***** Evaluation ***** >>>> Class [1 aeroplane] IoU: 92.40
[INFO] ***** Evaluation ***** >>>> Class [2 bicycle] IoU: 44.10
[INFO] ***** Evaluation ***** >>>> Class [3 bird] IoU: 90.05
[INFO] ***** Evaluation ***** >>>> Class [4 boat] IoU: 72.12
[INFO] ***** Evaluation ***** >>>> Class [5 bottle] IoU: 82.21
[INFO] ***** Evaluation ***** >>>> Class [6 bus] IoU: 95.35
[INFO] ***** Evaluation ***** >>>> Class [7 car] IoU: 88.91
[INFO] ***** Evaluation ***** >>>> Class [8 cat] IoU: 92.29
[INFO] ***** Evaluation ***** >>>> Class [9 chair] IoU: 37.09
[INFO] ***** Evaluation ***** >>>> Class [10 cow] IoU: 90.90
[INFO] ***** Evaluation ***** >>>> Class [11 dining table] IoU: 43.48
[INFO] ***** Evaluation ***** >>>> Class [12 dog] IoU: 90.90
[INFO] ***** Evaluation ***** >>>> Class [13 horse] IoU: 87.79
[INFO] ***** Evaluation ***** >>>> Class [14 motorbike] IoU: 86.20
[INFO] ***** Evaluation ***** >>>> Class [15 person] IoU: 86.69
[INFO] ***** Evaluation ***** >>>> Class [16 potted plant] IoU: 59.49
[INFO] ***** Evaluation ***** >>>> Class [17 sheep] IoU: 85.18
[INFO] ***** Evaluation ***** >>>> Class [18 sofa] IoU: 56.36
[INFO] ***** Evaluation ***** >>>> Class [19 train] IoU: 90.39
[INFO] ***** Evaluation ***** >>>> Class [20 tv/monitor] IoU: 71.91
[INFO] ***** Evaluation ***** original >>>> MeanIoU: 78.01

[INFO] Pseudo-label epoch summary | epoch=67, generated_epoch=760885571, selected_epoch=569469875, epoch_rate=0.748430, generated_cum=51794864253, selected_cum=36194806223, cum_rate=0.698811
[INFO] ===========> Epoch: 68, LR: 0.00018, Previous best val_mIOU: 78.63
[INFO] Iters: 67456,total_loss: 0.050,loss_x: 0.066,loss_u_s: 0.064,loss_u_m: 0.059,loss_u_fp: 0.005,mask_ratio: 0.748
[INFO] Iters: 67580,total_loss: 0.048,loss_x: 0.064,loss_u_s: 0.052,loss_u_m: 0.061,loss_u_fp: 0.006,mask_ratio: 0.754
[INFO] Iters: 67704,total_loss: 0.049,loss_x: 0.068,loss_u_s: 0.058,loss_u_m: 0.047,loss_u_fp: 0.006,mask_ratio: 0.750
[INFO] Iters: 67828,total_loss: 0.052,loss_x: 0.064,loss_u_s: 0.071,loss_u_m: 0.075,loss_u_fp: 0.007,mask_ratio: 0.743
[INFO] Iters: 67952,total_loss: 0.048,loss_x: 0.067,loss_u_s: 0.057,loss_u_m: 0.052,loss_u_fp: 0.005,mask_ratio: 0.742
[INFO] Iters: 68076,total_loss: 0.048,loss_x: 0.064,loss_u_s: 0.058,loss_u_m: 0.055,loss_u_fp: 0.006,mask_ratio: 0.754
[INFO] Iters: 68200,total_loss: 0.048,loss_x: 0.064,loss_u_s: 0.054,loss_u_m: 0.062,loss_u_fp: 0.004,mask_ratio: 0.750
[INFO] Iters: 68324,total_loss: 0.050,loss_x: 0.067,loss_u_s: 0.055,loss_u_m: 0.062,loss_u_fp: 0.007,mask_ratio: 0.746
[INFO] ***** Evaluation ***** >>>> Class [0 background] IoU: 94.45
[INFO] ***** Evaluation ***** >>>> Class [1 aeroplane] IoU: 92.17
[INFO] ***** Evaluation ***** >>>> Class [2 bicycle] IoU: 44.36
[INFO] ***** Evaluation ***** >>>> Class [3 bird] IoU: 89.98
[INFO] ***** Evaluation ***** >>>> Class [4 boat] IoU: 73.67
[INFO] ***** Evaluation ***** >>>> Class [5 bottle] IoU: 81.03
[INFO] ***** Evaluation ***** >>>> Class [6 bus] IoU: 95.51
[INFO] ***** Evaluation ***** >>>> Class [7 car] IoU: 87.79
[INFO] ***** Evaluation ***** >>>> Class [8 cat] IoU: 92.10
[INFO] ***** Evaluation ***** >>>> Class [9 chair] IoU: 36.42
[INFO] ***** Evaluation ***** >>>> Class [10 cow] IoU: 85.38
[INFO] ***** Evaluation ***** >>>> Class [11 dining table] IoU: 42.49
[INFO] ***** Evaluation ***** >>>> Class [12 dog] IoU: 88.08
[INFO] ***** Evaluation ***** >>>> Class [13 horse] IoU: 87.09
[INFO] ***** Evaluation ***** >>>> Class [14 motorbike] IoU: 85.46
[INFO] ***** Evaluation ***** >>>> Class [15 person] IoU: 86.79
[INFO] ***** Evaluation ***** >>>> Class [16 potted plant] IoU: 61.17
[INFO] ***** Evaluation ***** >>>> Class [17 sheep] IoU: 85.42
[INFO] ***** Evaluation ***** >>>> Class [18 sofa] IoU: 54.11
[INFO] ***** Evaluation ***** >>>> Class [19 train] IoU: 90.51
[INFO] ***** Evaluation ***** >>>> Class [20 tv/monitor] IoU: 72.95
[INFO] ***** Evaluation ***** original >>>> MeanIoU: 77.47

[INFO] Pseudo-label epoch summary | epoch=68, generated_epoch=761563539, selected_epoch=570383125, epoch_rate=0.748963, generated_cum=52556427792, selected_cum=36765189348, cum_rate=0.699537
[INFO] ===========> Epoch: 69, LR: 0.00017, Previous best val_mIOU: 78.63
[INFO] Iters: 68448,total_loss: 0.047,loss_x: 0.064,loss_u_s: 0.059,loss_u_m: 0.053,loss_u_fp: 0.006,mask_ratio: 0.754
[INFO] Iters: 68572,total_loss: 0.049,loss_x: 0.066,loss_u_s: 0.068,loss_u_m: 0.050,loss_u_fp: 0.006,mask_ratio: 0.751
[INFO] Iters: 68696,total_loss: 0.052,loss_x: 0.069,loss_u_s: 0.065,loss_u_m: 0.058,loss_u_fp: 0.007,mask_ratio: 0.749
[INFO] Iters: 68820,total_loss: 0.047,loss_x: 0.063,loss_u_s: 0.058,loss_u_m: 0.053,loss_u_fp: 0.007,mask_ratio: 0.756
[INFO] Iters: 68944,total_loss: 0.050,loss_x: 0.068,loss_u_s: 0.061,loss_u_m: 0.057,loss_u_fp: 0.006,mask_ratio: 0.746
[INFO] Iters: 69068,total_loss: 0.048,loss_x: 0.065,loss_u_s: 0.050,loss_u_m: 0.061,loss_u_fp: 0.006,mask_ratio: 0.748
[INFO] Iters: 69192,total_loss: 0.047,loss_x: 0.063,loss_u_s: 0.054,loss_u_m: 0.053,loss_u_fp: 0.008,mask_ratio: 0.749
[INFO] Iters: 69316,total_loss: 0.046,loss_x: 0.065,loss_u_s: 0.052,loss_u_m: 0.050,loss_u_fp: 0.005,mask_ratio: 0.750
[INFO] ***** Evaluation ***** >>>> Class [0 background] IoU: 94.52
[INFO] ***** Evaluation ***** >>>> Class [1 aeroplane] IoU: 91.94
[INFO] ***** Evaluation ***** >>>> Class [2 bicycle] IoU: 44.57
[INFO] ***** Evaluation ***** >>>> Class [3 bird] IoU: 90.91
[INFO] ***** Evaluation ***** >>>> Class [4 boat] IoU: 73.05
[INFO] ***** Evaluation ***** >>>> Class [5 bottle] IoU: 82.27
[INFO] ***** Evaluation ***** >>>> Class [6 bus] IoU: 95.65
[INFO] ***** Evaluation ***** >>>> Class [7 car] IoU: 88.11
[INFO] ***** Evaluation ***** >>>> Class [8 cat] IoU: 92.22
[INFO] ***** Evaluation ***** >>>> Class [9 chair] IoU: 38.17
[INFO] ***** Evaluation ***** >>>> Class [10 cow] IoU: 84.50
[INFO] ***** Evaluation ***** >>>> Class [11 dining table] IoU: 48.59
[INFO] ***** Evaluation ***** >>>> Class [12 dog] IoU: 87.45
[INFO] ***** Evaluation ***** >>>> Class [13 horse] IoU: 87.21
[INFO] ***** Evaluation ***** >>>> Class [14 motorbike] IoU: 85.54
[INFO] ***** Evaluation ***** >>>> Class [15 person] IoU: 86.93
[INFO] ***** Evaluation ***** >>>> Class [16 potted plant] IoU: 61.58
[INFO] ***** Evaluation ***** >>>> Class [17 sheep] IoU: 84.96
[INFO] ***** Evaluation ***** >>>> Class [18 sofa] IoU: 52.96
[INFO] ***** Evaluation ***** >>>> Class [19 train] IoU: 90.19
[INFO] ***** Evaluation ***** >>>> Class [20 tv/monitor] IoU: 71.94
[INFO] ***** Evaluation ***** original >>>> MeanIoU: 77.77

[INFO] Pseudo-label epoch summary | epoch=69, generated_epoch=762003050, selected_epoch=571438282, epoch_rate=0.749916, generated_cum=53318430842, selected_cum=37336627630, cum_rate=0.700257
[INFO] ===========> Epoch: 70, LR: 0.00015, Previous best val_mIOU: 78.63
[INFO] Iters: 69440,total_loss: 0.050,loss_x: 0.067,loss_u_s: 0.064,loss_u_m: 0.060,loss_u_fp: 0.006,mask_ratio: 0.751
[INFO] Iters: 69564,total_loss: 0.048,loss_x: 0.068,loss_u_s: 0.051,loss_u_m: 0.052,loss_u_fp: 0.005,mask_ratio: 0.747
[INFO] Iters: 69688,total_loss: 0.048,loss_x: 0.065,loss_u_s: 0.058,loss_u_m: 0.055,loss_u_fp: 0.007,mask_ratio: 0.749
[INFO] Iters: 69812,total_loss: 0.047,loss_x: 0.061,loss_u_s: 0.070,loss_u_m: 0.050,loss_u_fp: 0.006,mask_ratio: 0.755
[INFO] Iters: 69936,total_loss: 0.049,loss_x: 0.066,loss_u_s: 0.063,loss_u_m: 0.056,loss_u_fp: 0.006,mask_ratio: 0.750
[INFO] Iters: 70060,total_loss: 0.049,loss_x: 0.065,loss_u_s: 0.061,loss_u_m: 0.057,loss_u_fp: 0.008,mask_ratio: 0.753
[INFO] Iters: 70184,total_loss: 0.049,loss_x: 0.067,loss_u_s: 0.055,loss_u_m: 0.056,loss_u_fp: 0.005,mask_ratio: 0.749
[INFO] Iters: 70308,total_loss: 0.047,loss_x: 0.061,loss_u_s: 0.056,loss_u_m: 0.065,loss_u_fp: 0.006,mask_ratio: 0.750
[INFO] ***** Evaluation ***** >>>> Class [0 background] IoU: 94.60
[INFO] ***** Evaluation ***** >>>> Class [1 aeroplane] IoU: 91.90
[INFO] ***** Evaluation ***** >>>> Class [2 bicycle] IoU: 44.15
[INFO] ***** Evaluation ***** >>>> Class [3 bird] IoU: 90.79
[INFO] ***** Evaluation ***** >>>> Class [4 boat] IoU: 72.54
[INFO] ***** Evaluation ***** >>>> Class [5 bottle] IoU: 84.18
[INFO] ***** Evaluation ***** >>>> Class [6 bus] IoU: 95.57
[INFO] ***** Evaluation ***** >>>> Class [7 car] IoU: 89.30
[INFO] ***** Evaluation ***** >>>> Class [8 cat] IoU: 92.10
[INFO] ***** Evaluation ***** >>>> Class [9 chair] IoU: 35.72
[INFO] ***** Evaluation ***** >>>> Class [10 cow] IoU: 85.58
[INFO] ***** Evaluation ***** >>>> Class [11 dining table] IoU: 49.00
[INFO] ***** Evaluation ***** >>>> Class [12 dog] IoU: 87.89
[INFO] ***** Evaluation ***** >>>> Class [13 horse] IoU: 87.74
[INFO] ***** Evaluation ***** >>>> Class [14 motorbike] IoU: 86.96
[INFO] ***** Evaluation ***** >>>> Class [15 person] IoU: 86.91
[INFO] ***** Evaluation ***** >>>> Class [16 potted plant] IoU: 62.39
[INFO] ***** Evaluation ***** >>>> Class [17 sheep] IoU: 85.25
[INFO] ***** Evaluation ***** >>>> Class [18 sofa] IoU: 54.26
[INFO] ***** Evaluation ***** >>>> Class [19 train] IoU: 90.46
[INFO] ***** Evaluation ***** >>>> Class [20 tv/monitor] IoU: 73.70
[INFO] ***** Evaluation ***** original >>>> MeanIoU: 78.14

[INFO] Pseudo-label epoch summary | epoch=70, generated_epoch=764126397, selected_epoch=573572746, epoch_rate=0.750625, generated_cum=54082557239, selected_cum=37910200376, cum_rate=0.700969
[INFO] ===========> Epoch: 71, LR: 0.00014, Previous best val_mIOU: 78.63
[INFO] Iters: 70432,total_loss: 0.054,loss_x: 0.074,loss_u_s: 0.066,loss_u_m: 0.056,loss_u_fp: 0.006,mask_ratio: 0.753
[INFO] Iters: 70556,total_loss: 0.048,loss_x: 0.062,loss_u_s: 0.062,loss_u_m: 0.060,loss_u_fp: 0.006,mask_ratio: 0.745
[INFO] Iters: 70680,total_loss: 0.047,loss_x: 0.062,loss_u_s: 0.050,loss_u_m: 0.066,loss_u_fp: 0.006,mask_ratio: 0.753
[INFO] Iters: 70804,total_loss: 0.047,loss_x: 0.062,loss_u_s: 0.066,loss_u_m: 0.053,loss_u_fp: 0.006,mask_ratio: 0.760
[INFO] Iters: 70928,total_loss: 0.051,loss_x: 0.068,loss_u_s: 0.063,loss_u_m: 0.060,loss_u_fp: 0.006,mask_ratio: 0.762
[INFO] Iters: 71052,total_loss: 0.050,loss_x: 0.068,loss_u_s: 0.060,loss_u_m: 0.062,loss_u_fp: 0.006,mask_ratio: 0.750
[INFO] Iters: 71176,total_loss: 0.050,loss_x: 0.067,loss_u_s: 0.060,loss_u_m: 0.060,loss_u_fp: 0.006,mask_ratio: 0.750
[INFO] Iters: 71300,total_loss: 0.046,loss_x: 0.063,loss_u_s: 0.048,loss_u_m: 0.054,loss_u_fp: 0.007,mask_ratio: 0.754
[INFO] ***** Evaluation ***** >>>> Class [0 background] IoU: 94.57
[INFO] ***** Evaluation ***** >>>> Class [1 aeroplane] IoU: 91.99
[INFO] ***** Evaluation ***** >>>> Class [2 bicycle] IoU: 44.93
[INFO] ***** Evaluation ***** >>>> Class [3 bird] IoU: 90.52
[INFO] ***** Evaluation ***** >>>> Class [4 boat] IoU: 72.66
[INFO] ***** Evaluation ***** >>>> Class [5 bottle] IoU: 82.03
[INFO] ***** Evaluation ***** >>>> Class [6 bus] IoU: 95.51
[INFO] ***** Evaluation ***** >>>> Class [7 car] IoU: 89.26
[INFO] ***** Evaluation ***** >>>> Class [8 cat] IoU: 92.35
[INFO] ***** Evaluation ***** >>>> Class [9 chair] IoU: 38.43
[INFO] ***** Evaluation ***** >>>> Class [10 cow] IoU: 85.60
[INFO] ***** Evaluation ***** >>>> Class [11 dining table] IoU: 46.37
[INFO] ***** Evaluation ***** >>>> Class [12 dog] IoU: 88.31
[INFO] ***** Evaluation ***** >>>> Class [13 horse] IoU: 87.71
[INFO] ***** Evaluation ***** >>>> Class [14 motorbike] IoU: 86.59
[INFO] ***** Evaluation ***** >>>> Class [15 person] IoU: 86.90
[INFO] ***** Evaluation ***** >>>> Class [16 potted plant] IoU: 62.07
[INFO] ***** Evaluation ***** >>>> Class [17 sheep] IoU: 85.38
[INFO] ***** Evaluation ***** >>>> Class [18 sofa] IoU: 55.91
[INFO] ***** Evaluation ***** >>>> Class [19 train] IoU: 88.37
[INFO] ***** Evaluation ***** >>>> Class [20 tv/monitor] IoU: 72.27
[INFO] ***** Evaluation ***** original >>>> MeanIoU: 77.99

[INFO] Pseudo-label epoch summary | epoch=71, generated_epoch=762288004, selected_epoch=574127509, epoch_rate=0.753164, generated_cum=54844845243, selected_cum=38484327885, cum_rate=0.701695
[INFO] ===========> Epoch: 72, LR: 0.00013, Previous best val_mIOU: 78.63
[INFO] Iters: 71424,total_loss: 0.050,loss_x: 0.063,loss_u_s: 0.059,loss_u_m: 0.073,loss_u_fp: 0.006,mask_ratio: 0.753
[INFO] Iters: 71548,total_loss: 0.047,loss_x: 0.064,loss_u_s: 0.056,loss_u_m: 0.056,loss_u_fp: 0.006,mask_ratio: 0.758
[INFO] Iters: 71672,total_loss: 0.049,loss_x: 0.063,loss_u_s: 0.066,loss_u_m: 0.065,loss_u_fp: 0.007,mask_ratio: 0.738
[INFO] Iters: 71796,total_loss: 0.047,loss_x: 0.063,loss_u_s: 0.058,loss_u_m: 0.054,loss_u_fp: 0.006,mask_ratio: 0.751
[INFO] Iters: 71920,total_loss: 0.048,loss_x: 0.063,loss_u_s: 0.063,loss_u_m: 0.054,loss_u_fp: 0.006,mask_ratio: 0.760
[INFO] Iters: 72044,total_loss: 0.049,loss_x: 0.063,loss_u_s: 0.065,loss_u_m: 0.059,loss_u_fp: 0.007,mask_ratio: 0.750
[INFO] Iters: 72168,total_loss: 0.049,loss_x: 0.068,loss_u_s: 0.049,loss_u_m: 0.056,loss_u_fp: 0.008,mask_ratio: 0.754
[INFO] Iters: 72292,total_loss: 0.049,loss_x: 0.063,loss_u_s: 0.063,loss_u_m: 0.061,loss_u_fp: 0.007,mask_ratio: 0.753
[INFO] ***** Evaluation ***** >>>> Class [0 background] IoU: 94.55
[INFO] ***** Evaluation ***** >>>> Class [1 aeroplane] IoU: 92.66
[INFO] ***** Evaluation ***** >>>> Class [2 bicycle] IoU: 44.53
[INFO] ***** Evaluation ***** >>>> Class [3 bird] IoU: 90.79
[INFO] ***** Evaluation ***** >>>> Class [4 boat] IoU: 72.77
[INFO] ***** Evaluation ***** >>>> Class [5 bottle] IoU: 83.36
[INFO] ***** Evaluation ***** >>>> Class [6 bus] IoU: 95.39
[INFO] ***** Evaluation ***** >>>> Class [7 car] IoU: 88.48
[INFO] ***** Evaluation ***** >>>> Class [8 cat] IoU: 92.30
[INFO] ***** Evaluation ***** >>>> Class [9 chair] IoU: 37.20
[INFO] ***** Evaluation ***** >>>> Class [10 cow] IoU: 85.85
[INFO] ***** Evaluation ***** >>>> Class [11 dining table] IoU: 43.42
[INFO] ***** Evaluation ***** >>>> Class [12 dog] IoU: 88.72
[INFO] ***** Evaluation ***** >>>> Class [13 horse] IoU: 87.63
[INFO] ***** Evaluation ***** >>>> Class [14 motorbike] IoU: 86.45
[INFO] ***** Evaluation ***** >>>> Class [15 person] IoU: 86.97
[INFO] ***** Evaluation ***** >>>> Class [16 potted plant] IoU: 62.36
[INFO] ***** Evaluation ***** >>>> Class [17 sheep] IoU: 85.21
[INFO] ***** Evaluation ***** >>>> Class [18 sofa] IoU: 56.33
[INFO] ***** Evaluation ***** >>>> Class [19 train] IoU: 89.50
[INFO] ***** Evaluation ***** >>>> Class [20 tv/monitor] IoU: 73.47
[INFO] ***** Evaluation ***** original >>>> MeanIoU: 78.00

[INFO] Pseudo-label epoch summary | epoch=72, generated_epoch=761091744, selected_epoch=572808362, epoch_rate=0.752614, generated_cum=55605936987, selected_cum=39057136247, cum_rate=0.702391
[INFO] ===========> Epoch: 73, LR: 0.00011, Previous best val_mIOU: 78.63
[INFO] Iters: 72416,total_loss: 0.047,loss_x: 0.064,loss_u_s: 0.053,loss_u_m: 0.061,loss_u_fp: 0.005,mask_ratio: 0.758
[INFO] Iters: 72540,total_loss: 0.046,loss_x: 0.062,loss_u_s: 0.053,loss_u_m: 0.057,loss_u_fp: 0.006,mask_ratio: 0.753
[INFO] Iters: 72664,total_loss: 0.049,loss_x: 0.066,loss_u_s: 0.064,loss_u_m: 0.058,loss_u_fp: 0.006,mask_ratio: 0.749
[INFO] Iters: 72788,total_loss: 0.048,loss_x: 0.066,loss_u_s: 0.059,loss_u_m: 0.049,loss_u_fp: 0.006,mask_ratio: 0.752
[INFO] Iters: 72912,total_loss: 0.049,loss_x: 0.066,loss_u_s: 0.058,loss_u_m: 0.062,loss_u_fp: 0.005,mask_ratio: 0.763
[INFO] Iters: 73036,total_loss: 0.047,loss_x: 0.060,loss_u_s: 0.067,loss_u_m: 0.056,loss_u_fp: 0.006,mask_ratio: 0.753
[INFO] Iters: 73160,total_loss: 0.051,loss_x: 0.069,loss_u_s: 0.055,loss_u_m: 0.059,loss_u_fp: 0.009,mask_ratio: 0.748
[INFO] Iters: 73284,total_loss: 0.047,loss_x: 0.064,loss_u_s: 0.056,loss_u_m: 0.052,loss_u_fp: 0.006,mask_ratio: 0.751
[INFO] ***** Evaluation ***** >>>> Class [0 background] IoU: 94.41
[INFO] ***** Evaluation ***** >>>> Class [1 aeroplane] IoU: 92.35
[INFO] ***** Evaluation ***** >>>> Class [2 bicycle] IoU: 44.82
[INFO] ***** Evaluation ***** >>>> Class [3 bird] IoU: 90.11
[INFO] ***** Evaluation ***** >>>> Class [4 boat] IoU: 73.02
[INFO] ***** Evaluation ***** >>>> Class [5 bottle] IoU: 83.44
[INFO] ***** Evaluation ***** >>>> Class [6 bus] IoU: 94.92
[INFO] ***** Evaluation ***** >>>> Class [7 car] IoU: 88.37
[INFO] ***** Evaluation ***** >>>> Class [8 cat] IoU: 92.48
[INFO] ***** Evaluation ***** >>>> Class [9 chair] IoU: 36.70
[INFO] ***** Evaluation ***** >>>> Class [10 cow] IoU: 88.94
[INFO] ***** Evaluation ***** >>>> Class [11 dining table] IoU: 42.44
[INFO] ***** Evaluation ***** >>>> Class [12 dog] IoU: 90.48
[INFO] ***** Evaluation ***** >>>> Class [13 horse] IoU: 87.74
[INFO] ***** Evaluation ***** >>>> Class [14 motorbike] IoU: 86.46
[INFO] ***** Evaluation ***** >>>> Class [15 person] IoU: 87.03
[INFO] ***** Evaluation ***** >>>> Class [16 potted plant] IoU: 59.78
[INFO] ***** Evaluation ***** >>>> Class [17 sheep] IoU: 85.57
[INFO] ***** Evaluation ***** >>>> Class [18 sofa] IoU: 55.27
[INFO] ***** Evaluation ***** >>>> Class [19 train] IoU: 87.90
[INFO] ***** Evaluation ***** >>>> Class [20 tv/monitor] IoU: 73.52
[INFO] ***** Evaluation ***** original >>>> MeanIoU: 77.89

[INFO] Pseudo-label epoch summary | epoch=73, generated_epoch=761643538, selected_epoch=572302619, epoch_rate=0.751405, generated_cum=56367580525, selected_cum=39629438866, cum_rate=0.703054
[INFO] ===========> Epoch: 74, LR: 0.00010, Previous best val_mIOU: 78.63
[INFO] Iters: 73408,total_loss: 0.048,loss_x: 0.063,loss_u_s: 0.058,loss_u_m: 0.060,loss_u_fp: 0.006,mask_ratio: 0.743
[INFO] Iters: 73532,total_loss: 0.045,loss_x: 0.059,loss_u_s: 0.053,loss_u_m: 0.056,loss_u_fp: 0.006,mask_ratio: 0.752
[INFO] Iters: 73656,total_loss: 0.049,loss_x: 0.060,loss_u_s: 0.076,loss_u_m: 0.062,loss_u_fp: 0.008,mask_ratio: 0.754
[INFO] Iters: 73780,total_loss: 0.050,loss_x: 0.065,loss_u_s: 0.063,loss_u_m: 0.065,loss_u_fp: 0.007,mask_ratio: 0.752
[INFO] Iters: 73904,total_loss: 0.052,loss_x: 0.068,loss_u_s: 0.061,loss_u_m: 0.069,loss_u_fp: 0.007,mask_ratio: 0.748
[INFO] Iters: 74028,total_loss: 0.047,loss_x: 0.063,loss_u_s: 0.053,loss_u_m: 0.056,loss_u_fp: 0.005,mask_ratio: 0.756
[INFO] Iters: 74152,total_loss: 0.049,loss_x: 0.067,loss_u_s: 0.056,loss_u_m: 0.060,loss_u_fp: 0.005,mask_ratio: 0.759
[INFO] Iters: 74276,total_loss: 0.047,loss_x: 0.062,loss_u_s: 0.058,loss_u_m: 0.060,loss_u_fp: 0.006,mask_ratio: 0.749
[INFO] ***** Evaluation ***** >>>> Class [0 background] IoU: 94.50
[INFO] ***** Evaluation ***** >>>> Class [1 aeroplane] IoU: 92.11
[INFO] ***** Evaluation ***** >>>> Class [2 bicycle] IoU: 44.80
[INFO] ***** Evaluation ***** >>>> Class [3 bird] IoU: 90.74
[INFO] ***** Evaluation ***** >>>> Class [4 boat] IoU: 73.46
[INFO] ***** Evaluation ***** >>>> Class [5 bottle] IoU: 83.68
[INFO] ***** Evaluation ***** >>>> Class [6 bus] IoU: 95.08
[INFO] ***** Evaluation ***** >>>> Class [7 car] IoU: 88.70
[INFO] ***** Evaluation ***** >>>> Class [8 cat] IoU: 92.36
[INFO] ***** Evaluation ***** >>>> Class [9 chair] IoU: 36.68
[INFO] ***** Evaluation ***** >>>> Class [10 cow] IoU: 86.83
[INFO] ***** Evaluation ***** >>>> Class [11 dining table] IoU: 42.29
[INFO] ***** Evaluation ***** >>>> Class [12 dog] IoU: 88.66
[INFO] ***** Evaluation ***** >>>> Class [13 horse] IoU: 87.99
[INFO] ***** Evaluation ***** >>>> Class [14 motorbike] IoU: 87.13
[INFO] ***** Evaluation ***** >>>> Class [15 person] IoU: 87.08
[INFO] ***** Evaluation ***** >>>> Class [16 potted plant] IoU: 59.24
[INFO] ***** Evaluation ***** >>>> Class [17 sheep] IoU: 85.36
[INFO] ***** Evaluation ***** >>>> Class [18 sofa] IoU: 55.89
[INFO] ***** Evaluation ***** >>>> Class [19 train] IoU: 89.59
[INFO] ***** Evaluation ***** >>>> Class [20 tv/monitor] IoU: 72.69
[INFO] ***** Evaluation ***** original >>>> MeanIoU: 77.85

[INFO] Pseudo-label epoch summary | epoch=74, generated_epoch=762166006, selected_epoch=573515391, epoch_rate=0.752481, generated_cum=57129746531, selected_cum=40202954257, cum_rate=0.703713
[INFO] ===========> Epoch: 75, LR: 0.00008, Previous best val_mIOU: 78.63
[INFO] Iters: 74400,total_loss: 0.050,loss_x: 0.066,loss_u_s: 0.060,loss_u_m: 0.061,loss_u_fp: 0.007,mask_ratio: 0.750
[INFO] Iters: 74524,total_loss: 0.052,loss_x: 0.072,loss_u_s: 0.053,loss_u_m: 0.061,loss_u_fp: 0.006,mask_ratio: 0.748
[INFO] Iters: 74648,total_loss: 0.047,loss_x: 0.064,loss_u_s: 0.054,loss_u_m: 0.056,loss_u_fp: 0.006,mask_ratio: 0.751
[INFO] Iters: 74772,total_loss: 0.048,loss_x: 0.063,loss_u_s: 0.056,loss_u_m: 0.062,loss_u_fp: 0.006,mask_ratio: 0.751
[INFO] Iters: 74896,total_loss: 0.047,loss_x: 0.064,loss_u_s: 0.052,loss_u_m: 0.052,loss_u_fp: 0.006,mask_ratio: 0.755
[INFO] Iters: 75020,total_loss: 0.048,loss_x: 0.066,loss_u_s: 0.054,loss_u_m: 0.055,loss_u_fp: 0.006,mask_ratio: 0.751
[INFO] Iters: 75144,total_loss: 0.046,loss_x: 0.062,loss_u_s: 0.054,loss_u_m: 0.059,loss_u_fp: 0.005,mask_ratio: 0.756
[INFO] Iters: 75268,total_loss: 0.046,loss_x: 0.062,loss_u_s: 0.053,loss_u_m: 0.060,loss_u_fp: 0.006,mask_ratio: 0.748
[INFO] ***** Evaluation ***** >>>> Class [0 background] IoU: 94.49
[INFO] ***** Evaluation ***** >>>> Class [1 aeroplane] IoU: 92.21
[INFO] ***** Evaluation ***** >>>> Class [2 bicycle] IoU: 44.91
[INFO] ***** Evaluation ***** >>>> Class [3 bird] IoU: 90.02
[INFO] ***** Evaluation ***** >>>> Class [4 boat] IoU: 72.79
[INFO] ***** Evaluation ***** >>>> Class [5 bottle] IoU: 83.60
[INFO] ***** Evaluation ***** >>>> Class [6 bus] IoU: 95.08
[INFO] ***** Evaluation ***** >>>> Class [7 car] IoU: 88.68
[INFO] ***** Evaluation ***** >>>> Class [8 cat] IoU: 92.20
[INFO] ***** Evaluation ***** >>>> Class [9 chair] IoU: 37.06
[INFO] ***** Evaluation ***** >>>> Class [10 cow] IoU: 87.12
[INFO] ***** Evaluation ***** >>>> Class [11 dining table] IoU: 43.74
[INFO] ***** Evaluation ***** >>>> Class [12 dog] IoU: 88.84
[INFO] ***** Evaluation ***** >>>> Class [13 horse] IoU: 87.80
[INFO] ***** Evaluation ***** >>>> Class [14 motorbike] IoU: 86.77
[INFO] ***** Evaluation ***** >>>> Class [15 person] IoU: 87.24
[INFO] ***** Evaluation ***** >>>> Class [16 potted plant] IoU: 61.70
[INFO] ***** Evaluation ***** >>>> Class [17 sheep] IoU: 85.79
[INFO] ***** Evaluation ***** >>>> Class [18 sofa] IoU: 54.21
[INFO] ***** Evaluation ***** >>>> Class [19 train] IoU: 89.48
[INFO] ***** Evaluation ***** >>>> Class [20 tv/monitor] IoU: 72.44
[INFO] ***** Evaluation ***** original >>>> MeanIoU: 77.91

[INFO] Pseudo-label epoch summary | epoch=75, generated_epoch=762523947, selected_epoch=573526896, epoch_rate=0.752143, generated_cum=57892270478, selected_cum=40776481153, cum_rate=0.704351
[INFO] ===========> Epoch: 76, LR: 0.00007, Previous best val_mIOU: 78.63
[INFO] Iters: 75392,total_loss: 0.046,loss_x: 0.062,loss_u_s: 0.054,loss_u_m: 0.056,loss_u_fp: 0.006,mask_ratio: 0.759
[INFO] Iters: 75516,total_loss: 0.048,loss_x: 0.062,loss_u_s: 0.065,loss_u_m: 0.063,loss_u_fp: 0.007,mask_ratio: 0.751
[INFO] Iters: 75640,total_loss: 0.050,loss_x: 0.065,loss_u_s: 0.060,loss_u_m: 0.063,loss_u_fp: 0.006,mask_ratio: 0.751
[INFO] Iters: 75764,total_loss: 0.049,loss_x: 0.064,loss_u_s: 0.069,loss_u_m: 0.058,loss_u_fp: 0.005,mask_ratio: 0.755
[INFO] Iters: 75888,total_loss: 0.049,loss_x: 0.066,loss_u_s: 0.055,loss_u_m: 0.055,loss_u_fp: 0.007,mask_ratio: 0.745
[INFO] Iters: 76012,total_loss: 0.047,loss_x: 0.062,loss_u_s: 0.059,loss_u_m: 0.060,loss_u_fp: 0.006,mask_ratio: 0.752
[INFO] Iters: 76136,total_loss: 0.048,loss_x: 0.061,loss_u_s: 0.062,loss_u_m: 0.060,loss_u_fp: 0.007,mask_ratio: 0.753
[INFO] Iters: 76260,total_loss: 0.048,loss_x: 0.065,loss_u_s: 0.059,loss_u_m: 0.055,loss_u_fp: 0.005,mask_ratio: 0.757
[INFO] ***** Evaluation ***** >>>> Class [0 background] IoU: 94.47
[INFO] ***** Evaluation ***** >>>> Class [1 aeroplane] IoU: 92.12
[INFO] ***** Evaluation ***** >>>> Class [2 bicycle] IoU: 45.02
[INFO] ***** Evaluation ***** >>>> Class [3 bird] IoU: 90.75
[INFO] ***** Evaluation ***** >>>> Class [4 boat] IoU: 73.75
[INFO] ***** Evaluation ***** >>>> Class [5 bottle] IoU: 83.13
[INFO] ***** Evaluation ***** >>>> Class [6 bus] IoU: 95.14
[INFO] ***** Evaluation ***** >>>> Class [7 car] IoU: 88.54
[INFO] ***** Evaluation ***** >>>> Class [8 cat] IoU: 92.41
[INFO] ***** Evaluation ***** >>>> Class [9 chair] IoU: 37.32
[INFO] ***** Evaluation ***** >>>> Class [10 cow] IoU: 88.58
[INFO] ***** Evaluation ***** >>>> Class [11 dining table] IoU: 39.67
[INFO] ***** Evaluation ***** >>>> Class [12 dog] IoU: 89.79
[INFO] ***** Evaluation ***** >>>> Class [13 horse] IoU: 87.87
[INFO] ***** Evaluation ***** >>>> Class [14 motorbike] IoU: 86.42
[INFO] ***** Evaluation ***** >>>> Class [15 person] IoU: 86.81
[INFO] ***** Evaluation ***** >>>> Class [16 potted plant] IoU: 60.07
[INFO] ***** Evaluation ***** >>>> Class [17 sheep] IoU: 85.75
[INFO] ***** Evaluation ***** >>>> Class [18 sofa] IoU: 56.70
[INFO] ***** Evaluation ***** >>>> Class [19 train] IoU: 89.11
[INFO] ***** Evaluation ***** >>>> Class [20 tv/monitor] IoU: 72.83
[INFO] ***** Evaluation ***** original >>>> MeanIoU: 77.92

[INFO] Pseudo-label epoch summary | epoch=76, generated_epoch=762080178, selected_epoch=572816162, epoch_rate=0.751648, generated_cum=58654350656, selected_cum=41349297315, cum_rate=0.704966
[INFO] ===========> Epoch: 77, LR: 0.00005, Previous best val_mIOU: 78.63
[INFO] Iters: 76384,total_loss: 0.047,loss_x: 0.066,loss_u_s: 0.046,loss_u_m: 0.052,loss_u_fp: 0.007,mask_ratio: 0.750
[INFO] Iters: 76508,total_loss: 0.049,loss_x: 0.060,loss_u_s: 0.067,loss_u_m: 0.068,loss_u_fp: 0.007,mask_ratio: 0.755
[INFO] Iters: 76632,total_loss: 0.045,loss_x: 0.063,loss_u_s: 0.049,loss_u_m: 0.050,loss_u_fp: 0.006,mask_ratio: 0.753
[INFO] Iters: 76756,total_loss: 0.048,loss_x: 0.063,loss_u_s: 0.058,loss_u_m: 0.062,loss_u_fp: 0.006,mask_ratio: 0.750
[INFO] Iters: 76880,total_loss: 0.051,loss_x: 0.065,loss_u_s: 0.068,loss_u_m: 0.067,loss_u_fp: 0.007,mask_ratio: 0.752
[INFO] Iters: 77004,total_loss: 0.047,loss_x: 0.062,loss_u_s: 0.065,loss_u_m: 0.054,loss_u_fp: 0.007,mask_ratio: 0.754
[INFO] Iters: 77128,total_loss: 0.049,loss_x: 0.065,loss_u_s: 0.060,loss_u_m: 0.057,loss_u_fp: 0.006,mask_ratio: 0.763
[INFO] Iters: 77252,total_loss: 0.046,loss_x: 0.062,loss_u_s: 0.057,loss_u_m: 0.054,loss_u_fp: 0.004,mask_ratio: 0.756
[INFO] ***** Evaluation ***** >>>> Class [0 background] IoU: 94.48
[INFO] ***** Evaluation ***** >>>> Class [1 aeroplane] IoU: 92.16
[INFO] ***** Evaluation ***** >>>> Class [2 bicycle] IoU: 44.34
[INFO] ***** Evaluation ***** >>>> Class [3 bird] IoU: 90.47
[INFO] ***** Evaluation ***** >>>> Class [4 boat] IoU: 72.43
[INFO] ***** Evaluation ***** >>>> Class [5 bottle] IoU: 83.77
[INFO] ***** Evaluation ***** >>>> Class [6 bus] IoU: 95.06
[INFO] ***** Evaluation ***** >>>> Class [7 car] IoU: 89.10
[INFO] ***** Evaluation ***** >>>> Class [8 cat] IoU: 92.22
[INFO] ***** Evaluation ***** >>>> Class [9 chair] IoU: 36.37
[INFO] ***** Evaluation ***** >>>> Class [10 cow] IoU: 90.81
[INFO] ***** Evaluation ***** >>>> Class [11 dining table] IoU: 42.36
[INFO] ***** Evaluation ***** >>>> Class [12 dog] IoU: 90.72
[INFO] ***** Evaluation ***** >>>> Class [13 horse] IoU: 88.87
[INFO] ***** Evaluation ***** >>>> Class [14 motorbike] IoU: 87.16
[INFO] ***** Evaluation ***** >>>> Class [15 person] IoU: 87.12
[INFO] ***** Evaluation ***** >>>> Class [16 potted plant] IoU: 60.93
[INFO] ***** Evaluation ***** >>>> Class [17 sheep] IoU: 85.60
[INFO] ***** Evaluation ***** >>>> Class [18 sofa] IoU: 55.97
[INFO] ***** Evaluation ***** >>>> Class [19 train] IoU: 89.72
[INFO] ***** Evaluation ***** >>>> Class [20 tv/monitor] IoU: 72.12
[INFO] ***** Evaluation ***** original >>>> MeanIoU: 78.18

[INFO] Pseudo-label epoch summary | epoch=77, generated_epoch=761875110, selected_epoch=574343583, epoch_rate=0.753855, generated_cum=59416225766, selected_cum=41923640898, cum_rate=0.705592
[INFO] ===========> Epoch: 78, LR: 0.00004, Previous best val_mIOU: 78.63
[INFO] Iters: 77376,total_loss: 0.046,loss_x: 0.062,loss_u_s: 0.050,loss_u_m: 0.060,loss_u_fp: 0.005,mask_ratio: 0.751
[INFO] Iters: 77500,total_loss: 0.047,loss_x: 0.062,loss_u_s: 0.053,loss_u_m: 0.059,loss_u_fp: 0.006,mask_ratio: 0.757
[INFO] Iters: 77624,total_loss: 0.047,loss_x: 0.064,loss_u_s: 0.056,loss_u_m: 0.058,loss_u_fp: 0.005,mask_ratio: 0.758
[INFO] Iters: 77748,total_loss: 0.047,loss_x: 0.061,loss_u_s: 0.057,loss_u_m: 0.061,loss_u_fp: 0.007,mask_ratio: 0.749
[INFO] Iters: 77872,total_loss: 0.047,loss_x: 0.066,loss_u_s: 0.053,loss_u_m: 0.051,loss_u_fp: 0.006,mask_ratio: 0.753
[INFO] Iters: 77996,total_loss: 0.048,loss_x: 0.060,loss_u_s: 0.058,loss_u_m: 0.071,loss_u_fp: 0.007,mask_ratio: 0.751
[INFO] Iters: 78120,total_loss: 0.046,loss_x: 0.060,loss_u_s: 0.057,loss_u_m: 0.059,loss_u_fp: 0.006,mask_ratio: 0.757
[INFO] Iters: 78244,total_loss: 0.049,loss_x: 0.066,loss_u_s: 0.062,loss_u_m: 0.058,loss_u_fp: 0.006,mask_ratio: 0.756
[INFO] ***** Evaluation ***** >>>> Class [0 background] IoU: 94.49
[INFO] ***** Evaluation ***** >>>> Class [1 aeroplane] IoU: 92.30
[INFO] ***** Evaluation ***** >>>> Class [2 bicycle] IoU: 44.94
[INFO] ***** Evaluation ***** >>>> Class [3 bird] IoU: 90.70
[INFO] ***** Evaluation ***** >>>> Class [4 boat] IoU: 73.24
[INFO] ***** Evaluation ***** >>>> Class [5 bottle] IoU: 83.34
[INFO] ***** Evaluation ***** >>>> Class [6 bus] IoU: 95.12
[INFO] ***** Evaluation ***** >>>> Class [7 car] IoU: 88.59
[INFO] ***** Evaluation ***** >>>> Class [8 cat] IoU: 92.13
[INFO] ***** Evaluation ***** >>>> Class [9 chair] IoU: 36.75
[INFO] ***** Evaluation ***** >>>> Class [10 cow] IoU: 90.44
[INFO] ***** Evaluation ***** >>>> Class [11 dining table] IoU: 45.11
[INFO] ***** Evaluation ***** >>>> Class [12 dog] IoU: 90.32
[INFO] ***** Evaluation ***** >>>> Class [13 horse] IoU: 88.80
[INFO] ***** Evaluation ***** >>>> Class [14 motorbike] IoU: 86.99
[INFO] ***** Evaluation ***** >>>> Class [15 person] IoU: 87.12
[INFO] ***** Evaluation ***** >>>> Class [16 potted plant] IoU: 60.35
[INFO] ***** Evaluation ***** >>>> Class [17 sheep] IoU: 85.52
[INFO] ***** Evaluation ***** >>>> Class [18 sofa] IoU: 54.55
[INFO] ***** Evaluation ***** >>>> Class [19 train] IoU: 89.20
[INFO] ***** Evaluation ***** >>>> Class [20 tv/monitor] IoU: 72.35
[INFO] ***** Evaluation ***** original >>>> MeanIoU: 78.21

[INFO] Pseudo-label epoch summary | epoch=78, generated_epoch=762685151, selected_epoch=575577334, epoch_rate=0.754672, generated_cum=60178910917, selected_cum=42499218232, cum_rate=0.706214
[INFO] ===========> Epoch: 79, LR: 0.00002, Previous best val_mIOU: 78.63
[INFO] Iters: 78368,total_loss: 0.044,loss_x: 0.059,loss_u_s: 0.055,loss_u_m: 0.051,loss_u_fp: 0.005,mask_ratio: 0.758
[INFO] Iters: 78492,total_loss: 0.043,loss_x: 0.061,loss_u_s: 0.046,loss_u_m: 0.046,loss_u_fp: 0.005,mask_ratio: 0.763
[INFO] Iters: 78616,total_loss: 0.047,loss_x: 0.062,loss_u_s: 0.060,loss_u_m: 0.054,loss_u_fp: 0.006,mask_ratio: 0.754
[INFO] Iters: 78740,total_loss: 0.047,loss_x: 0.064,loss_u_s: 0.055,loss_u_m: 0.049,loss_u_fp: 0.007,mask_ratio: 0.753
[INFO] Iters: 78864,total_loss: 0.046,loss_x: 0.060,loss_u_s: 0.063,loss_u_m: 0.053,loss_u_fp: 0.006,mask_ratio: 0.753
[INFO] Iters: 78988,total_loss: 0.048,loss_x: 0.061,loss_u_s: 0.061,loss_u_m: 0.065,loss_u_fp: 0.006,mask_ratio: 0.750
[INFO] Iters: 79112,total_loss: 0.047,loss_x: 0.062,loss_u_s: 0.056,loss_u_m: 0.061,loss_u_fp: 0.006,mask_ratio: 0.751
[INFO] Iters: 79236,total_loss: 0.045,loss_x: 0.061,loss_u_s: 0.056,loss_u_m: 0.051,loss_u_fp: 0.006,mask_ratio: 0.757
[INFO] ***** Evaluation ***** >>>> Class [0 background] IoU: 94.48
[INFO] ***** Evaluation ***** >>>> Class [1 aeroplane] IoU: 92.01
[INFO] ***** Evaluation ***** >>>> Class [2 bicycle] IoU: 44.86
[INFO] ***** Evaluation ***** >>>> Class [3 bird] IoU: 90.75
[INFO] ***** Evaluation ***** >>>> Class [4 boat] IoU: 72.82
[INFO] ***** Evaluation ***** >>>> Class [5 bottle] IoU: 83.00
[INFO] ***** Evaluation ***** >>>> Class [6 bus] IoU: 95.38
[INFO] ***** Evaluation ***** >>>> Class [7 car] IoU: 88.78
[INFO] ***** Evaluation ***** >>>> Class [8 cat] IoU: 92.09
[INFO] ***** Evaluation ***** >>>> Class [9 chair] IoU: 36.82
[INFO] ***** Evaluation ***** >>>> Class [10 cow] IoU: 87.24
[INFO] ***** Evaluation ***** >>>> Class [11 dining table] IoU: 42.61
[INFO] ***** Evaluation ***** >>>> Class [12 dog] IoU: 88.50
[INFO] ***** Evaluation ***** >>>> Class [13 horse] IoU: 87.85
[INFO] ***** Evaluation ***** >>>> Class [14 motorbike] IoU: 87.28
[INFO] ***** Evaluation ***** >>>> Class [15 person] IoU: 86.97
[INFO] ***** Evaluation ***** >>>> Class [16 potted plant] IoU: 61.09
[INFO] ***** Evaluation ***** >>>> Class [17 sheep] IoU: 85.41
[INFO] ***** Evaluation ***** >>>> Class [18 sofa] IoU: 54.98
[INFO] ***** Evaluation ***** >>>> Class [19 train] IoU: 89.36
[INFO] ***** Evaluation ***** >>>> Class [20 tv/monitor] IoU: 72.67
[INFO] ***** Evaluation ***** original >>>> MeanIoU: 77.85

[INFO] Pseudo-label epoch summary | epoch=79, generated_epoch=761988465, selected_epoch=575329494, epoch_rate=0.755037, generated_cum=60940899382, selected_cum=43074547726, cum_rate=0.706825
[INFO] ===== Pseudo Label Training Summary =====
[INFO] Generated pseudo labels (total): 60940899382
[INFO] Selected pseudo labels (total): 43074547726
[INFO] Pseudo-label selection rate: 0.706825
[INFO] Pseudo-label accuracy on val: 0.951110
[INFO] Pseudo-label metrics summary saved to: exp/pascal/CSL/r101/1_4/pseudo_label_metrics_summary.json
[INFO] Total params: 59.5M

[INFO] ===========> Epoch: 79, LR: 0.00002, Previous best val_mIOU: 0.00
[INFO] Iters: 78368,total_loss: 0.042,loss_x: 0.051,loss_u_s: 0.083,loss_u_m: 0.031,loss_u_fp: 0.007,mask_ratio: 0.848
[INFO] Total params: 59.5M

[INFO] ===========> Epoch: 0, LR: 0.00100, Previous best val_mIOU: 0.00
[INFO] Iters: 0,total_loss: 1.576,loss_x: 3.151,loss_u_s: 0.000,loss_u_m: 0.000,loss_u_fp: 0.000,mask_ratio: 0.000
[INFO] Iters: 124,total_loss: 0.567,loss_x: 1.106,loss_u_s: 0.028,loss_u_m: 0.028,loss_u_fp: 0.026,mask_ratio: 0.248
[INFO] Iters: 248,total_loss: 0.347,loss_x: 0.658,loss_u_s: 0.048,loss_u_m: 0.055,loss_u_fp: 0.018,mask_ratio: 0.404
[INFO] Iters: 372,total_loss: 0.323,loss_x: 0.610,loss_u_s: 0.057,loss_u_m: 0.055,loss_u_fp: 0.015,mask_ratio: 0.441
[INFO] Iters: 496,total_loss: 0.277,loss_x: 0.519,loss_u_s: 0.054,loss_u_m: 0.060,loss_u_fp: 0.014,mask_ratio: 0.479
[INFO] Iters: 620,total_loss: 0.276,loss_x: 0.515,loss_u_s: 0.066,loss_u_m: 0.053,loss_u_fp: 0.013,mask_ratio: 0.498
[INFO] Iters: 744,total_loss: 0.260,loss_x: 0.485,loss_u_s: 0.060,loss_u_m: 0.058,loss_u_fp: 0.012,mask_ratio: 0.481
[INFO] Iters: 868,total_loss: 0.265,loss_x: 0.494,loss_u_s: 0.058,loss_u_m: 0.064,loss_u_fp: 0.012,mask_ratio: 0.505
[INFO] ***** Evaluation ***** >>>> Class [0 background] IoU: 90.80
[INFO] ***** Evaluation ***** >>>> Class [1 aeroplane] IoU: 78.85
[INFO] ***** Evaluation ***** >>>> Class [2 bicycle] IoU: 35.81
[INFO] ***** Evaluation ***** >>>> Class [3 bird] IoU: 79.89
[INFO] ***** Evaluation ***** >>>> Class [4 boat] IoU: 58.25
[INFO] ***** Evaluation ***** >>>> Class [5 bottle] IoU: 69.07
[INFO] ***** Evaluation ***** >>>> Class [6 bus] IoU: 85.90
[INFO] ***** Evaluation ***** >>>> Class [7 car] IoU: 78.36
[INFO] ***** Evaluation ***** >>>> Class [8 cat] IoU: 84.79
[INFO] ***** Evaluation ***** >>>> Class [9 chair] IoU: 29.77
[INFO] ***** Evaluation ***** >>>> Class [10 cow] IoU: 58.19
[INFO] ***** Evaluation ***** >>>> Class [11 dining table] IoU: 56.73
[INFO] ***** Evaluation ***** >>>> Class [12 dog] IoU: 76.58
[INFO] ***** Evaluation ***** >>>> Class [13 horse] IoU: 73.99
[INFO] ***** Evaluation ***** >>>> Class [14 motorbike] IoU: 67.28
[INFO] ***** Evaluation ***** >>>> Class [15 person] IoU: 70.88
[INFO] ***** Evaluation ***** >>>> Class [16 potted plant] IoU: 47.10
[INFO] ***** Evaluation ***** >>>> Class [17 sheep] IoU: 73.23
[INFO] ***** Evaluation ***** >>>> Class [18 sofa] IoU: 39.35
[INFO] ***** Evaluation ***** >>>> Class [19 train] IoU: 76.44
[INFO] ***** Evaluation ***** >>>> Class [20 tv/monitor] IoU: 67.63
[INFO] ***** Evaluation ***** original >>>> MeanIoU: 66.61

[INFO] Pseudo-label epoch summary | epoch=0, generated_epoch=759934856, selected_epoch=338328558, epoch_rate=0.445207, generated_cum=759934856, selected_cum=338328558, cum_rate=0.445207
[INFO] ===========> Epoch: 1, LR: 0.00099, Previous best val_mIOU: 66.61
[INFO] Iters: 992,total_loss: 0.232,loss_x: 0.430,loss_u_s: 0.056,loss_u_m: 0.057,loss_u_fp: 0.012,mask_ratio: 0.512
[INFO] Iters: 1116,total_loss: 0.233,loss_x: 0.428,loss_u_s: 0.057,loss_u_m: 0.072,loss_u_fp: 0.013,mask_ratio: 0.523
[INFO] Iters: 1240,total_loss: 0.230,loss_x: 0.422,loss_u_s: 0.067,loss_u_m: 0.061,loss_u_fp: 0.010,mask_ratio: 0.521
[INFO] Iters: 1364,total_loss: 0.219,loss_x: 0.394,loss_u_s: 0.070,loss_u_m: 0.080,loss_u_fp: 0.013,mask_ratio: 0.563
[INFO] Iters: 1488,total_loss: 0.212,loss_x: 0.382,loss_u_s: 0.077,loss_u_m: 0.062,loss_u_fp: 0.013,mask_ratio: 0.575
[INFO] Iters: 1612,total_loss: 0.209,loss_x: 0.377,loss_u_s: 0.071,loss_u_m: 0.075,loss_u_fp: 0.011,mask_ratio: 0.575
[INFO] Iters: 1736,total_loss: 0.198,loss_x: 0.353,loss_u_s: 0.076,loss_u_m: 0.075,loss_u_fp: 0.012,mask_ratio: 0.581
[INFO] Iters: 1860,total_loss: 0.189,loss_x: 0.333,loss_u_s: 0.075,loss_u_m: 0.073,loss_u_fp: 0.014,mask_ratio: 0.593
[INFO] ***** Evaluation ***** >>>> Class [0 background] IoU: 91.79
[INFO] ***** Evaluation ***** >>>> Class [1 aeroplane] IoU: 84.18
[INFO] ***** Evaluation ***** >>>> Class [2 bicycle] IoU: 40.17
[INFO] ***** Evaluation ***** >>>> Class [3 bird] IoU: 79.93
[INFO] ***** Evaluation ***** >>>> Class [4 boat] IoU: 64.08
[INFO] ***** Evaluation ***** >>>> Class [5 bottle] IoU: 61.52
[INFO] ***** Evaluation ***** >>>> Class [6 bus] IoU: 78.35
[INFO] ***** Evaluation ***** >>>> Class [7 car] IoU: 81.40
[INFO] ***** Evaluation ***** >>>> Class [8 cat] IoU: 87.08
[INFO] ***** Evaluation ***** >>>> Class [9 chair] IoU: 25.69
[INFO] ***** Evaluation ***** >>>> Class [10 cow] IoU: 77.34
[INFO] ***** Evaluation ***** >>>> Class [11 dining table] IoU: 56.85
[INFO] ***** Evaluation ***** >>>> Class [12 dog] IoU: 82.25
[INFO] ***** Evaluation ***** >>>> Class [13 horse] IoU: 78.37
[INFO] ***** Evaluation ***** >>>> Class [14 motorbike] IoU: 76.61
[INFO] ***** Evaluation ***** >>>> Class [15 person] IoU: 79.34
[INFO] ***** Evaluation ***** >>>> Class [16 potted plant] IoU: 41.50
[INFO] ***** Evaluation ***** >>>> Class [17 sheep] IoU: 81.96
[INFO] ***** Evaluation ***** >>>> Class [18 sofa] IoU: 44.95
[INFO] ***** Evaluation ***** >>>> Class [19 train] IoU: 66.54
[INFO] ***** Evaluation ***** >>>> Class [20 tv/monitor] IoU: 65.72
[INFO] ***** Evaluation ***** original >>>> MeanIoU: 68.84

[INFO] Pseudo-label epoch summary | epoch=1, generated_epoch=760939930, selected_epoch=428910797, epoch_rate=0.563659, generated_cum=1520874786, selected_cum=767239355, cum_rate=0.504472
[INFO] ===========> Epoch: 2, LR: 0.00098, Previous best val_mIOU: 68.84
[INFO] Iters: 1984,total_loss: 0.178,loss_x: 0.318,loss_u_s: 0.064,loss_u_m: 0.067,loss_u_fp: 0.012,mask_ratio: 0.584
[INFO] Iters: 2108,total_loss: 0.172,loss_x: 0.304,loss_u_s: 0.068,loss_u_m: 0.071,loss_u_fp: 0.012,mask_ratio: 0.622
[INFO] Iters: 2232,total_loss: 0.183,loss_x: 0.323,loss_u_s: 0.075,loss_u_m: 0.073,loss_u_fp: 0.012,mask_ratio: 0.598
[INFO] Iters: 2356,total_loss: 0.181,loss_x: 0.314,loss_u_s: 0.087,loss_u_m: 0.085,loss_u_fp: 0.011,mask_ratio: 0.618
[INFO] Iters: 2480,total_loss: 0.162,loss_x: 0.283,loss_u_s: 0.078,loss_u_m: 0.068,loss_u_fp: 0.011,mask_ratio: 0.615
[INFO] Iters: 2604,total_loss: 0.171,loss_x: 0.293,loss_u_s: 0.084,loss_u_m: 0.086,loss_u_fp: 0.012,mask_ratio: 0.609
[INFO] Iters: 2728,total_loss: 0.171,loss_x: 0.302,loss_u_s: 0.065,loss_u_m: 0.074,loss_u_fp: 0.010,mask_ratio: 0.614
[INFO] Iters: 2852,total_loss: 0.169,loss_x: 0.291,loss_u_s: 0.084,loss_u_m: 0.078,loss_u_fp: 0.012,mask_ratio: 0.633
[INFO] ***** Evaluation ***** >>>> Class [0 background] IoU: 91.65
[INFO] ***** Evaluation ***** >>>> Class [1 aeroplane] IoU: 84.37
[INFO] ***** Evaluation ***** >>>> Class [2 bicycle] IoU: 39.18
[INFO] ***** Evaluation ***** >>>> Class [3 bird] IoU: 85.26
[INFO] ***** Evaluation ***** >>>> Class [4 boat] IoU: 64.02
[INFO] ***** Evaluation ***** >>>> Class [5 bottle] IoU: 76.22
[INFO] ***** Evaluation ***** >>>> Class [6 bus] IoU: 84.02
[INFO] ***** Evaluation ***** >>>> Class [7 car] IoU: 76.66
[INFO] ***** Evaluation ***** >>>> Class [8 cat] IoU: 87.18
[INFO] ***** Evaluation ***** >>>> Class [9 chair] IoU: 24.49
[INFO] ***** Evaluation ***** >>>> Class [10 cow] IoU: 73.95
[INFO] ***** Evaluation ***** >>>> Class [11 dining table] IoU: 25.18
[INFO] ***** Evaluation ***** >>>> Class [12 dog] IoU: 83.06
[INFO] ***** Evaluation ***** >>>> Class [13 horse] IoU: 75.62
[INFO] ***** Evaluation ***** >>>> Class [14 motorbike] IoU: 68.51
[INFO] ***** Evaluation ***** >>>> Class [15 person] IoU: 81.17
[INFO] ***** Evaluation ***** >>>> Class [16 potted plant] IoU: 47.15
[INFO] ***** Evaluation ***** >>>> Class [17 sheep] IoU: 76.42
[INFO] ***** Evaluation ***** >>>> Class [18 sofa] IoU: 49.38
[INFO] ***** Evaluation ***** >>>> Class [19 train] IoU: 76.76
[INFO] ***** Evaluation ***** >>>> Class [20 tv/monitor] IoU: 62.11
[INFO] ***** Evaluation ***** original >>>> MeanIoU: 68.21

[INFO] Pseudo-label epoch summary | epoch=2, generated_epoch=762250658, selected_epoch=469290449, epoch_rate=0.615664, generated_cum=2283125444, selected_cum=1236529804, cum_rate=0.541595
[INFO] ===========> Epoch: 3, LR: 0.00097, Previous best val_mIOU: 68.84
[INFO] Iters: 2976,total_loss: 0.158,loss_x: 0.269,loss_u_s: 0.085,loss_u_m: 0.085,loss_u_fp: 0.011,mask_ratio: 0.624
[INFO] Iters: 3100,total_loss: 0.157,loss_x: 0.268,loss_u_s: 0.084,loss_u_m: 0.078,loss_u_fp: 0.011,mask_ratio: 0.633
[INFO] Iters: 3224,total_loss: 0.152,loss_x: 0.262,loss_u_s: 0.074,loss_u_m: 0.073,loss_u_fp: 0.012,mask_ratio: 0.639
[INFO] Iters: 3348,total_loss: 0.154,loss_x: 0.265,loss_u_s: 0.078,loss_u_m: 0.076,loss_u_fp: 0.009,mask_ratio: 0.653
[INFO] Iters: 3472,total_loss: 0.147,loss_x: 0.252,loss_u_s: 0.069,loss_u_m: 0.079,loss_u_fp: 0.010,mask_ratio: 0.661
[INFO] Iters: 3596,total_loss: 0.161,loss_x: 0.277,loss_u_s: 0.077,loss_u_m: 0.082,loss_u_fp: 0.009,mask_ratio: 0.633
[INFO] Iters: 3720,total_loss: 0.146,loss_x: 0.241,loss_u_s: 0.088,loss_u_m: 0.090,loss_u_fp: 0.010,mask_ratio: 0.651
[INFO] Iters: 3844,total_loss: 0.160,loss_x: 0.276,loss_u_s: 0.077,loss_u_m: 0.075,loss_u_fp: 0.010,mask_ratio: 0.657
[INFO] ***** Evaluation ***** >>>> Class [0 background] IoU: 92.63
[INFO] ***** Evaluation ***** >>>> Class [1 aeroplane] IoU: 83.12
[INFO] ***** Evaluation ***** >>>> Class [2 bicycle] IoU: 40.78
[INFO] ***** Evaluation ***** >>>> Class [3 bird] IoU: 85.03
[INFO] ***** Evaluation ***** >>>> Class [4 boat] IoU: 63.57
[INFO] ***** Evaluation ***** >>>> Class [5 bottle] IoU: 75.57
[INFO] ***** Evaluation ***** >>>> Class [6 bus] IoU: 84.52
[INFO] ***** Evaluation ***** >>>> Class [7 car] IoU: 84.07
[INFO] ***** Evaluation ***** >>>> Class [8 cat] IoU: 89.22
[INFO] ***** Evaluation ***** >>>> Class [9 chair] IoU: 28.74
[INFO] ***** Evaluation ***** >>>> Class [10 cow] IoU: 54.85
[INFO] ***** Evaluation ***** >>>> Class [11 dining table] IoU: 57.76
[INFO] ***** Evaluation ***** >>>> Class [12 dog] IoU: 81.20
[INFO] ***** Evaluation ***** >>>> Class [13 horse] IoU: 61.17
[INFO] ***** Evaluation ***** >>>> Class [14 motorbike] IoU: 81.19
[INFO] ***** Evaluation ***** >>>> Class [15 person] IoU: 80.87
[INFO] ***** Evaluation ***** >>>> Class [16 potted plant] IoU: 45.77
[INFO] ***** Evaluation ***** >>>> Class [17 sheep] IoU: 77.13
[INFO] ***** Evaluation ***** >>>> Class [18 sofa] IoU: 50.40
[INFO] ***** Evaluation ***** >>>> Class [19 train] IoU: 81.24
[INFO] ***** Evaluation ***** >>>> Class [20 tv/monitor] IoU: 52.90
[INFO] ***** Evaluation ***** original >>>> MeanIoU: 69.13

[INFO] Pseudo-label epoch summary | epoch=3, generated_epoch=762768041, selected_epoch=492925306, epoch_rate=0.646232, generated_cum=3045893485, selected_cum=1729455110, cum_rate=0.567799
[INFO] ===========> Epoch: 4, LR: 0.00095, Previous best val_mIOU: 69.13
[INFO] Iters: 3968,total_loss: 0.150,loss_x: 0.258,loss_u_s: 0.072,loss_u_m: 0.075,loss_u_fp: 0.010,mask_ratio: 0.645
[INFO] Iters: 4092,total_loss: 0.135,loss_x: 0.228,loss_u_s: 0.074,loss_u_m: 0.075,loss_u_fp: 0.009,mask_ratio: 0.678
[INFO] Iters: 4216,total_loss: 0.159,loss_x: 0.273,loss_u_s: 0.081,loss_u_m: 0.077,loss_u_fp: 0.011,mask_ratio: 0.661
[INFO] Iters: 4340,total_loss: 0.142,loss_x: 0.238,loss_u_s: 0.079,loss_u_m: 0.080,loss_u_fp: 0.011,mask_ratio: 0.666
[INFO] Iters: 4464,total_loss: 0.151,loss_x: 0.257,loss_u_s: 0.079,loss_u_m: 0.080,loss_u_fp: 0.011,mask_ratio: 0.663
[INFO] Iters: 4588,total_loss: 0.141,loss_x: 0.230,loss_u_s: 0.091,loss_u_m: 0.097,loss_u_fp: 0.010,mask_ratio: 0.665
[INFO] Iters: 4712,total_loss: 0.142,loss_x: 0.237,loss_u_s: 0.092,loss_u_m: 0.073,loss_u_fp: 0.012,mask_ratio: 0.653
[INFO] Iters: 4836,total_loss: 0.144,loss_x: 0.243,loss_u_s: 0.077,loss_u_m: 0.077,loss_u_fp: 0.012,mask_ratio: 0.674
[INFO] ***** Evaluation ***** >>>> Class [0 background] IoU: 92.57
[INFO] ***** Evaluation ***** >>>> Class [1 aeroplane] IoU: 86.63
[INFO] ***** Evaluation ***** >>>> Class [2 bicycle] IoU: 37.94
[INFO] ***** Evaluation ***** >>>> Class [3 bird] IoU: 86.81
[INFO] ***** Evaluation ***** >>>> Class [4 boat] IoU: 66.37
[INFO] ***** Evaluation ***** >>>> Class [5 bottle] IoU: 71.36
[INFO] ***** Evaluation ***** >>>> Class [6 bus] IoU: 85.61
[INFO] ***** Evaluation ***** >>>> Class [7 car] IoU: 83.11
[INFO] ***** Evaluation ***** >>>> Class [8 cat] IoU: 89.04
[INFO] ***** Evaluation ***** >>>> Class [9 chair] IoU: 31.53
[INFO] ***** Evaluation ***** >>>> Class [10 cow] IoU: 78.50
[INFO] ***** Evaluation ***** >>>> Class [11 dining table] IoU: 38.50
[INFO] ***** Evaluation ***** >>>> Class [12 dog] IoU: 83.05
[INFO] ***** Evaluation ***** >>>> Class [13 horse] IoU: 81.82
[INFO] ***** Evaluation ***** >>>> Class [14 motorbike] IoU: 76.72
[INFO] ***** Evaluation ***** >>>> Class [15 person] IoU: 80.58
[INFO] ***** Evaluation ***** >>>> Class [16 potted plant] IoU: 47.14
[INFO] ***** Evaluation ***** >>>> Class [17 sheep] IoU: 78.94
[INFO] ***** Evaluation ***** >>>> Class [18 sofa] IoU: 49.96
[INFO] ***** Evaluation ***** >>>> Class [19 train] IoU: 78.94
[INFO] ***** Evaluation ***** >>>> Class [20 tv/monitor] IoU: 63.31
[INFO] ***** Evaluation ***** original >>>> MeanIoU: 70.88

[INFO] Pseudo-label epoch summary | epoch=4, generated_epoch=762113213, selected_epoch=505054610, epoch_rate=0.662703, generated_cum=3808006698, selected_cum=2234509720, cum_rate=0.586792
[INFO] ===========> Epoch: 5, LR: 0.00094, Previous best val_mIOU: 70.88
[INFO] Iters: 4960,total_loss: 0.162,loss_x: 0.278,loss_u_s: 0.076,loss_u_m: 0.091,loss_u_fp: 0.010,mask_ratio: 0.643
[INFO] Iters: 5084,total_loss: 0.131,loss_x: 0.217,loss_u_s: 0.081,loss_u_m: 0.081,loss_u_fp: 0.010,mask_ratio: 0.683
[INFO] Iters: 5208,total_loss: 0.143,loss_x: 0.240,loss_u_s: 0.084,loss_u_m: 0.078,loss_u_fp: 0.011,mask_ratio: 0.662
[INFO] Iters: 5332,total_loss: 0.131,loss_x: 0.220,loss_u_s: 0.077,loss_u_m: 0.070,loss_u_fp: 0.011,mask_ratio: 0.676
[INFO] Iters: 5456,total_loss: 0.130,loss_x: 0.216,loss_u_s: 0.074,loss_u_m: 0.086,loss_u_fp: 0.009,mask_ratio: 0.675
[INFO] Iters: 5580,total_loss: 0.123,loss_x: 0.202,loss_u_s: 0.072,loss_u_m: 0.085,loss_u_fp: 0.010,mask_ratio: 0.687
[INFO] Iters: 5704,total_loss: 0.137,loss_x: 0.228,loss_u_s: 0.083,loss_u_m: 0.084,loss_u_fp: 0.011,mask_ratio: 0.678
[INFO] Iters: 5828,total_loss: 0.126,loss_x: 0.208,loss_u_s: 0.077,loss_u_m: 0.080,loss_u_fp: 0.009,mask_ratio: 0.701
[INFO] ***** Evaluation ***** >>>> Class [0 background] IoU: 92.77
[INFO] ***** Evaluation ***** >>>> Class [1 aeroplane] IoU: 84.66
[INFO] ***** Evaluation ***** >>>> Class [2 bicycle] IoU: 39.65
[INFO] ***** Evaluation ***** >>>> Class [3 bird] IoU: 88.80
[INFO] ***** Evaluation ***** >>>> Class [4 boat] IoU: 66.09
[INFO] ***** Evaluation ***** >>>> Class [5 bottle] IoU: 75.90
[INFO] ***** Evaluation ***** >>>> Class [6 bus] IoU: 92.36
[INFO] ***** Evaluation ***** >>>> Class [7 car] IoU: 84.16
[INFO] ***** Evaluation ***** >>>> Class [8 cat] IoU: 89.82
[INFO] ***** Evaluation ***** >>>> Class [9 chair] IoU: 26.31
[INFO] ***** Evaluation ***** >>>> Class [10 cow] IoU: 67.87
[INFO] ***** Evaluation ***** >>>> Class [11 dining table] IoU: 42.78
[INFO] ***** Evaluation ***** >>>> Class [12 dog] IoU: 85.24
[INFO] ***** Evaluation ***** >>>> Class [13 horse] IoU: 69.89
[INFO] ***** Evaluation ***** >>>> Class [14 motorbike] IoU: 81.13
[INFO] ***** Evaluation ***** >>>> Class [15 person] IoU: 82.91
[INFO] ***** Evaluation ***** >>>> Class [16 potted plant] IoU: 54.28
[INFO] ***** Evaluation ***** >>>> Class [17 sheep] IoU: 83.77
[INFO] ***** Evaluation ***** >>>> Class [18 sofa] IoU: 40.49
[INFO] ***** Evaluation ***** >>>> Class [19 train] IoU: 85.09
[INFO] ***** Evaluation ***** >>>> Class [20 tv/monitor] IoU: 70.08
[INFO] ***** Evaluation ***** original >>>> MeanIoU: 71.62

[INFO] Pseudo-label epoch summary | epoch=5, generated_epoch=763604459, selected_epoch=519419117, epoch_rate=0.680220, generated_cum=4571611157, selected_cum=2753928837, cum_rate=0.602398
[INFO] ===========> Epoch: 6, LR: 0.00093, Previous best val_mIOU: 71.62
[INFO] Iters: 5952,total_loss: 0.124,loss_x: 0.210,loss_u_s: 0.068,loss_u_m: 0.072,loss_u_fp: 0.009,mask_ratio: 0.685
[INFO] Iters: 6076,total_loss: 0.125,loss_x: 0.205,loss_u_s: 0.075,loss_u_m: 0.085,loss_u_fp: 0.010,mask_ratio: 0.703
[INFO] Iters: 6200,total_loss: 0.131,loss_x: 0.214,loss_u_s: 0.087,loss_u_m: 0.088,loss_u_fp: 0.010,mask_ratio: 0.693
[INFO] Iters: 6324,total_loss: 0.122,loss_x: 0.193,loss_u_s: 0.096,loss_u_m: 0.087,loss_u_fp: 0.009,mask_ratio: 0.698
[INFO] Iters: 6448,total_loss: 0.116,loss_x: 0.188,loss_u_s: 0.078,loss_u_m: 0.081,loss_u_fp: 0.008,mask_ratio: 0.700
[INFO] Iters: 6572,total_loss: 0.128,loss_x: 0.205,loss_u_s: 0.095,loss_u_m: 0.092,loss_u_fp: 0.010,mask_ratio: 0.712
[INFO] Iters: 6696,total_loss: 0.119,loss_x: 0.189,loss_u_s: 0.081,loss_u_m: 0.094,loss_u_fp: 0.012,mask_ratio: 0.710
[INFO] Iters: 6820,total_loss: 0.126,loss_x: 0.205,loss_u_s: 0.083,loss_u_m: 0.088,loss_u_fp: 0.010,mask_ratio: 0.679
[INFO] ***** Evaluation ***** >>>> Class [0 background] IoU: 92.84
[INFO] ***** Evaluation ***** >>>> Class [1 aeroplane] IoU: 88.97
[INFO] ***** Evaluation ***** >>>> Class [2 bicycle] IoU: 41.15
[INFO] ***** Evaluation ***** >>>> Class [3 bird] IoU: 84.91
[INFO] ***** Evaluation ***** >>>> Class [4 boat] IoU: 67.98
[INFO] ***** Evaluation ***** >>>> Class [5 bottle] IoU: 76.84
[INFO] ***** Evaluation ***** >>>> Class [6 bus] IoU: 90.79
[INFO] ***** Evaluation ***** >>>> Class [7 car] IoU: 83.83
[INFO] ***** Evaluation ***** >>>> Class [8 cat] IoU: 88.13
[INFO] ***** Evaluation ***** >>>> Class [9 chair] IoU: 30.53
[INFO] ***** Evaluation ***** >>>> Class [10 cow] IoU: 83.69
[INFO] ***** Evaluation ***** >>>> Class [11 dining table] IoU: 42.12
[INFO] ***** Evaluation ***** >>>> Class [12 dog] IoU: 82.59
[INFO] ***** Evaluation ***** >>>> Class [13 horse] IoU: 80.27
[INFO] ***** Evaluation ***** >>>> Class [14 motorbike] IoU: 76.84
[INFO] ***** Evaluation ***** >>>> Class [15 person] IoU: 82.46
[INFO] ***** Evaluation ***** >>>> Class [16 potted plant] IoU: 35.96
[INFO] ***** Evaluation ***** >>>> Class [17 sheep] IoU: 83.95
[INFO] ***** Evaluation ***** >>>> Class [18 sofa] IoU: 43.74
[INFO] ***** Evaluation ***** >>>> Class [19 train] IoU: 83.18
[INFO] ***** Evaluation ***** >>>> Class [20 tv/monitor] IoU: 68.84
[INFO] ***** Evaluation ***** original >>>> MeanIoU: 71.89

[INFO] Pseudo-label epoch summary | epoch=6, generated_epoch=761091947, selected_epoch=531742084, epoch_rate=0.698657, generated_cum=5332703104, selected_cum=3285670921, cum_rate=0.616136
[INFO] ===========> Epoch: 7, LR: 0.00092, Previous best val_mIOU: 71.89
[INFO] Iters: 6944,total_loss: 0.121,loss_x: 0.197,loss_u_s: 0.086,loss_u_m: 0.074,loss_u_fp: 0.009,mask_ratio: 0.696
[INFO] Iters: 7068,total_loss: 0.109,loss_x: 0.170,loss_u_s: 0.082,loss_u_m: 0.087,loss_u_fp: 0.010,mask_ratio: 0.708
[INFO] Iters: 7192,total_loss: 0.115,loss_x: 0.184,loss_u_s: 0.079,loss_u_m: 0.086,loss_u_fp: 0.008,mask_ratio: 0.719
[INFO] Iters: 7316,total_loss: 0.115,loss_x: 0.185,loss_u_s: 0.078,loss_u_m: 0.085,loss_u_fp: 0.009,mask_ratio: 0.719
[INFO] Iters: 7440,total_loss: 0.118,loss_x: 0.193,loss_u_s: 0.084,loss_u_m: 0.070,loss_u_fp: 0.009,mask_ratio: 0.697
[INFO] Iters: 7564,total_loss: 0.115,loss_x: 0.183,loss_u_s: 0.091,loss_u_m: 0.077,loss_u_fp: 0.010,mask_ratio: 0.707
[INFO] Iters: 7688,total_loss: 0.114,loss_x: 0.183,loss_u_s: 0.082,loss_u_m: 0.077,loss_u_fp: 0.009,mask_ratio: 0.714
[INFO] Iters: 7812,total_loss: 0.126,loss_x: 0.208,loss_u_s: 0.085,loss_u_m: 0.076,loss_u_fp: 0.008,mask_ratio: 0.703
[INFO] ***** Evaluation ***** >>>> Class [0 background] IoU: 92.82
[INFO] ***** Evaluation ***** >>>> Class [1 aeroplane] IoU: 85.57
[INFO] ***** Evaluation ***** >>>> Class [2 bicycle] IoU: 42.44
[INFO] ***** Evaluation ***** >>>> Class [3 bird] IoU: 82.38
[INFO] ***** Evaluation ***** >>>> Class [4 boat] IoU: 63.90
[INFO] ***** Evaluation ***** >>>> Class [5 bottle] IoU: 74.45
[INFO] ***** Evaluation ***** >>>> Class [6 bus] IoU: 91.10
[INFO] ***** Evaluation ***** >>>> Class [7 car] IoU: 86.21
[INFO] ***** Evaluation ***** >>>> Class [8 cat] IoU: 89.63
[INFO] ***** Evaluation ***** >>>> Class [9 chair] IoU: 28.56
[INFO] ***** Evaluation ***** >>>> Class [10 cow] IoU: 67.21
[INFO] ***** Evaluation ***** >>>> Class [11 dining table] IoU: 36.35
[INFO] ***** Evaluation ***** >>>> Class [12 dog] IoU: 85.36
[INFO] ***** Evaluation ***** >>>> Class [13 horse] IoU: 68.53
[INFO] ***** Evaluation ***** >>>> Class [14 motorbike] IoU: 82.16
[INFO] ***** Evaluation ***** >>>> Class [15 person] IoU: 83.69
[INFO] ***** Evaluation ***** >>>> Class [16 potted plant] IoU: 59.83
[INFO] ***** Evaluation ***** >>>> Class [17 sheep] IoU: 83.15
[INFO] ***** Evaluation ***** >>>> Class [18 sofa] IoU: 41.14
[INFO] ***** Evaluation ***** >>>> Class [19 train] IoU: 82.17
[INFO] ***** Evaluation ***** >>>> Class [20 tv/monitor] IoU: 68.52
[INFO] ***** Evaluation ***** original >>>> MeanIoU: 71.20

[INFO] Pseudo-label epoch summary | epoch=7, generated_epoch=763238583, selected_epoch=541077637, epoch_rate=0.708923, generated_cum=6095941687, selected_cum=3826748558, cum_rate=0.627753
[INFO] ===========> Epoch: 8, LR: 0.00091, Previous best val_mIOU: 71.89
[INFO] Iters: 7936,total_loss: 0.125,loss_x: 0.205,loss_u_s: 0.071,loss_u_m: 0.091,loss_u_fp: 0.009,mask_ratio: 0.705
[INFO] Iters: 8060,total_loss: 0.116,loss_x: 0.189,loss_u_s: 0.086,loss_u_m: 0.071,loss_u_fp: 0.009,mask_ratio: 0.704
[INFO] Iters: 8184,total_loss: 0.114,loss_x: 0.182,loss_u_s: 0.087,loss_u_m: 0.079,loss_u_fp: 0.009,mask_ratio: 0.706
[INFO] Iters: 8308,total_loss: 0.114,loss_x: 0.186,loss_u_s: 0.084,loss_u_m: 0.070,loss_u_fp: 0.008,mask_ratio: 0.707
[INFO] Iters: 8432,total_loss: 0.114,loss_x: 0.183,loss_u_s: 0.079,loss_u_m: 0.081,loss_u_fp: 0.009,mask_ratio: 0.725
[INFO] Iters: 8556,total_loss: 0.116,loss_x: 0.181,loss_u_s: 0.087,loss_u_m: 0.101,loss_u_fp: 0.010,mask_ratio: 0.720
[INFO] Iters: 8680,total_loss: 0.121,loss_x: 0.202,loss_u_s: 0.069,loss_u_m: 0.076,loss_u_fp: 0.009,mask_ratio: 0.708
[INFO] Iters: 8804,total_loss: 0.112,loss_x: 0.178,loss_u_s: 0.091,loss_u_m: 0.076,loss_u_fp: 0.009,mask_ratio: 0.710
[INFO] ***** Evaluation ***** >>>> Class [0 background] IoU: 93.21
[INFO] ***** Evaluation ***** >>>> Class [1 aeroplane] IoU: 85.49
[INFO] ***** Evaluation ***** >>>> Class [2 bicycle] IoU: 41.44
[INFO] ***** Evaluation ***** >>>> Class [3 bird] IoU: 88.35
[INFO] ***** Evaluation ***** >>>> Class [4 boat] IoU: 68.04
[INFO] ***** Evaluation ***** >>>> Class [5 bottle] IoU: 77.96
[INFO] ***** Evaluation ***** >>>> Class [6 bus] IoU: 91.00
[INFO] ***** Evaluation ***** >>>> Class [7 car] IoU: 85.55
[INFO] ***** Evaluation ***** >>>> Class [8 cat] IoU: 89.29
[INFO] ***** Evaluation ***** >>>> Class [9 chair] IoU: 36.53
[INFO] ***** Evaluation ***** >>>> Class [10 cow] IoU: 80.48
[INFO] ***** Evaluation ***** >>>> Class [11 dining table] IoU: 52.15
[INFO] ***** Evaluation ***** >>>> Class [12 dog] IoU: 83.61
[INFO] ***** Evaluation ***** >>>> Class [13 horse] IoU: 81.08
[INFO] ***** Evaluation ***** >>>> Class [14 motorbike] IoU: 81.37
[INFO] ***** Evaluation ***** >>>> Class [15 person] IoU: 82.67
[INFO] ***** Evaluation ***** >>>> Class [16 potted plant] IoU: 53.15
[INFO] ***** Evaluation ***** >>>> Class [17 sheep] IoU: 85.23
[INFO] ***** Evaluation ***** >>>> Class [18 sofa] IoU: 44.84
[INFO] ***** Evaluation ***** >>>> Class [19 train] IoU: 80.78
[INFO] ***** Evaluation ***** >>>> Class [20 tv/monitor] IoU: 66.10
[INFO] ***** Evaluation ***** original >>>> MeanIoU: 73.73

[INFO] Pseudo-label epoch summary | epoch=8, generated_epoch=762102880, selected_epoch=543147633, epoch_rate=0.712696, generated_cum=6858044567, selected_cum=4369896191, cum_rate=0.637193
[INFO] ===========> Epoch: 9, LR: 0.00090, Previous best val_mIOU: 73.73
[INFO] Iters: 8928,total_loss: 0.104,loss_x: 0.162,loss_u_s: 0.080,loss_u_m: 0.086,loss_u_fp: 0.008,mask_ratio: 0.725
[INFO] Iters: 9052,total_loss: 0.102,loss_x: 0.159,loss_u_s: 0.087,loss_u_m: 0.079,loss_u_fp: 0.009,mask_ratio: 0.722
[INFO] Iters: 9176,total_loss: 0.105,loss_x: 0.166,loss_u_s: 0.076,loss_u_m: 0.082,loss_u_fp: 0.009,mask_ratio: 0.723
[INFO] Iters: 9300,total_loss: 0.114,loss_x: 0.182,loss_u_s: 0.082,loss_u_m: 0.088,loss_u_fp: 0.009,mask_ratio: 0.717
[INFO] Iters: 9424,total_loss: 0.105,loss_x: 0.164,loss_u_s: 0.079,loss_u_m: 0.086,loss_u_fp: 0.008,mask_ratio: 0.728
[INFO] Iters: 9548,total_loss: 0.107,loss_x: 0.166,loss_u_s: 0.095,loss_u_m: 0.079,loss_u_fp: 0.009,mask_ratio: 0.723
[INFO] Iters: 9672,total_loss: 0.104,loss_x: 0.160,loss_u_s: 0.087,loss_u_m: 0.088,loss_u_fp: 0.008,mask_ratio: 0.715
[INFO] Iters: 9796,total_loss: 0.112,loss_x: 0.183,loss_u_s: 0.079,loss_u_m: 0.069,loss_u_fp: 0.007,mask_ratio: 0.715
[INFO] ***** Evaluation ***** >>>> Class [0 background] IoU: 93.22
[INFO] ***** Evaluation ***** >>>> Class [1 aeroplane] IoU: 87.59
[INFO] ***** Evaluation ***** >>>> Class [2 bicycle] IoU: 39.35
[INFO] ***** Evaluation ***** >>>> Class [3 bird] IoU: 87.94
[INFO] ***** Evaluation ***** >>>> Class [4 boat] IoU: 70.06
[INFO] ***** Evaluation ***** >>>> Class [5 bottle] IoU: 75.85
[INFO] ***** Evaluation ***** >>>> Class [6 bus] IoU: 91.25
[INFO] ***** Evaluation ***** >>>> Class [7 car] IoU: 86.39
[INFO] ***** Evaluation ***** >>>> Class [8 cat] IoU: 89.78
[INFO] ***** Evaluation ***** >>>> Class [9 chair] IoU: 33.66
[INFO] ***** Evaluation ***** >>>> Class [10 cow] IoU: 61.63
[INFO] ***** Evaluation ***** >>>> Class [11 dining table] IoU: 61.67
[INFO] ***** Evaluation ***** >>>> Class [12 dog] IoU: 84.50
[INFO] ***** Evaluation ***** >>>> Class [13 horse] IoU: 78.01
[INFO] ***** Evaluation ***** >>>> Class [14 motorbike] IoU: 82.51
[INFO] ***** Evaluation ***** >>>> Class [15 person] IoU: 82.84
[INFO] ***** Evaluation ***** >>>> Class [16 potted plant] IoU: 51.70
[INFO] ***** Evaluation ***** >>>> Class [17 sheep] IoU: 66.55
[INFO] ***** Evaluation ***** >>>> Class [18 sofa] IoU: 44.47
[INFO] ***** Evaluation ***** >>>> Class [19 train] IoU: 86.09
[INFO] ***** Evaluation ***** >>>> Class [20 tv/monitor] IoU: 68.51
[INFO] ***** Evaluation ***** original >>>> MeanIoU: 72.55

[INFO] Pseudo-label epoch summary | epoch=9, generated_epoch=761969591, selected_epoch=550236661, epoch_rate=0.722124, generated_cum=7620014158, selected_cum=4920132852, cum_rate=0.645686
[INFO] ===========> Epoch: 10, LR: 0.00089, Previous best val_mIOU: 73.73
[INFO] Iters: 9920,total_loss: 0.112,loss_x: 0.184,loss_u_s: 0.070,loss_u_m: 0.073,loss_u_fp: 0.007,mask_ratio: 0.737
[INFO] Iters: 10044,total_loss: 0.101,loss_x: 0.159,loss_u_s: 0.083,loss_u_m: 0.075,loss_u_fp: 0.009,mask_ratio: 0.727
[INFO] Iters: 10168,total_loss: 0.105,loss_x: 0.164,loss_u_s: 0.088,loss_u_m: 0.083,loss_u_fp: 0.009,mask_ratio: 0.724
[INFO] Iters: 10292,total_loss: 0.101,loss_x: 0.157,loss_u_s: 0.081,loss_u_m: 0.089,loss_u_fp: 0.007,mask_ratio: 0.720
[INFO] Iters: 10416,total_loss: 0.108,loss_x: 0.171,loss_u_s: 0.077,loss_u_m: 0.084,loss_u_fp: 0.007,mask_ratio: 0.725
[INFO] Iters: 10540,total_loss: 0.101,loss_x: 0.159,loss_u_s: 0.078,loss_u_m: 0.077,loss_u_fp: 0.008,mask_ratio: 0.729
[INFO] Iters: 10664,total_loss: 0.100,loss_x: 0.156,loss_u_s: 0.083,loss_u_m: 0.073,loss_u_fp: 0.008,mask_ratio: 0.735
[INFO] Iters: 10788,total_loss: 0.097,loss_x: 0.150,loss_u_s: 0.078,loss_u_m: 0.081,loss_u_fp: 0.009,mask_ratio: 0.745
[INFO] ***** Evaluation ***** >>>> Class [0 background] IoU: 93.13
[INFO] ***** Evaluation ***** >>>> Class [1 aeroplane] IoU: 88.56
[INFO] ***** Evaluation ***** >>>> Class [2 bicycle] IoU: 41.47
[INFO] ***** Evaluation ***** >>>> Class [3 bird] IoU: 88.11
[INFO] ***** Evaluation ***** >>>> Class [4 boat] IoU: 67.96
[INFO] ***** Evaluation ***** >>>> Class [5 bottle] IoU: 77.71
[INFO] ***** Evaluation ***** >>>> Class [6 bus] IoU: 93.07
[INFO] ***** Evaluation ***** >>>> Class [7 car] IoU: 86.05
[INFO] ***** Evaluation ***** >>>> Class [8 cat] IoU: 90.63
[INFO] ***** Evaluation ***** >>>> Class [9 chair] IoU: 36.92
[INFO] ***** Evaluation ***** >>>> Class [10 cow] IoU: 81.30
[INFO] ***** Evaluation ***** >>>> Class [11 dining table] IoU: 36.60
[INFO] ***** Evaluation ***** >>>> Class [12 dog] IoU: 85.08
[INFO] ***** Evaluation ***** >>>> Class [13 horse] IoU: 81.25
[INFO] ***** Evaluation ***** >>>> Class [14 motorbike] IoU: 83.04
[INFO] ***** Evaluation ***** >>>> Class [15 person] IoU: 83.51
[INFO] ***** Evaluation ***** >>>> Class [16 potted plant] IoU: 57.61
[INFO] ***** Evaluation ***** >>>> Class [17 sheep] IoU: 85.92
[INFO] ***** Evaluation ***** >>>> Class [18 sofa] IoU: 41.65
[INFO] ***** Evaluation ***** >>>> Class [19 train] IoU: 88.22
[INFO] ***** Evaluation ***** >>>> Class [20 tv/monitor] IoU: 64.84
[INFO] ***** Evaluation ***** original >>>> MeanIoU: 73.93

[INFO] Pseudo-label epoch summary | epoch=10, generated_epoch=762662532, selected_epoch=556869392, epoch_rate=0.730165, generated_cum=8382676690, selected_cum=5477002244, cum_rate=0.653372
[INFO] ===========> Epoch: 11, LR: 0.00088, Previous best val_mIOU: 73.93
[INFO] Iters: 10912,total_loss: 0.101,loss_x: 0.161,loss_u_s: 0.076,loss_u_m: 0.073,loss_u_fp: 0.008,mask_ratio: 0.738
[INFO] Iters: 11036,total_loss: 0.098,loss_x: 0.149,loss_u_s: 0.074,loss_u_m: 0.100,loss_u_fp: 0.008,mask_ratio: 0.736
[INFO] Iters: 11160,total_loss: 0.095,loss_x: 0.147,loss_u_s: 0.075,loss_u_m: 0.082,loss_u_fp: 0.007,mask_ratio: 0.737
[INFO] Iters: 11284,total_loss: 0.099,loss_x: 0.158,loss_u_s: 0.073,loss_u_m: 0.074,loss_u_fp: 0.008,mask_ratio: 0.730
[INFO] Iters: 11408,total_loss: 0.104,loss_x: 0.169,loss_u_s: 0.067,loss_u_m: 0.078,loss_u_fp: 0.007,mask_ratio: 0.740
[INFO] Iters: 11532,total_loss: 0.107,loss_x: 0.167,loss_u_s: 0.085,loss_u_m: 0.085,loss_u_fp: 0.009,mask_ratio: 0.724
[INFO] Iters: 11656,total_loss: 0.097,loss_x: 0.149,loss_u_s: 0.078,loss_u_m: 0.083,loss_u_fp: 0.008,mask_ratio: 0.719
[INFO] Iters: 11780,total_loss: 0.092,loss_x: 0.143,loss_u_s: 0.068,loss_u_m: 0.084,loss_u_fp: 0.008,mask_ratio: 0.752
[INFO] ***** Evaluation ***** >>>> Class [0 background] IoU: 93.28
[INFO] ***** Evaluation ***** >>>> Class [1 aeroplane] IoU: 88.52
[INFO] ***** Evaluation ***** >>>> Class [2 bicycle] IoU: 41.06
[INFO] ***** Evaluation ***** >>>> Class [3 bird] IoU: 89.10
[INFO] ***** Evaluation ***** >>>> Class [4 boat] IoU: 69.65
[INFO] ***** Evaluation ***** >>>> Class [5 bottle] IoU: 76.82
[INFO] ***** Evaluation ***** >>>> Class [6 bus] IoU: 94.23
[INFO] ***** Evaluation ***** >>>> Class [7 car] IoU: 87.45
[INFO] ***** Evaluation ***** >>>> Class [8 cat] IoU: 90.91
[INFO] ***** Evaluation ***** >>>> Class [9 chair] IoU: 37.82
[INFO] ***** Evaluation ***** >>>> Class [10 cow] IoU: 84.39
[INFO] ***** Evaluation ***** >>>> Class [11 dining table] IoU: 49.14
[INFO] ***** Evaluation ***** >>>> Class [12 dog] IoU: 86.65
[INFO] ***** Evaluation ***** >>>> Class [13 horse] IoU: 83.74
[INFO] ***** Evaluation ***** >>>> Class [14 motorbike] IoU: 84.56
[INFO] ***** Evaluation ***** >>>> Class [15 person] IoU: 83.29
[INFO] ***** Evaluation ***** >>>> Class [16 potted plant] IoU: 56.29
[INFO] ***** Evaluation ***** >>>> Class [17 sheep] IoU: 86.64
[INFO] ***** Evaluation ***** >>>> Class [18 sofa] IoU: 43.36
[INFO] ***** Evaluation ***** >>>> Class [19 train] IoU: 86.75
[INFO] ***** Evaluation ***** >>>> Class [20 tv/monitor] IoU: 67.64
[INFO] ***** Evaluation ***** original >>>> MeanIoU: 75.30

[INFO] Pseudo-label epoch summary | epoch=11, generated_epoch=761607175, selected_epoch=559046061, epoch_rate=0.734035, generated_cum=9144283865, selected_cum=6036048305, cum_rate=0.660090
[INFO] ===========> Epoch: 12, LR: 0.00086, Previous best val_mIOU: 75.30
[INFO] Iters: 11904,total_loss: 0.090,loss_x: 0.138,loss_u_s: 0.073,loss_u_m: 0.077,loss_u_fp: 0.007,mask_ratio: 0.737
[INFO] Iters: 12028,total_loss: 0.099,loss_x: 0.154,loss_u_s: 0.074,loss_u_m: 0.087,loss_u_fp: 0.008,mask_ratio: 0.747
[INFO] Iters: 12152,total_loss: 0.095,loss_x: 0.144,loss_u_s: 0.087,loss_u_m: 0.082,loss_u_fp: 0.008,mask_ratio: 0.742
[INFO] Iters: 12276,total_loss: 0.090,loss_x: 0.139,loss_u_s: 0.080,loss_u_m: 0.068,loss_u_fp: 0.009,mask_ratio: 0.758
[INFO] Iters: 12400,total_loss: 0.089,loss_x: 0.135,loss_u_s: 0.065,loss_u_m: 0.085,loss_u_fp: 0.010,mask_ratio: 0.746
[INFO] Iters: 12524,total_loss: 0.090,loss_x: 0.140,loss_u_s: 0.071,loss_u_m: 0.076,loss_u_fp: 0.007,mask_ratio: 0.752
[INFO] Iters: 12648,total_loss: 0.093,loss_x: 0.143,loss_u_s: 0.084,loss_u_m: 0.074,loss_u_fp: 0.008,mask_ratio: 0.753
[INFO] Iters: 12772,total_loss: 0.089,loss_x: 0.134,loss_u_s: 0.078,loss_u_m: 0.084,loss_u_fp: 0.009,mask_ratio: 0.755
[INFO] ***** Evaluation ***** >>>> Class [0 background] IoU: 93.38
[INFO] ***** Evaluation ***** >>>> Class [1 aeroplane] IoU: 89.20
[INFO] ***** Evaluation ***** >>>> Class [2 bicycle] IoU: 43.59
[INFO] ***** Evaluation ***** >>>> Class [3 bird] IoU: 89.66
[INFO] ***** Evaluation ***** >>>> Class [4 boat] IoU: 70.00
[INFO] ***** Evaluation ***** >>>> Class [5 bottle] IoU: 73.97
[INFO] ***** Evaluation ***** >>>> Class [6 bus] IoU: 91.26
[INFO] ***** Evaluation ***** >>>> Class [7 car] IoU: 86.48
[INFO] ***** Evaluation ***** >>>> Class [8 cat] IoU: 91.86
[INFO] ***** Evaluation ***** >>>> Class [9 chair] IoU: 35.48
[INFO] ***** Evaluation ***** >>>> Class [10 cow] IoU: 78.86
[INFO] ***** Evaluation ***** >>>> Class [11 dining table] IoU: 43.41
[INFO] ***** Evaluation ***** >>>> Class [12 dog] IoU: 84.76
[INFO] ***** Evaluation ***** >>>> Class [13 horse] IoU: 84.74
[INFO] ***** Evaluation ***** >>>> Class [14 motorbike] IoU: 83.18
[INFO] ***** Evaluation ***** >>>> Class [15 person] IoU: 83.18
[INFO] ***** Evaluation ***** >>>> Class [16 potted plant] IoU: 57.50
[INFO] ***** Evaluation ***** >>>> Class [17 sheep] IoU: 86.24
[INFO] ***** Evaluation ***** >>>> Class [18 sofa] IoU: 48.64
[INFO] ***** Evaluation ***** >>>> Class [19 train] IoU: 84.58
[INFO] ***** Evaluation ***** >>>> Class [20 tv/monitor] IoU: 66.99
[INFO] ***** Evaluation ***** original >>>> MeanIoU: 74.62

[INFO] Pseudo-label epoch summary | epoch=12, generated_epoch=760265324, selected_epoch=569340896, epoch_rate=0.748871, generated_cum=9904549189, selected_cum=6605389201, cum_rate=0.666905
[INFO] ===========> Epoch: 13, LR: 0.00085, Previous best val_mIOU: 75.30
[INFO] Iters: 12896,total_loss: 0.097,loss_x: 0.151,loss_u_s: 0.077,loss_u_m: 0.079,loss_u_fp: 0.008,mask_ratio: 0.741
[INFO] Iters: 13020,total_loss: 0.088,loss_x: 0.137,loss_u_s: 0.076,loss_u_m: 0.073,loss_u_fp: 0.006,mask_ratio: 0.747
[INFO] Iters: 13144,total_loss: 0.089,loss_x: 0.133,loss_u_s: 0.083,loss_u_m: 0.084,loss_u_fp: 0.007,mask_ratio: 0.758
[INFO] Iters: 13268,total_loss: 0.089,loss_x: 0.133,loss_u_s: 0.095,loss_u_m: 0.075,loss_u_fp: 0.007,mask_ratio: 0.759
[INFO] Iters: 13392,total_loss: 0.100,loss_x: 0.156,loss_u_s: 0.077,loss_u_m: 0.077,loss_u_fp: 0.010,mask_ratio: 0.738
[INFO] Iters: 13516,total_loss: 0.094,loss_x: 0.146,loss_u_s: 0.076,loss_u_m: 0.078,loss_u_fp: 0.008,mask_ratio: 0.755
[INFO] Iters: 13640,total_loss: 0.094,loss_x: 0.149,loss_u_s: 0.063,loss_u_m: 0.073,loss_u_fp: 0.008,mask_ratio: 0.741
[INFO] Iters: 13764,total_loss: 0.090,loss_x: 0.136,loss_u_s: 0.082,loss_u_m: 0.083,loss_u_fp: 0.007,mask_ratio: 0.753
[INFO] ***** Evaluation ***** >>>> Class [0 background] IoU: 93.43
[INFO] ***** Evaluation ***** >>>> Class [1 aeroplane] IoU: 89.63
[INFO] ***** Evaluation ***** >>>> Class [2 bicycle] IoU: 42.88
[INFO] ***** Evaluation ***** >>>> Class [3 bird] IoU: 88.77
[INFO] ***** Evaluation ***** >>>> Class [4 boat] IoU: 70.21
[INFO] ***** Evaluation ***** >>>> Class [5 bottle] IoU: 78.78
[INFO] ***** Evaluation ***** >>>> Class [6 bus] IoU: 92.43
[INFO] ***** Evaluation ***** >>>> Class [7 car] IoU: 87.03
[INFO] ***** Evaluation ***** >>>> Class [8 cat] IoU: 91.28
[INFO] ***** Evaluation ***** >>>> Class [9 chair] IoU: 33.98
[INFO] ***** Evaluation ***** >>>> Class [10 cow] IoU: 84.78
[INFO] ***** Evaluation ***** >>>> Class [11 dining table] IoU: 44.04
[INFO] ***** Evaluation ***** >>>> Class [12 dog] IoU: 85.18
[INFO] ***** Evaluation ***** >>>> Class [13 horse] IoU: 84.16
[INFO] ***** Evaluation ***** >>>> Class [14 motorbike] IoU: 84.47
[INFO] ***** Evaluation ***** >>>> Class [15 person] IoU: 84.15
[INFO] ***** Evaluation ***** >>>> Class [16 potted plant] IoU: 54.44
[INFO] ***** Evaluation ***** >>>> Class [17 sheep] IoU: 85.24
[INFO] ***** Evaluation ***** >>>> Class [18 sofa] IoU: 43.35
[INFO] ***** Evaluation ***** >>>> Class [19 train] IoU: 82.73
[INFO] ***** Evaluation ***** >>>> Class [20 tv/monitor] IoU: 65.39
[INFO] ***** Evaluation ***** original >>>> MeanIoU: 74.59

[INFO] Pseudo-label epoch summary | epoch=13, generated_epoch=760586179, selected_epoch=572020950, epoch_rate=0.752079, generated_cum=10665135368, selected_cum=7177410151, cum_rate=0.672979
[INFO] ===========> Epoch: 14, LR: 0.00084, Previous best val_mIOU: 75.30
[INFO] Iters: 13888,total_loss: 0.083,loss_x: 0.130,loss_u_s: 0.065,loss_u_m: 0.069,loss_u_fp: 0.007,mask_ratio: 0.767
[INFO] Iters: 14012,total_loss: 0.104,loss_x: 0.162,loss_u_s: 0.091,loss_u_m: 0.082,loss_u_fp: 0.008,mask_ratio: 0.746
[INFO] Iters: 14136,total_loss: 0.099,loss_x: 0.153,loss_u_s: 0.087,loss_u_m: 0.081,loss_u_fp: 0.008,mask_ratio: 0.736
[INFO] Iters: 14260,total_loss: 0.088,loss_x: 0.131,loss_u_s: 0.085,loss_u_m: 0.080,loss_u_fp: 0.008,mask_ratio: 0.750
[INFO] Iters: 14384,total_loss: 0.089,loss_x: 0.137,loss_u_s: 0.077,loss_u_m: 0.072,loss_u_fp: 0.008,mask_ratio: 0.769
[INFO] Iters: 14508,total_loss: 0.089,loss_x: 0.135,loss_u_s: 0.076,loss_u_m: 0.082,loss_u_fp: 0.008,mask_ratio: 0.754
[INFO] Iters: 14632,total_loss: 0.090,loss_x: 0.138,loss_u_s: 0.071,loss_u_m: 0.081,loss_u_fp: 0.007,mask_ratio: 0.746
[INFO] Iters: 14756,total_loss: 0.086,loss_x: 0.134,loss_u_s: 0.059,loss_u_m: 0.073,loss_u_fp: 0.008,mask_ratio: 0.752
[INFO] ***** Evaluation ***** >>>> Class [0 background] IoU: 93.75
[INFO] ***** Evaluation ***** >>>> Class [1 aeroplane] IoU: 89.69
[INFO] ***** Evaluation ***** >>>> Class [2 bicycle] IoU: 42.72
[INFO] ***** Evaluation ***** >>>> Class [3 bird] IoU: 88.26
[INFO] ***** Evaluation ***** >>>> Class [4 boat] IoU: 66.37
[INFO] ***** Evaluation ***** >>>> Class [5 bottle] IoU: 79.55
[INFO] ***** Evaluation ***** >>>> Class [6 bus] IoU: 94.37
[INFO] ***** Evaluation ***** >>>> Class [7 car] IoU: 87.52
[INFO] ***** Evaluation ***** >>>> Class [8 cat] IoU: 90.87
[INFO] ***** Evaluation ***** >>>> Class [9 chair] IoU: 35.14
[INFO] ***** Evaluation ***** >>>> Class [10 cow] IoU: 87.55
[INFO] ***** Evaluation ***** >>>> Class [11 dining table] IoU: 51.89
[INFO] ***** Evaluation ***** >>>> Class [12 dog] IoU: 88.34
[INFO] ***** Evaluation ***** >>>> Class [13 horse] IoU: 83.85
[INFO] ***** Evaluation ***** >>>> Class [14 motorbike] IoU: 85.34
[INFO] ***** Evaluation ***** >>>> Class [15 person] IoU: 83.97
[INFO] ***** Evaluation ***** >>>> Class [16 potted plant] IoU: 57.01
[INFO] ***** Evaluation ***** >>>> Class [17 sheep] IoU: 83.57
[INFO] ***** Evaluation ***** >>>> Class [18 sofa] IoU: 47.74
[INFO] ***** Evaluation ***** >>>> Class [19 train] IoU: 84.09
[INFO] ***** Evaluation ***** >>>> Class [20 tv/monitor] IoU: 69.09
[INFO] ***** Evaluation ***** original >>>> MeanIoU: 75.75

[INFO] Pseudo-label epoch summary | epoch=14, generated_epoch=763058689, selected_epoch=573163341, epoch_rate=0.751139, generated_cum=11428194057, selected_cum=7750573492, cum_rate=0.678198
[INFO] ===========> Epoch: 15, LR: 0.00083, Previous best val_mIOU: 75.75
[INFO] Iters: 14880,total_loss: 0.088,loss_x: 0.134,loss_u_s: 0.076,loss_u_m: 0.077,loss_u_fp: 0.008,mask_ratio: 0.758
[INFO] Iters: 15004,total_loss: 0.085,loss_x: 0.129,loss_u_s: 0.079,loss_u_m: 0.065,loss_u_fp: 0.008,mask_ratio: 0.768
[INFO] Iters: 15128,total_loss: 0.086,loss_x: 0.130,loss_u_s: 0.073,loss_u_m: 0.078,loss_u_fp: 0.007,mask_ratio: 0.772
[INFO] Iters: 15252,total_loss: 0.084,loss_x: 0.128,loss_u_s: 0.070,loss_u_m: 0.074,loss_u_fp: 0.007,mask_ratio: 0.769
[INFO] Iters: 15376,total_loss: 0.093,loss_x: 0.137,loss_u_s: 0.090,loss_u_m: 0.087,loss_u_fp: 0.009,mask_ratio: 0.752
[INFO] Iters: 15500,total_loss: 0.080,loss_x: 0.124,loss_u_s: 0.071,loss_u_m: 0.065,loss_u_fp: 0.007,mask_ratio: 0.760
[INFO] Iters: 15624,total_loss: 0.083,loss_x: 0.124,loss_u_s: 0.068,loss_u_m: 0.083,loss_u_fp: 0.007,mask_ratio: 0.768
[INFO] Iters: 15748,total_loss: 0.090,loss_x: 0.138,loss_u_s: 0.073,loss_u_m: 0.075,loss_u_fp: 0.008,mask_ratio: 0.759
[INFO] ***** Evaluation ***** >>>> Class [0 background] IoU: 93.60
[INFO] ***** Evaluation ***** >>>> Class [1 aeroplane] IoU: 89.77
[INFO] ***** Evaluation ***** >>>> Class [2 bicycle] IoU: 42.50
[INFO] ***** Evaluation ***** >>>> Class [3 bird] IoU: 87.97
[INFO] ***** Evaluation ***** >>>> Class [4 boat] IoU: 69.89
[INFO] ***** Evaluation ***** >>>> Class [5 bottle] IoU: 75.87
[INFO] ***** Evaluation ***** >>>> Class [6 bus] IoU: 92.64
[INFO] ***** Evaluation ***** >>>> Class [7 car] IoU: 84.90
[INFO] ***** Evaluation ***** >>>> Class [8 cat] IoU: 92.36
[INFO] ***** Evaluation ***** >>>> Class [9 chair] IoU: 37.74
[INFO] ***** Evaluation ***** >>>> Class [10 cow] IoU: 85.10
[INFO] ***** Evaluation ***** >>>> Class [11 dining table] IoU: 43.18
[INFO] ***** Evaluation ***** >>>> Class [12 dog] IoU: 88.55
[INFO] ***** Evaluation ***** >>>> Class [13 horse] IoU: 84.36
[INFO] ***** Evaluation ***** >>>> Class [14 motorbike] IoU: 81.40
[INFO] ***** Evaluation ***** >>>> Class [15 person] IoU: 84.15
[INFO] ***** Evaluation ***** >>>> Class [16 potted plant] IoU: 58.02
[INFO] ***** Evaluation ***** >>>> Class [17 sheep] IoU: 87.91
[INFO] ***** Evaluation ***** >>>> Class [18 sofa] IoU: 44.56
[INFO] ***** Evaluation ***** >>>> Class [19 train] IoU: 86.02
[INFO] ***** Evaluation ***** >>>> Class [20 tv/monitor] IoU: 66.40
[INFO] ***** Evaluation ***** original >>>> MeanIoU: 75.09

[INFO] Pseudo-label epoch summary | epoch=15, generated_epoch=762278614, selected_epoch=582295619, epoch_rate=0.763888, generated_cum=12190472671, selected_cum=8332869111, cum_rate=0.683556
[INFO] ===========> Epoch: 16, LR: 0.00082, Previous best val_mIOU: 75.75
[INFO] Iters: 15872,total_loss: 0.086,loss_x: 0.131,loss_u_s: 0.073,loss_u_m: 0.077,loss_u_fp: 0.009,mask_ratio: 0.764
[INFO] Iters: 15996,total_loss: 0.083,loss_x: 0.125,loss_u_s: 0.074,loss_u_m: 0.073,loss_u_fp: 0.007,mask_ratio: 0.766
[INFO] Iters: 16120,total_loss: 0.082,loss_x: 0.121,loss_u_s: 0.074,loss_u_m: 0.087,loss_u_fp: 0.007,mask_ratio: 0.772
[INFO] Iters: 16244,total_loss: 0.083,loss_x: 0.127,loss_u_s: 0.068,loss_u_m: 0.075,loss_u_fp: 0.008,mask_ratio: 0.763
[INFO] Iters: 16368,total_loss: 0.080,loss_x: 0.120,loss_u_s: 0.068,loss_u_m: 0.075,loss_u_fp: 0.009,mask_ratio: 0.772
[INFO] Iters: 16492,total_loss: 0.084,loss_x: 0.125,loss_u_s: 0.090,loss_u_m: 0.070,loss_u_fp: 0.006,mask_ratio: 0.772
[INFO] Iters: 16616,total_loss: 0.089,loss_x: 0.133,loss_u_s: 0.084,loss_u_m: 0.077,loss_u_fp: 0.008,mask_ratio: 0.760
[INFO] Iters: 16740,total_loss: 0.078,loss_x: 0.112,loss_u_s: 0.076,loss_u_m: 0.080,loss_u_fp: 0.008,mask_ratio: 0.770
[INFO] ***** Evaluation ***** >>>> Class [0 background] IoU: 93.68
[INFO] ***** Evaluation ***** >>>> Class [1 aeroplane] IoU: 90.39
[INFO] ***** Evaluation ***** >>>> Class [2 bicycle] IoU: 42.41
[INFO] ***** Evaluation ***** >>>> Class [3 bird] IoU: 88.99
[INFO] ***** Evaluation ***** >>>> Class [4 boat] IoU: 70.47
[INFO] ***** Evaluation ***** >>>> Class [5 bottle] IoU: 75.81
[INFO] ***** Evaluation ***** >>>> Class [6 bus] IoU: 92.53
[INFO] ***** Evaluation ***** >>>> Class [7 car] IoU: 85.31
[INFO] ***** Evaluation ***** >>>> Class [8 cat] IoU: 91.84
[INFO] ***** Evaluation ***** >>>> Class [9 chair] IoU: 38.50
[INFO] ***** Evaluation ***** >>>> Class [10 cow] IoU: 86.98
[INFO] ***** Evaluation ***** >>>> Class [11 dining table] IoU: 54.97
[INFO] ***** Evaluation ***** >>>> Class [12 dog] IoU: 87.68
[INFO] ***** Evaluation ***** >>>> Class [13 horse] IoU: 84.58
[INFO] ***** Evaluation ***** >>>> Class [14 motorbike] IoU: 80.57
[INFO] ***** Evaluation ***** >>>> Class [15 person] IoU: 84.31
[INFO] ***** Evaluation ***** >>>> Class [16 potted plant] IoU: 53.29
[INFO] ***** Evaluation ***** >>>> Class [17 sheep] IoU: 87.80
[INFO] ***** Evaluation ***** >>>> Class [18 sofa] IoU: 38.58
[INFO] ***** Evaluation ***** >>>> Class [19 train] IoU: 86.69
[INFO] ***** Evaluation ***** >>>> Class [20 tv/monitor] IoU: 69.39
[INFO] ***** Evaluation ***** original >>>> MeanIoU: 75.47

[INFO] Pseudo-label epoch summary | epoch=16, generated_epoch=763666208, selected_epoch=586833260, epoch_rate=0.768442, generated_cum=12954138879, selected_cum=8919702371, cum_rate=0.688560
[INFO] ===========> Epoch: 17, LR: 0.00081, Previous best val_mIOU: 75.75
[INFO] Iters: 16864,total_loss: 0.089,loss_x: 0.139,loss_u_s: 0.070,loss_u_m: 0.072,loss_u_fp: 0.006,mask_ratio: 0.772
[INFO] Iters: 16988,total_loss: 0.086,loss_x: 0.133,loss_u_s: 0.069,loss_u_m: 0.074,loss_u_fp: 0.007,mask_ratio: 0.762
[INFO] Iters: 17112,total_loss: 0.084,loss_x: 0.124,loss_u_s: 0.088,loss_u_m: 0.072,loss_u_fp: 0.007,mask_ratio: 0.759
[INFO] Iters: 17236,total_loss: 0.091,loss_x: 0.137,loss_u_s: 0.092,loss_u_m: 0.076,loss_u_fp: 0.006,mask_ratio: 0.757
[INFO] Iters: 17360,total_loss: 0.079,loss_x: 0.123,loss_u_s: 0.062,loss_u_m: 0.062,loss_u_fp: 0.007,mask_ratio: 0.765
[INFO] Iters: 17484,total_loss: 0.080,loss_x: 0.121,loss_u_s: 0.069,loss_u_m: 0.072,loss_u_fp: 0.008,mask_ratio: 0.758
[INFO] Iters: 17608,total_loss: 0.084,loss_x: 0.124,loss_u_s: 0.083,loss_u_m: 0.080,loss_u_fp: 0.007,mask_ratio: 0.779
[INFO] Iters: 17732,total_loss: 0.084,loss_x: 0.130,loss_u_s: 0.067,loss_u_m: 0.072,loss_u_fp: 0.007,mask_ratio: 0.771
[INFO] ***** Evaluation ***** >>>> Class [0 background] IoU: 94.03
[INFO] ***** Evaluation ***** >>>> Class [1 aeroplane] IoU: 90.40
[INFO] ***** Evaluation ***** >>>> Class [2 bicycle] IoU: 43.24
[INFO] ***** Evaluation ***** >>>> Class [3 bird] IoU: 89.36
[INFO] ***** Evaluation ***** >>>> Class [4 boat] IoU: 70.70
[INFO] ***** Evaluation ***** >>>> Class [5 bottle] IoU: 76.75
[INFO] ***** Evaluation ***** >>>> Class [6 bus] IoU: 94.35
[INFO] ***** Evaluation ***** >>>> Class [7 car] IoU: 85.18
[INFO] ***** Evaluation ***** >>>> Class [8 cat] IoU: 92.94
[INFO] ***** Evaluation ***** >>>> Class [9 chair] IoU: 33.26
[INFO] ***** Evaluation ***** >>>> Class [10 cow] IoU: 87.94
[INFO] ***** Evaluation ***** >>>> Class [11 dining table] IoU: 48.74
[INFO] ***** Evaluation ***** >>>> Class [12 dog] IoU: 88.25
[INFO] ***** Evaluation ***** >>>> Class [13 horse] IoU: 83.46
[INFO] ***** Evaluation ***** >>>> Class [14 motorbike] IoU: 80.65
[INFO] ***** Evaluation ***** >>>> Class [15 person] IoU: 84.37
[INFO] ***** Evaluation ***** >>>> Class [16 potted plant] IoU: 64.30
[INFO] ***** Evaluation ***** >>>> Class [17 sheep] IoU: 87.69
[INFO] ***** Evaluation ***** >>>> Class [18 sofa] IoU: 53.97
[INFO] ***** Evaluation ***** >>>> Class [19 train] IoU: 87.98
[INFO] ***** Evaluation ***** >>>> Class [20 tv/monitor] IoU: 68.05
[INFO] ***** Evaluation ***** original >>>> MeanIoU: 76.46

[INFO] Pseudo-label epoch summary | epoch=17, generated_epoch=764181244, selected_epoch=585535460, epoch_rate=0.766226, generated_cum=13718320123, selected_cum=9505237831, cum_rate=0.692886
[INFO] ===========> Epoch: 18, LR: 0.00080, Previous best val_mIOU: 76.46
[INFO] Iters: 17856,total_loss: 0.078,loss_x: 0.115,loss_u_s: 0.072,loss_u_m: 0.084,loss_u_fp: 0.007,mask_ratio: 0.780
[INFO] Iters: 17980,total_loss: 0.079,loss_x: 0.114,loss_u_s: 0.079,loss_u_m: 0.082,loss_u_fp: 0.008,mask_ratio: 0.775
[INFO] Iters: 18104,total_loss: 0.079,loss_x: 0.119,loss_u_s: 0.071,loss_u_m: 0.069,loss_u_fp: 0.007,mask_ratio: 0.767
[INFO] Iters: 18228,total_loss: 0.082,loss_x: 0.123,loss_u_s: 0.078,loss_u_m: 0.072,loss_u_fp: 0.008,mask_ratio: 0.777
[INFO] Iters: 18352,total_loss: 0.082,loss_x: 0.121,loss_u_s: 0.075,loss_u_m: 0.082,loss_u_fp: 0.006,mask_ratio: 0.772
[INFO] Iters: 18476,total_loss: 0.078,loss_x: 0.116,loss_u_s: 0.074,loss_u_m: 0.074,loss_u_fp: 0.008,mask_ratio: 0.775
[INFO] Iters: 18600,total_loss: 0.085,loss_x: 0.125,loss_u_s: 0.084,loss_u_m: 0.081,loss_u_fp: 0.008,mask_ratio: 0.777
[INFO] Iters: 18724,total_loss: 0.079,loss_x: 0.118,loss_u_s: 0.083,loss_u_m: 0.065,loss_u_fp: 0.007,mask_ratio: 0.776
[INFO] ***** Evaluation ***** >>>> Class [0 background] IoU: 93.88
[INFO] ***** Evaluation ***** >>>> Class [1 aeroplane] IoU: 90.03
[INFO] ***** Evaluation ***** >>>> Class [2 bicycle] IoU: 43.55
[INFO] ***** Evaluation ***** >>>> Class [3 bird] IoU: 89.38
[INFO] ***** Evaluation ***** >>>> Class [4 boat] IoU: 68.24
[INFO] ***** Evaluation ***** >>>> Class [5 bottle] IoU: 79.75
[INFO] ***** Evaluation ***** >>>> Class [6 bus] IoU: 93.94
[INFO] ***** Evaluation ***** >>>> Class [7 car] IoU: 84.91
[INFO] ***** Evaluation ***** >>>> Class [8 cat] IoU: 92.63
[INFO] ***** Evaluation ***** >>>> Class [9 chair] IoU: 38.30
[INFO] ***** Evaluation ***** >>>> Class [10 cow] IoU: 84.21
[INFO] ***** Evaluation ***** >>>> Class [11 dining table] IoU: 46.89
[INFO] ***** Evaluation ***** >>>> Class [12 dog] IoU: 87.96
[INFO] ***** Evaluation ***** >>>> Class [13 horse] IoU: 79.80
[INFO] ***** Evaluation ***** >>>> Class [14 motorbike] IoU: 80.76
[INFO] ***** Evaluation ***** >>>> Class [15 person] IoU: 84.51
[INFO] ***** Evaluation ***** >>>> Class [16 potted plant] IoU: 63.92
[INFO] ***** Evaluation ***** >>>> Class [17 sheep] IoU: 88.36
[INFO] ***** Evaluation ***** >>>> Class [18 sofa] IoU: 51.96
[INFO] ***** Evaluation ***** >>>> Class [19 train] IoU: 87.13
[INFO] ***** Evaluation ***** >>>> Class [20 tv/monitor] IoU: 66.61
[INFO] ***** Evaluation ***** original >>>> MeanIoU: 76.03

[INFO] Pseudo-label epoch summary | epoch=18, generated_epoch=761572164, selected_epoch=589899653, epoch_rate=0.774581, generated_cum=14479892287, selected_cum=10095137484, cum_rate=0.697183
[INFO] ===========> Epoch: 19, LR: 0.00078, Previous best val_mIOU: 76.46
[INFO] Iters: 18848,total_loss: 0.078,loss_x: 0.119,loss_u_s: 0.068,loss_u_m: 0.063,loss_u_fp: 0.007,mask_ratio: 0.777
[INFO] Iters: 18972,total_loss: 0.079,loss_x: 0.120,loss_u_s: 0.065,loss_u_m: 0.069,loss_u_fp: 0.007,mask_ratio: 0.783
[INFO] Iters: 19096,total_loss: 0.081,loss_x: 0.121,loss_u_s: 0.074,loss_u_m: 0.077,loss_u_fp: 0.006,mask_ratio: 0.765
[INFO] Iters: 19220,total_loss: 0.079,loss_x: 0.119,loss_u_s: 0.066,loss_u_m: 0.081,loss_u_fp: 0.006,mask_ratio: 0.778
[INFO] Iters: 19344,total_loss: 0.077,loss_x: 0.108,loss_u_s: 0.089,loss_u_m: 0.084,loss_u_fp: 0.007,mask_ratio: 0.787
[INFO] Iters: 19468,total_loss: 0.079,loss_x: 0.112,loss_u_s: 0.095,loss_u_m: 0.074,loss_u_fp: 0.008,mask_ratio: 0.782
[INFO] Iters: 19592,total_loss: 0.076,loss_x: 0.113,loss_u_s: 0.071,loss_u_m: 0.075,loss_u_fp: 0.006,mask_ratio: 0.789
[INFO] Iters: 19716,total_loss: 0.085,loss_x: 0.127,loss_u_s: 0.078,loss_u_m: 0.077,loss_u_fp: 0.009,mask_ratio: 0.778
[INFO] ***** Evaluation ***** >>>> Class [0 background] IoU: 93.74
[INFO] ***** Evaluation ***** >>>> Class [1 aeroplane] IoU: 90.23
[INFO] ***** Evaluation ***** >>>> Class [2 bicycle] IoU: 42.54
[INFO] ***** Evaluation ***** >>>> Class [3 bird] IoU: 89.15
[INFO] ***** Evaluation ***** >>>> Class [4 boat] IoU: 68.09
[INFO] ***** Evaluation ***** >>>> Class [5 bottle] IoU: 79.60
[INFO] ***** Evaluation ***** >>>> Class [6 bus] IoU: 91.42
[INFO] ***** Evaluation ***** >>>> Class [7 car] IoU: 87.06
[INFO] ***** Evaluation ***** >>>> Class [8 cat] IoU: 92.21
[INFO] ***** Evaluation ***** >>>> Class [9 chair] IoU: 36.64
[INFO] ***** Evaluation ***** >>>> Class [10 cow] IoU: 79.19
[INFO] ***** Evaluation ***** >>>> Class [11 dining table] IoU: 53.56
[INFO] ***** Evaluation ***** >>>> Class [12 dog] IoU: 86.91
[INFO] ***** Evaluation ***** >>>> Class [13 horse] IoU: 81.55
[INFO] ***** Evaluation ***** >>>> Class [14 motorbike] IoU: 84.18
[INFO] ***** Evaluation ***** >>>> Class [15 person] IoU: 84.28
[INFO] ***** Evaluation ***** >>>> Class [16 potted plant] IoU: 55.39
[INFO] ***** Evaluation ***** >>>> Class [17 sheep] IoU: 87.38
[INFO] ***** Evaluation ***** >>>> Class [18 sofa] IoU: 47.20
[INFO] ***** Evaluation ***** >>>> Class [19 train] IoU: 83.13
[INFO] ***** Evaluation ***** >>>> Class [20 tv/monitor] IoU: 65.98
[INFO] ***** Evaluation ***** original >>>> MeanIoU: 75.21

[INFO] Pseudo-label epoch summary | epoch=19, generated_epoch=760634054, selected_epoch=592560127, epoch_rate=0.779034, generated_cum=15240526341, selected_cum=10687697611, cum_rate=0.701268
[INFO] ===========> Epoch: 20, LR: 0.00077, Previous best val_mIOU: 76.46
[INFO] Iters: 19840,total_loss: 0.078,loss_x: 0.117,loss_u_s: 0.072,loss_u_m: 0.070,loss_u_fp: 0.007,mask_ratio: 0.774
[INFO] Iters: 19964,total_loss: 0.075,loss_x: 0.109,loss_u_s: 0.072,loss_u_m: 0.080,loss_u_fp: 0.007,mask_ratio: 0.784
[INFO] Iters: 20088,total_loss: 0.072,loss_x: 0.105,loss_u_s: 0.070,loss_u_m: 0.076,loss_u_fp: 0.007,mask_ratio: 0.784
[INFO] Iters: 20212,total_loss: 0.079,loss_x: 0.117,loss_u_s: 0.076,loss_u_m: 0.072,loss_u_fp: 0.007,mask_ratio: 0.788
[INFO] Iters: 20336,total_loss: 0.075,loss_x: 0.110,loss_u_s: 0.071,loss_u_m: 0.074,loss_u_fp: 0.006,mask_ratio: 0.778
[INFO] Iters: 20460,total_loss: 0.076,loss_x: 0.114,loss_u_s: 0.071,loss_u_m: 0.064,loss_u_fp: 0.006,mask_ratio: 0.775
[INFO] Iters: 20584,total_loss: 0.082,loss_x: 0.122,loss_u_s: 0.070,loss_u_m: 0.083,loss_u_fp: 0.007,mask_ratio: 0.772
[INFO] Iters: 20708,total_loss: 0.076,loss_x: 0.113,loss_u_s: 0.065,loss_u_m: 0.080,loss_u_fp: 0.006,mask_ratio: 0.784
[INFO] ***** Evaluation ***** >>>> Class [0 background] IoU: 94.04
[INFO] ***** Evaluation ***** >>>> Class [1 aeroplane] IoU: 90.44
[INFO] ***** Evaluation ***** >>>> Class [2 bicycle] IoU: 43.56
[INFO] ***** Evaluation ***** >>>> Class [3 bird] IoU: 89.25
[INFO] ***** Evaluation ***** >>>> Class [4 boat] IoU: 70.46
[INFO] ***** Evaluation ***** >>>> Class [5 bottle] IoU: 78.03
[INFO] ***** Evaluation ***** >>>> Class [6 bus] IoU: 93.12
[INFO] ***** Evaluation ***** >>>> Class [7 car] IoU: 88.58
[INFO] ***** Evaluation ***** >>>> Class [8 cat] IoU: 91.42
[INFO] ***** Evaluation ***** >>>> Class [9 chair] IoU: 35.79
[INFO] ***** Evaluation ***** >>>> Class [10 cow] IoU: 81.38
[INFO] ***** Evaluation ***** >>>> Class [11 dining table] IoU: 44.74
[INFO] ***** Evaluation ***** >>>> Class [12 dog] IoU: 87.79
[INFO] ***** Evaluation ***** >>>> Class [13 horse] IoU: 83.10
[INFO] ***** Evaluation ***** >>>> Class [14 motorbike] IoU: 86.15
[INFO] ***** Evaluation ***** >>>> Class [15 person] IoU: 85.17
[INFO] ***** Evaluation ***** >>>> Class [16 potted plant] IoU: 65.37
[INFO] ***** Evaluation ***** >>>> Class [17 sheep] IoU: 87.47
[INFO] ***** Evaluation ***** >>>> Class [18 sofa] IoU: 53.77
[INFO] ***** Evaluation ***** >>>> Class [19 train] IoU: 85.28
[INFO] ***** Evaluation ***** >>>> Class [20 tv/monitor] IoU: 65.86
[INFO] ***** Evaluation ***** original >>>> MeanIoU: 76.23

[INFO] Pseudo-label epoch summary | epoch=20, generated_epoch=762384848, selected_epoch=595837975, epoch_rate=0.781545, generated_cum=16002911189, selected_cum=11283535586, cum_rate=0.705093
[INFO] ===========> Epoch: 21, LR: 0.00076, Previous best val_mIOU: 76.46
[INFO] Iters: 20832,total_loss: 0.074,loss_x: 0.108,loss_u_s: 0.070,loss_u_m: 0.076,loss_u_fp: 0.007,mask_ratio: 0.790
[INFO] Iters: 20956,total_loss: 0.077,loss_x: 0.112,loss_u_s: 0.076,loss_u_m: 0.078,loss_u_fp: 0.007,mask_ratio: 0.782
[INFO] Iters: 21080,total_loss: 0.076,loss_x: 0.112,loss_u_s: 0.077,loss_u_m: 0.073,loss_u_fp: 0.007,mask_ratio: 0.785
[INFO] Iters: 21204,total_loss: 0.073,loss_x: 0.107,loss_u_s: 0.077,loss_u_m: 0.063,loss_u_fp: 0.008,mask_ratio: 0.774
[INFO] Iters: 21328,total_loss: 0.078,loss_x: 0.114,loss_u_s: 0.075,loss_u_m: 0.079,loss_u_fp: 0.007,mask_ratio: 0.786
[INFO] Iters: 21452,total_loss: 0.076,loss_x: 0.112,loss_u_s: 0.075,loss_u_m: 0.073,loss_u_fp: 0.007,mask_ratio: 0.781
[INFO] Iters: 21576,total_loss: 0.072,loss_x: 0.101,loss_u_s: 0.079,loss_u_m: 0.082,loss_u_fp: 0.007,mask_ratio: 0.783
[INFO] Iters: 21700,total_loss: 0.080,loss_x: 0.121,loss_u_s: 0.076,loss_u_m: 0.069,loss_u_fp: 0.007,mask_ratio: 0.776
[INFO] ***** Evaluation ***** >>>> Class [0 background] IoU: 94.02
[INFO] ***** Evaluation ***** >>>> Class [1 aeroplane] IoU: 90.35
[INFO] ***** Evaluation ***** >>>> Class [2 bicycle] IoU: 43.28
[INFO] ***** Evaluation ***** >>>> Class [3 bird] IoU: 88.63
[INFO] ***** Evaluation ***** >>>> Class [4 boat] IoU: 70.90
[INFO] ***** Evaluation ***** >>>> Class [5 bottle] IoU: 77.99
[INFO] ***** Evaluation ***** >>>> Class [6 bus] IoU: 93.40
[INFO] ***** Evaluation ***** >>>> Class [7 car] IoU: 87.39
[INFO] ***** Evaluation ***** >>>> Class [8 cat] IoU: 93.07
[INFO] ***** Evaluation ***** >>>> Class [9 chair] IoU: 32.29
[INFO] ***** Evaluation ***** >>>> Class [10 cow] IoU: 88.91
[INFO] ***** Evaluation ***** >>>> Class [11 dining table] IoU: 52.99
[INFO] ***** Evaluation ***** >>>> Class [12 dog] IoU: 87.42
[INFO] ***** Evaluation ***** >>>> Class [13 horse] IoU: 89.14
[INFO] ***** Evaluation ***** >>>> Class [14 motorbike] IoU: 84.37
[INFO] ***** Evaluation ***** >>>> Class [15 person] IoU: 85.03
[INFO] ***** Evaluation ***** >>>> Class [16 potted plant] IoU: 61.42
[INFO] ***** Evaluation ***** >>>> Class [17 sheep] IoU: 88.35
[INFO] ***** Evaluation ***** >>>> Class [18 sofa] IoU: 55.06
[INFO] ***** Evaluation ***** >>>> Class [19 train] IoU: 84.14
[INFO] ***** Evaluation ***** >>>> Class [20 tv/monitor] IoU: 65.49
[INFO] ***** Evaluation ***** original >>>> MeanIoU: 76.84

[INFO] Pseudo-label epoch summary | epoch=21, generated_epoch=761099797, selected_epoch=596731763, epoch_rate=0.784039, generated_cum=16764010986, selected_cum=11880267349, cum_rate=0.708677
[INFO] ===========> Epoch: 22, LR: 0.00075, Previous best val_mIOU: 76.84
[INFO] Iters: 21824,total_loss: 0.071,loss_x: 0.101,loss_u_s: 0.071,loss_u_m: 0.077,loss_u_fp: 0.008,mask_ratio: 0.808
[INFO] Iters: 21948,total_loss: 0.076,loss_x: 0.110,loss_u_s: 0.077,loss_u_m: 0.074,loss_u_fp: 0.008,mask_ratio: 0.780
[INFO] Iters: 22072,total_loss: 0.072,loss_x: 0.105,loss_u_s: 0.072,loss_u_m: 0.072,loss_u_fp: 0.006,mask_ratio: 0.796
[INFO] Iters: 22196,total_loss: 0.073,loss_x: 0.108,loss_u_s: 0.063,loss_u_m: 0.074,loss_u_fp: 0.007,mask_ratio: 0.802
[INFO] Iters: 22320,total_loss: 0.077,loss_x: 0.112,loss_u_s: 0.071,loss_u_m: 0.080,loss_u_fp: 0.007,mask_ratio: 0.789
[INFO] Iters: 22444,total_loss: 0.072,loss_x: 0.102,loss_u_s: 0.077,loss_u_m: 0.075,loss_u_fp: 0.007,mask_ratio: 0.786
[INFO] Iters: 22568,total_loss: 0.072,loss_x: 0.101,loss_u_s: 0.074,loss_u_m: 0.086,loss_u_fp: 0.006,mask_ratio: 0.794
[INFO] Iters: 22692,total_loss: 0.072,loss_x: 0.105,loss_u_s: 0.067,loss_u_m: 0.074,loss_u_fp: 0.007,mask_ratio: 0.804
[INFO] ***** Evaluation ***** >>>> Class [0 background] IoU: 93.79
[INFO] ***** Evaluation ***** >>>> Class [1 aeroplane] IoU: 91.35
[INFO] ***** Evaluation ***** >>>> Class [2 bicycle] IoU: 43.46
[INFO] ***** Evaluation ***** >>>> Class [3 bird] IoU: 88.78
[INFO] ***** Evaluation ***** >>>> Class [4 boat] IoU: 71.46
[INFO] ***** Evaluation ***** >>>> Class [5 bottle] IoU: 76.75
[INFO] ***** Evaluation ***** >>>> Class [6 bus] IoU: 93.83
[INFO] ***** Evaluation ***** >>>> Class [7 car] IoU: 85.99
[INFO] ***** Evaluation ***** >>>> Class [8 cat] IoU: 92.06
[INFO] ***** Evaluation ***** >>>> Class [9 chair] IoU: 37.31
[INFO] ***** Evaluation ***** >>>> Class [10 cow] IoU: 88.75
[INFO] ***** Evaluation ***** >>>> Class [11 dining table] IoU: 60.24
[INFO] ***** Evaluation ***** >>>> Class [12 dog] IoU: 88.18
[INFO] ***** Evaluation ***** >>>> Class [13 horse] IoU: 87.88
[INFO] ***** Evaluation ***** >>>> Class [14 motorbike] IoU: 83.93
[INFO] ***** Evaluation ***** >>>> Class [15 person] IoU: 85.15
[INFO] ***** Evaluation ***** >>>> Class [16 potted plant] IoU: 59.89
[INFO] ***** Evaluation ***** >>>> Class [17 sheep] IoU: 85.82
[INFO] ***** Evaluation ***** >>>> Class [18 sofa] IoU: 43.43
[INFO] ***** Evaluation ***** >>>> Class [19 train] IoU: 86.16
[INFO] ***** Evaluation ***** >>>> Class [20 tv/monitor] IoU: 66.16
[INFO] ***** Evaluation ***** original >>>> MeanIoU: 76.68

[INFO] Pseudo-label epoch summary | epoch=22, generated_epoch=763240484, selected_epoch=606011455, epoch_rate=0.793998, generated_cum=17527251470, selected_cum=12486278804, cum_rate=0.712392
[INFO] ===========> Epoch: 23, LR: 0.00074, Previous best val_mIOU: 76.84
[INFO] Iters: 22816,total_loss: 0.074,loss_x: 0.108,loss_u_s: 0.068,loss_u_m: 0.076,loss_u_fp: 0.008,mask_ratio: 0.804
[INFO] Iters: 22940,total_loss: 0.077,loss_x: 0.112,loss_u_s: 0.076,loss_u_m: 0.077,loss_u_fp: 0.007,mask_ratio: 0.786
[INFO] Iters: 23064,total_loss: 0.083,loss_x: 0.123,loss_u_s: 0.077,loss_u_m: 0.078,loss_u_fp: 0.008,mask_ratio: 0.785
[INFO] Iters: 23188,total_loss: 0.075,loss_x: 0.107,loss_u_s: 0.073,loss_u_m: 0.085,loss_u_fp: 0.007,mask_ratio: 0.781
[INFO] Iters: 23312,total_loss: 0.074,loss_x: 0.104,loss_u_s: 0.080,loss_u_m: 0.080,loss_u_fp: 0.007,mask_ratio: 0.782
[INFO] Iters: 23436,total_loss: 0.073,loss_x: 0.103,loss_u_s: 0.085,loss_u_m: 0.077,loss_u_fp: 0.007,mask_ratio: 0.807
[INFO] Iters: 23560,total_loss: 0.073,loss_x: 0.102,loss_u_s: 0.084,loss_u_m: 0.077,loss_u_fp: 0.009,mask_ratio: 0.802
[INFO] Iters: 23684,total_loss: 0.074,loss_x: 0.107,loss_u_s: 0.075,loss_u_m: 0.074,loss_u_fp: 0.007,mask_ratio: 0.798
[INFO] ***** Evaluation ***** >>>> Class [0 background] IoU: 93.79
[INFO] ***** Evaluation ***** >>>> Class [1 aeroplane] IoU: 91.31
[INFO] ***** Evaluation ***** >>>> Class [2 bicycle] IoU: 43.64
[INFO] ***** Evaluation ***** >>>> Class [3 bird] IoU: 89.07
[INFO] ***** Evaluation ***** >>>> Class [4 boat] IoU: 70.01
[INFO] ***** Evaluation ***** >>>> Class [5 bottle] IoU: 77.33
[INFO] ***** Evaluation ***** >>>> Class [6 bus] IoU: 92.25
[INFO] ***** Evaluation ***** >>>> Class [7 car] IoU: 86.77
[INFO] ***** Evaluation ***** >>>> Class [8 cat] IoU: 92.30
[INFO] ***** Evaluation ***** >>>> Class [9 chair] IoU: 38.54
[INFO] ***** Evaluation ***** >>>> Class [10 cow] IoU: 83.61
[INFO] ***** Evaluation ***** >>>> Class [11 dining table] IoU: 54.46
[INFO] ***** Evaluation ***** >>>> Class [12 dog] IoU: 88.27
[INFO] ***** Evaluation ***** >>>> Class [13 horse] IoU: 85.77
[INFO] ***** Evaluation ***** >>>> Class [14 motorbike] IoU: 83.51
[INFO] ***** Evaluation ***** >>>> Class [15 person] IoU: 84.89
[INFO] ***** Evaluation ***** >>>> Class [16 potted plant] IoU: 57.25
[INFO] ***** Evaluation ***** >>>> Class [17 sheep] IoU: 87.83
[INFO] ***** Evaluation ***** >>>> Class [18 sofa] IoU: 43.41
[INFO] ***** Evaluation ***** >>>> Class [19 train] IoU: 85.47
[INFO] ***** Evaluation ***** >>>> Class [20 tv/monitor] IoU: 65.95
[INFO] ***** Evaluation ***** original >>>> MeanIoU: 75.97

[INFO] Pseudo-label epoch summary | epoch=23, generated_epoch=758899608, selected_epoch=599940910, epoch_rate=0.790541, generated_cum=18286151078, selected_cum=13086219714, cum_rate=0.715636
[INFO] ===========> Epoch: 24, LR: 0.00073, Previous best val_mIOU: 76.84
[INFO] Iters: 23808,total_loss: 0.077,loss_x: 0.113,loss_u_s: 0.076,loss_u_m: 0.075,loss_u_fp: 0.008,mask_ratio: 0.786
[INFO] Iters: 23932,total_loss: 0.070,loss_x: 0.101,loss_u_s: 0.077,loss_u_m: 0.066,loss_u_fp: 0.006,mask_ratio: 0.787
[INFO] Iters: 24056,total_loss: 0.077,loss_x: 0.116,loss_u_s: 0.068,loss_u_m: 0.071,loss_u_fp: 0.007,mask_ratio: 0.788
[INFO] Iters: 24180,total_loss: 0.077,loss_x: 0.113,loss_u_s: 0.069,loss_u_m: 0.081,loss_u_fp: 0.006,mask_ratio: 0.790
[INFO] Iters: 24304,total_loss: 0.071,loss_x: 0.103,loss_u_s: 0.071,loss_u_m: 0.073,loss_u_fp: 0.007,mask_ratio: 0.800
[INFO] Iters: 24428,total_loss: 0.071,loss_x: 0.105,loss_u_s: 0.063,loss_u_m: 0.070,loss_u_fp: 0.009,mask_ratio: 0.793
[INFO] Iters: 24552,total_loss: 0.070,loss_x: 0.100,loss_u_s: 0.081,loss_u_m: 0.066,loss_u_fp: 0.007,mask_ratio: 0.795
[INFO] Iters: 24676,total_loss: 0.072,loss_x: 0.100,loss_u_s: 0.078,loss_u_m: 0.086,loss_u_fp: 0.007,mask_ratio: 0.803
[INFO] ***** Evaluation ***** >>>> Class [0 background] IoU: 93.76
[INFO] ***** Evaluation ***** >>>> Class [1 aeroplane] IoU: 91.18
[INFO] ***** Evaluation ***** >>>> Class [2 bicycle] IoU: 43.92
[INFO] ***** Evaluation ***** >>>> Class [3 bird] IoU: 88.70
[INFO] ***** Evaluation ***** >>>> Class [4 boat] IoU: 72.08
[INFO] ***** Evaluation ***** >>>> Class [5 bottle] IoU: 78.93
[INFO] ***** Evaluation ***** >>>> Class [6 bus] IoU: 94.10
[INFO] ***** Evaluation ***** >>>> Class [7 car] IoU: 87.72
[INFO] ***** Evaluation ***** >>>> Class [8 cat] IoU: 92.56
[INFO] ***** Evaluation ***** >>>> Class [9 chair] IoU: 36.30
[INFO] ***** Evaluation ***** >>>> Class [10 cow] IoU: 85.83
[INFO] ***** Evaluation ***** >>>> Class [11 dining table] IoU: 47.48
[INFO] ***** Evaluation ***** >>>> Class [12 dog] IoU: 87.76
[INFO] ***** Evaluation ***** >>>> Class [13 horse] IoU: 86.77
[INFO] ***** Evaluation ***** >>>> Class [14 motorbike] IoU: 84.50
[INFO] ***** Evaluation ***** >>>> Class [15 person] IoU: 85.22
[INFO] ***** Evaluation ***** >>>> Class [16 potted plant] IoU: 57.33
[INFO] ***** Evaluation ***** >>>> Class [17 sheep] IoU: 83.90
[INFO] ***** Evaluation ***** >>>> Class [18 sofa] IoU: 44.80
[INFO] ***** Evaluation ***** >>>> Class [19 train] IoU: 86.24
[INFO] ***** Evaluation ***** >>>> Class [20 tv/monitor] IoU: 65.47
[INFO] ***** Evaluation ***** original >>>> MeanIoU: 75.93

[INFO] Pseudo-label epoch summary | epoch=24, generated_epoch=762320621, selected_epoch=606109611, epoch_rate=0.795085, generated_cum=19048471699, selected_cum=13692329325, cum_rate=0.718815
[INFO] ===========> Epoch: 25, LR: 0.00071, Previous best val_mIOU: 76.84
[INFO] Iters: 24800,total_loss: 0.075,loss_x: 0.105,loss_u_s: 0.079,loss_u_m: 0.081,loss_u_fp: 0.008,mask_ratio: 0.806
[INFO] Iters: 24924,total_loss: 0.075,loss_x: 0.111,loss_u_s: 0.069,loss_u_m: 0.073,loss_u_fp: 0.007,mask_ratio: 0.799
[INFO] Iters: 25048,total_loss: 0.070,loss_x: 0.106,loss_u_s: 0.058,loss_u_m: 0.064,loss_u_fp: 0.007,mask_ratio: 0.795
[INFO] Iters: 25172,total_loss: 0.067,loss_x: 0.098,loss_u_s: 0.064,loss_u_m: 0.066,loss_u_fp: 0.006,mask_ratio: 0.804
[INFO] Iters: 25296,total_loss: 0.075,loss_x: 0.102,loss_u_s: 0.086,loss_u_m: 0.090,loss_u_fp: 0.007,mask_ratio: 0.792
[INFO] Iters: 25420,total_loss: 0.071,loss_x: 0.101,loss_u_s: 0.076,loss_u_m: 0.074,loss_u_fp: 0.007,mask_ratio: 0.796
[INFO] Iters: 25544,total_loss: 0.070,loss_x: 0.101,loss_u_s: 0.072,loss_u_m: 0.068,loss_u_fp: 0.006,mask_ratio: 0.798
[INFO] Iters: 25668,total_loss: 0.078,loss_x: 0.116,loss_u_s: 0.079,loss_u_m: 0.066,loss_u_fp: 0.006,mask_ratio: 0.789
[INFO] ***** Evaluation ***** >>>> Class [0 background] IoU: 94.18
[INFO] ***** Evaluation ***** >>>> Class [1 aeroplane] IoU: 91.69
[INFO] ***** Evaluation ***** >>>> Class [2 bicycle] IoU: 37.77
[INFO] ***** Evaluation ***** >>>> Class [3 bird] IoU: 90.29
[INFO] ***** Evaluation ***** >>>> Class [4 boat] IoU: 69.85
[INFO] ***** Evaluation ***** >>>> Class [5 bottle] IoU: 81.07
[INFO] ***** Evaluation ***** >>>> Class [6 bus] IoU: 94.00
[INFO] ***** Evaluation ***** >>>> Class [7 car] IoU: 86.20
[INFO] ***** Evaluation ***** >>>> Class [8 cat] IoU: 91.24
[INFO] ***** Evaluation ***** >>>> Class [9 chair] IoU: 37.24
[INFO] ***** Evaluation ***** >>>> Class [10 cow] IoU: 90.18
[INFO] ***** Evaluation ***** >>>> Class [11 dining table] IoU: 50.03
[INFO] ***** Evaluation ***** >>>> Class [12 dog] IoU: 88.39
[INFO] ***** Evaluation ***** >>>> Class [13 horse] IoU: 87.81
[INFO] ***** Evaluation ***** >>>> Class [14 motorbike] IoU: 74.67
[INFO] ***** Evaluation ***** >>>> Class [15 person] IoU: 85.51
[INFO] ***** Evaluation ***** >>>> Class [16 potted plant] IoU: 61.48
[INFO] ***** Evaluation ***** >>>> Class [17 sheep] IoU: 89.39
[INFO] ***** Evaluation ***** >>>> Class [18 sofa] IoU: 47.81
[INFO] ***** Evaluation ***** >>>> Class [19 train] IoU: 88.71
[INFO] ***** Evaluation ***** >>>> Class [20 tv/monitor] IoU: 68.26
[INFO] ***** Evaluation ***** original >>>> MeanIoU: 76.47

[INFO] Pseudo-label epoch summary | epoch=25, generated_epoch=761177760, selected_epoch=605493872, epoch_rate=0.795470, generated_cum=19809649459, selected_cum=14297823197, cum_rate=0.721761
[INFO] ===========> Epoch: 26, LR: 0.00070, Previous best val_mIOU: 76.84
[INFO] Iters: 25792,total_loss: 0.071,loss_x: 0.102,loss_u_s: 0.071,loss_u_m: 0.073,loss_u_fp: 0.007,mask_ratio: 0.793
[INFO] Iters: 25916,total_loss: 0.072,loss_x: 0.104,loss_u_s: 0.070,loss_u_m: 0.081,loss_u_fp: 0.006,mask_ratio: 0.788
[INFO] Iters: 26040,total_loss: 0.071,loss_x: 0.105,loss_u_s: 0.071,loss_u_m: 0.065,loss_u_fp: 0.007,mask_ratio: 0.798
[INFO] Iters: 26164,total_loss: 0.074,loss_x: 0.112,loss_u_s: 0.059,loss_u_m: 0.075,loss_u_fp: 0.006,mask_ratio: 0.797
[INFO] Iters: 26288,total_loss: 0.073,loss_x: 0.107,loss_u_s: 0.068,loss_u_m: 0.074,loss_u_fp: 0.006,mask_ratio: 0.796
[INFO] Iters: 26412,total_loss: 0.073,loss_x: 0.107,loss_u_s: 0.068,loss_u_m: 0.075,loss_u_fp: 0.006,mask_ratio: 0.800
[INFO] Iters: 26536,total_loss: 0.075,loss_x: 0.107,loss_u_s: 0.077,loss_u_m: 0.080,loss_u_fp: 0.007,mask_ratio: 0.798
[INFO] Iters: 26660,total_loss: 0.079,loss_x: 0.109,loss_u_s: 0.088,loss_u_m: 0.094,loss_u_fp: 0.007,mask_ratio: 0.801
[INFO] ***** Evaluation ***** >>>> Class [0 background] IoU: 94.04
[INFO] ***** Evaluation ***** >>>> Class [1 aeroplane] IoU: 90.05
[INFO] ***** Evaluation ***** >>>> Class [2 bicycle] IoU: 43.61
[INFO] ***** Evaluation ***** >>>> Class [3 bird] IoU: 90.21
[INFO] ***** Evaluation ***** >>>> Class [4 boat] IoU: 70.72
[INFO] ***** Evaluation ***** >>>> Class [5 bottle] IoU: 81.11
[INFO] ***** Evaluation ***** >>>> Class [6 bus] IoU: 91.47
[INFO] ***** Evaluation ***** >>>> Class [7 car] IoU: 85.79
[INFO] ***** Evaluation ***** >>>> Class [8 cat] IoU: 92.16
[INFO] ***** Evaluation ***** >>>> Class [9 chair] IoU: 38.26
[INFO] ***** Evaluation ***** >>>> Class [10 cow] IoU: 90.77
[INFO] ***** Evaluation ***** >>>> Class [11 dining table] IoU: 47.21
[INFO] ***** Evaluation ***** >>>> Class [12 dog] IoU: 86.09
[INFO] ***** Evaluation ***** >>>> Class [13 horse] IoU: 87.29
[INFO] ***** Evaluation ***** >>>> Class [14 motorbike] IoU: 81.28
[INFO] ***** Evaluation ***** >>>> Class [15 person] IoU: 86.37
[INFO] ***** Evaluation ***** >>>> Class [16 potted plant] IoU: 63.04
[INFO] ***** Evaluation ***** >>>> Class [17 sheep] IoU: 88.65
[INFO] ***** Evaluation ***** >>>> Class [18 sofa] IoU: 46.79
[INFO] ***** Evaluation ***** >>>> Class [19 train] IoU: 84.06
[INFO] ***** Evaluation ***** >>>> Class [20 tv/monitor] IoU: 67.95
[INFO] ***** Evaluation ***** original >>>> MeanIoU: 76.52

[INFO] Pseudo-label epoch summary | epoch=26, generated_epoch=758637323, selected_epoch=604250412, epoch_rate=0.796494, generated_cum=20568286782, selected_cum=14902073609, cum_rate=0.724517
[INFO] ===========> Epoch: 27, LR: 0.00069, Previous best val_mIOU: 76.84
[INFO] Iters: 26784,total_loss: 0.072,loss_x: 0.101,loss_u_s: 0.085,loss_u_m: 0.072,loss_u_fp: 0.007,mask_ratio: 0.797
[INFO] Iters: 26908,total_loss: 0.072,loss_x: 0.102,loss_u_s: 0.069,loss_u_m: 0.084,loss_u_fp: 0.007,mask_ratio: 0.796
[INFO] Iters: 27032,total_loss: 0.072,loss_x: 0.103,loss_u_s: 0.078,loss_u_m: 0.065,loss_u_fp: 0.008,mask_ratio: 0.797
[INFO] Iters: 27156,total_loss: 0.071,loss_x: 0.104,loss_u_s: 0.069,loss_u_m: 0.074,loss_u_fp: 0.006,mask_ratio: 0.798
[INFO] Iters: 27280,total_loss: 0.071,loss_x: 0.100,loss_u_s: 0.075,loss_u_m: 0.078,loss_u_fp: 0.006,mask_ratio: 0.809
[INFO] Iters: 27404,total_loss: 0.073,loss_x: 0.102,loss_u_s: 0.081,loss_u_m: 0.080,loss_u_fp: 0.007,mask_ratio: 0.792
[INFO] Iters: 27528,total_loss: 0.070,loss_x: 0.102,loss_u_s: 0.066,loss_u_m: 0.068,loss_u_fp: 0.007,mask_ratio: 0.802
[INFO] Iters: 27652,total_loss: 0.070,loss_x: 0.100,loss_u_s: 0.071,loss_u_m: 0.079,loss_u_fp: 0.006,mask_ratio: 0.800
[INFO] ***** Evaluation ***** >>>> Class [0 background] IoU: 94.04
[INFO] ***** Evaluation ***** >>>> Class [1 aeroplane] IoU: 91.33
[INFO] ***** Evaluation ***** >>>> Class [2 bicycle] IoU: 42.82
[INFO] ***** Evaluation ***** >>>> Class [3 bird] IoU: 90.50
[INFO] ***** Evaluation ***** >>>> Class [4 boat] IoU: 70.39
[INFO] ***** Evaluation ***** >>>> Class [5 bottle] IoU: 80.38
[INFO] ***** Evaluation ***** >>>> Class [6 bus] IoU: 91.64
[INFO] ***** Evaluation ***** >>>> Class [7 car] IoU: 87.82
[INFO] ***** Evaluation ***** >>>> Class [8 cat] IoU: 92.49
[INFO] ***** Evaluation ***** >>>> Class [9 chair] IoU: 36.53
[INFO] ***** Evaluation ***** >>>> Class [10 cow] IoU: 87.95
[INFO] ***** Evaluation ***** >>>> Class [11 dining table] IoU: 54.76
[INFO] ***** Evaluation ***** >>>> Class [12 dog] IoU: 87.55
[INFO] ***** Evaluation ***** >>>> Class [13 horse] IoU: 87.00
[INFO] ***** Evaluation ***** >>>> Class [14 motorbike] IoU: 81.69
[INFO] ***** Evaluation ***** >>>> Class [15 person] IoU: 86.05
[INFO] ***** Evaluation ***** >>>> Class [16 potted plant] IoU: 60.60
[INFO] ***** Evaluation ***** >>>> Class [17 sheep] IoU: 89.41
[INFO] ***** Evaluation ***** >>>> Class [18 sofa] IoU: 46.91
[INFO] ***** Evaluation ***** >>>> Class [19 train] IoU: 83.07
[INFO] ***** Evaluation ***** >>>> Class [20 tv/monitor] IoU: 67.51
[INFO] ***** Evaluation ***** original >>>> MeanIoU: 76.69

[INFO] Pseudo-label epoch summary | epoch=27, generated_epoch=763885654, selected_epoch=609635584, epoch_rate=0.798072, generated_cum=21332172436, selected_cum=15511709193, cum_rate=0.727151
[INFO] ===========> Epoch: 28, LR: 0.00068, Previous best val_mIOU: 76.84
[INFO] Iters: 27776,total_loss: 0.067,loss_x: 0.099,loss_u_s: 0.067,loss_u_m: 0.059,loss_u_fp: 0.006,mask_ratio: 0.792
[INFO] Iters: 27900,total_loss: 0.071,loss_x: 0.102,loss_u_s: 0.071,loss_u_m: 0.079,loss_u_fp: 0.007,mask_ratio: 0.811
[INFO] Iters: 28024,total_loss: 0.070,loss_x: 0.099,loss_u_s: 0.064,loss_u_m: 0.086,loss_u_fp: 0.007,mask_ratio: 0.802
[INFO] Iters: 28148,total_loss: 0.069,loss_x: 0.098,loss_u_s: 0.068,loss_u_m: 0.077,loss_u_fp: 0.007,mask_ratio: 0.803
[INFO] Iters: 28272,total_loss: 0.069,loss_x: 0.094,loss_u_s: 0.095,loss_u_m: 0.068,loss_u_fp: 0.008,mask_ratio: 0.802
[INFO] Iters: 28396,total_loss: 0.066,loss_x: 0.094,loss_u_s: 0.062,loss_u_m: 0.078,loss_u_fp: 0.007,mask_ratio: 0.812
[INFO] Iters: 28520,total_loss: 0.072,loss_x: 0.100,loss_u_s: 0.079,loss_u_m: 0.085,loss_u_fp: 0.007,mask_ratio: 0.799
[INFO] Iters: 28644,total_loss: 0.071,loss_x: 0.104,loss_u_s: 0.077,loss_u_m: 0.065,loss_u_fp: 0.007,mask_ratio: 0.805
[INFO] ***** Evaluation ***** >>>> Class [0 background] IoU: 93.89
[INFO] ***** Evaluation ***** >>>> Class [1 aeroplane] IoU: 90.48
[INFO] ***** Evaluation ***** >>>> Class [2 bicycle] IoU: 43.48
[INFO] ***** Evaluation ***** >>>> Class [3 bird] IoU: 89.08
[INFO] ***** Evaluation ***** >>>> Class [4 boat] IoU: 70.98
[INFO] ***** Evaluation ***** >>>> Class [5 bottle] IoU: 79.62
[INFO] ***** Evaluation ***** >>>> Class [6 bus] IoU: 94.44
[INFO] ***** Evaluation ***** >>>> Class [7 car] IoU: 87.04
[INFO] ***** Evaluation ***** >>>> Class [8 cat] IoU: 92.90
[INFO] ***** Evaluation ***** >>>> Class [9 chair] IoU: 37.96
[INFO] ***** Evaluation ***** >>>> Class [10 cow] IoU: 88.12
[INFO] ***** Evaluation ***** >>>> Class [11 dining table] IoU: 49.33
[INFO] ***** Evaluation ***** >>>> Class [12 dog] IoU: 89.01
[INFO] ***** Evaluation ***** >>>> Class [13 horse] IoU: 86.12
[INFO] ***** Evaluation ***** >>>> Class [14 motorbike] IoU: 80.59
[INFO] ***** Evaluation ***** >>>> Class [15 person] IoU: 85.33
[INFO] ***** Evaluation ***** >>>> Class [16 potted plant] IoU: 60.09
[INFO] ***** Evaluation ***** >>>> Class [17 sheep] IoU: 87.24
[INFO] ***** Evaluation ***** >>>> Class [18 sofa] IoU: 43.81
[INFO] ***** Evaluation ***** >>>> Class [19 train] IoU: 87.59
[INFO] ***** Evaluation ***** >>>> Class [20 tv/monitor] IoU: 65.43
[INFO] ***** Evaluation ***** original >>>> MeanIoU: 76.31

[INFO] Pseudo-label epoch summary | epoch=28, generated_epoch=763712227, selected_epoch=614449006, epoch_rate=0.804556, generated_cum=22095884663, selected_cum=16126158199, cum_rate=0.729826
[INFO] ===========> Epoch: 29, LR: 0.00067, Previous best val_mIOU: 76.84
[INFO] Iters: 28768,total_loss: 0.068,loss_x: 0.095,loss_u_s: 0.069,loss_u_m: 0.081,loss_u_fp: 0.007,mask_ratio: 0.803
[INFO] Iters: 28892,total_loss: 0.067,loss_x: 0.097,loss_u_s: 0.075,loss_u_m: 0.065,loss_u_fp: 0.006,mask_ratio: 0.798
[INFO] Iters: 29016,total_loss: 0.071,loss_x: 0.104,loss_u_s: 0.080,loss_u_m: 0.064,loss_u_fp: 0.006,mask_ratio: 0.815
[INFO] Iters: 29140,total_loss: 0.067,loss_x: 0.095,loss_u_s: 0.067,loss_u_m: 0.078,loss_u_fp: 0.007,mask_ratio: 0.803
[INFO] Iters: 29264,total_loss: 0.068,loss_x: 0.097,loss_u_s: 0.070,loss_u_m: 0.071,loss_u_fp: 0.006,mask_ratio: 0.814
[INFO] Iters: 29388,total_loss: 0.070,loss_x: 0.102,loss_u_s: 0.078,loss_u_m: 0.063,loss_u_fp: 0.006,mask_ratio: 0.809
[INFO] Iters: 29512,total_loss: 0.066,loss_x: 0.092,loss_u_s: 0.066,loss_u_m: 0.084,loss_u_fp: 0.006,mask_ratio: 0.808
[INFO] Iters: 29636,total_loss: 0.066,loss_x: 0.095,loss_u_s: 0.072,loss_u_m: 0.065,loss_u_fp: 0.006,mask_ratio: 0.814
[INFO] ***** Evaluation ***** >>>> Class [0 background] IoU: 94.05
[INFO] ***** Evaluation ***** >>>> Class [1 aeroplane] IoU: 90.80
[INFO] ***** Evaluation ***** >>>> Class [2 bicycle] IoU: 44.96
[INFO] ***** Evaluation ***** >>>> Class [3 bird] IoU: 90.16
[INFO] ***** Evaluation ***** >>>> Class [4 boat] IoU: 73.85
[INFO] ***** Evaluation ***** >>>> Class [5 bottle] IoU: 81.38
[INFO] ***** Evaluation ***** >>>> Class [6 bus] IoU: 92.00
[INFO] ***** Evaluation ***** >>>> Class [7 car] IoU: 88.80
[INFO] ***** Evaluation ***** >>>> Class [8 cat] IoU: 93.20
[INFO] ***** Evaluation ***** >>>> Class [9 chair] IoU: 38.01
[INFO] ***** Evaluation ***** >>>> Class [10 cow] IoU: 83.78
[INFO] ***** Evaluation ***** >>>> Class [11 dining table] IoU: 41.90
[INFO] ***** Evaluation ***** >>>> Class [12 dog] IoU: 86.90
[INFO] ***** Evaluation ***** >>>> Class [13 horse] IoU: 85.93
[INFO] ***** Evaluation ***** >>>> Class [14 motorbike] IoU: 85.50
[INFO] ***** Evaluation ***** >>>> Class [15 person] IoU: 85.35
[INFO] ***** Evaluation ***** >>>> Class [16 potted plant] IoU: 57.35
[INFO] ***** Evaluation ***** >>>> Class [17 sheep] IoU: 88.77
[INFO] ***** Evaluation ***** >>>> Class [18 sofa] IoU: 50.11
[INFO] ***** Evaluation ***** >>>> Class [19 train] IoU: 85.04
[INFO] ***** Evaluation ***** >>>> Class [20 tv/monitor] IoU: 67.06
[INFO] ***** Evaluation ***** original >>>> MeanIoU: 76.42

[INFO] Pseudo-label epoch summary | epoch=29, generated_epoch=764018618, selected_epoch=617369688, epoch_rate=0.808056, generated_cum=22859903281, selected_cum=16743527887, cum_rate=0.732441
[INFO] ===========> Epoch: 30, LR: 0.00066, Previous best val_mIOU: 76.84
[INFO] Iters: 29760,total_loss: 0.068,loss_x: 0.094,loss_u_s: 0.076,loss_u_m: 0.075,loss_u_fp: 0.008,mask_ratio: 0.807
[INFO] Iters: 29884,total_loss: 0.066,loss_x: 0.085,loss_u_s: 0.092,loss_u_m: 0.078,loss_u_fp: 0.007,mask_ratio: 0.815
[INFO] Iters: 30008,total_loss: 0.065,loss_x: 0.097,loss_u_s: 0.060,loss_u_m: 0.062,loss_u_fp: 0.006,mask_ratio: 0.807
[INFO] Iters: 30132,total_loss: 0.062,loss_x: 0.087,loss_u_s: 0.062,loss_u_m: 0.070,loss_u_fp: 0.007,mask_ratio: 0.817
[INFO] Iters: 30256,total_loss: 0.064,loss_x: 0.093,loss_u_s: 0.066,loss_u_m: 0.061,loss_u_fp: 0.006,mask_ratio: 0.817
[INFO] Iters: 30380,total_loss: 0.070,loss_x: 0.099,loss_u_s: 0.069,loss_u_m: 0.080,loss_u_fp: 0.007,mask_ratio: 0.804
[INFO] Iters: 30504,total_loss: 0.064,loss_x: 0.089,loss_u_s: 0.073,loss_u_m: 0.072,loss_u_fp: 0.006,mask_ratio: 0.804
[INFO] Iters: 30628,total_loss: 0.068,loss_x: 0.094,loss_u_s: 0.076,loss_u_m: 0.080,loss_u_fp: 0.006,mask_ratio: 0.810
[INFO] ***** Evaluation ***** >>>> Class [0 background] IoU: 94.15
[INFO] ***** Evaluation ***** >>>> Class [1 aeroplane] IoU: 91.68
[INFO] ***** Evaluation ***** >>>> Class [2 bicycle] IoU: 43.67
[INFO] ***** Evaluation ***** >>>> Class [3 bird] IoU: 90.01
[INFO] ***** Evaluation ***** >>>> Class [4 boat] IoU: 72.35
[INFO] ***** Evaluation ***** >>>> Class [5 bottle] IoU: 79.59
[INFO] ***** Evaluation ***** >>>> Class [6 bus] IoU: 94.65
[INFO] ***** Evaluation ***** >>>> Class [7 car] IoU: 88.24
[INFO] ***** Evaluation ***** >>>> Class [8 cat] IoU: 91.92
[INFO] ***** Evaluation ***** >>>> Class [9 chair] IoU: 40.39
[INFO] ***** Evaluation ***** >>>> Class [10 cow] IoU: 85.32
[INFO] ***** Evaluation ***** >>>> Class [11 dining table] IoU: 51.05
[INFO] ***** Evaluation ***** >>>> Class [12 dog] IoU: 85.74
[INFO] ***** Evaluation ***** >>>> Class [13 horse] IoU: 85.38
[INFO] ***** Evaluation ***** >>>> Class [14 motorbike] IoU: 84.30
[INFO] ***** Evaluation ***** >>>> Class [15 person] IoU: 85.57
[INFO] ***** Evaluation ***** >>>> Class [16 potted plant] IoU: 57.41
[INFO] ***** Evaluation ***** >>>> Class [17 sheep] IoU: 87.59
[INFO] ***** Evaluation ***** >>>> Class [18 sofa] IoU: 49.36
[INFO] ***** Evaluation ***** >>>> Class [19 train] IoU: 88.42
[INFO] ***** Evaluation ***** >>>> Class [20 tv/monitor] IoU: 68.67
[INFO] ***** Evaluation ***** original >>>> MeanIoU: 76.93

[INFO] Pseudo-label epoch summary | epoch=30, generated_epoch=760920618, selected_epoch=615541077, epoch_rate=0.808943, generated_cum=23620823899, selected_cum=17359068964, cum_rate=0.734905
[INFO] ===========> Epoch: 31, LR: 0.00064, Previous best val_mIOU: 76.93
[INFO] Iters: 30752,total_loss: 0.063,loss_x: 0.087,loss_u_s: 0.080,loss_u_m: 0.065,loss_u_fp: 0.007,mask_ratio: 0.799
[INFO] Iters: 30876,total_loss: 0.066,loss_x: 0.094,loss_u_s: 0.070,loss_u_m: 0.072,loss_u_fp: 0.006,mask_ratio: 0.815
[INFO] Iters: 31000,total_loss: 0.061,loss_x: 0.086,loss_u_s: 0.064,loss_u_m: 0.067,loss_u_fp: 0.007,mask_ratio: 0.827
[INFO] Iters: 31124,total_loss: 0.064,loss_x: 0.089,loss_u_s: 0.071,loss_u_m: 0.074,loss_u_fp: 0.007,mask_ratio: 0.821
[INFO] Iters: 31248,total_loss: 0.065,loss_x: 0.091,loss_u_s: 0.073,loss_u_m: 0.069,loss_u_fp: 0.006,mask_ratio: 0.813
[INFO] Iters: 31372,total_loss: 0.067,loss_x: 0.092,loss_u_s: 0.076,loss_u_m: 0.080,loss_u_fp: 0.007,mask_ratio: 0.808
[INFO] Iters: 31496,total_loss: 0.066,loss_x: 0.092,loss_u_s: 0.074,loss_u_m: 0.070,loss_u_fp: 0.006,mask_ratio: 0.814
[INFO] Iters: 31620,total_loss: 0.065,loss_x: 0.088,loss_u_s: 0.082,loss_u_m: 0.074,loss_u_fp: 0.007,mask_ratio: 0.812
[INFO] ***** Evaluation ***** >>>> Class [0 background] IoU: 93.91
[INFO] ***** Evaluation ***** >>>> Class [1 aeroplane] IoU: 91.46
[INFO] ***** Evaluation ***** >>>> Class [2 bicycle] IoU: 43.55
[INFO] ***** Evaluation ***** >>>> Class [3 bird] IoU: 90.36
[INFO] ***** Evaluation ***** >>>> Class [4 boat] IoU: 70.51
[INFO] ***** Evaluation ***** >>>> Class [5 bottle] IoU: 78.36
[INFO] ***** Evaluation ***** >>>> Class [6 bus] IoU: 93.08
[INFO] ***** Evaluation ***** >>>> Class [7 car] IoU: 88.99
[INFO] ***** Evaluation ***** >>>> Class [8 cat] IoU: 93.03
[INFO] ***** Evaluation ***** >>>> Class [9 chair] IoU: 32.47
[INFO] ***** Evaluation ***** >>>> Class [10 cow] IoU: 80.75
[INFO] ***** Evaluation ***** >>>> Class [11 dining table] IoU: 47.59
[INFO] ***** Evaluation ***** >>>> Class [12 dog] IoU: 85.48
[INFO] ***** Evaluation ***** >>>> Class [13 horse] IoU: 87.01
[INFO] ***** Evaluation ***** >>>> Class [14 motorbike] IoU: 85.24
[INFO] ***** Evaluation ***** >>>> Class [15 person] IoU: 85.49
[INFO] ***** Evaluation ***** >>>> Class [16 potted plant] IoU: 57.19
[INFO] ***** Evaluation ***** >>>> Class [17 sheep] IoU: 89.06
[INFO] ***** Evaluation ***** >>>> Class [18 sofa] IoU: 49.25
[INFO] ***** Evaluation ***** >>>> Class [19 train] IoU: 86.22
[INFO] ***** Evaluation ***** >>>> Class [20 tv/monitor] IoU: 66.71
[INFO] ***** Evaluation ***** original >>>> MeanIoU: 75.99

[INFO] Pseudo-label epoch summary | epoch=31, generated_epoch=762542858, selected_epoch=622209268, epoch_rate=0.815966, generated_cum=24383366757, selected_cum=17981278232, cum_rate=0.737440
[INFO] ===========> Epoch: 32, LR: 0.00063, Previous best val_mIOU: 76.93
[INFO] Iters: 31744,total_loss: 0.064,loss_x: 0.088,loss_u_s: 0.073,loss_u_m: 0.074,loss_u_fp: 0.007,mask_ratio: 0.818
[INFO] Iters: 31868,total_loss: 0.063,loss_x: 0.089,loss_u_s: 0.072,loss_u_m: 0.062,loss_u_fp: 0.006,mask_ratio: 0.805
[INFO] Iters: 31992,total_loss: 0.067,loss_x: 0.095,loss_u_s: 0.076,loss_u_m: 0.073,loss_u_fp: 0.006,mask_ratio: 0.813
[INFO] Iters: 32116,total_loss: 0.063,loss_x: 0.091,loss_u_s: 0.070,loss_u_m: 0.057,loss_u_fp: 0.006,mask_ratio: 0.818
[INFO] Iters: 32240,total_loss: 0.066,loss_x: 0.092,loss_u_s: 0.069,loss_u_m: 0.071,loss_u_fp: 0.010,mask_ratio: 0.814
[INFO] Iters: 32364,total_loss: 0.079,loss_x: 0.118,loss_u_s: 0.072,loss_u_m: 0.076,loss_u_fp: 0.006,mask_ratio: 0.798
[INFO] Iters: 32488,total_loss: 0.068,loss_x: 0.094,loss_u_s: 0.073,loss_u_m: 0.075,loss_u_fp: 0.008,mask_ratio: 0.809
[INFO] Iters: 32612,total_loss: 0.067,loss_x: 0.099,loss_u_s: 0.067,loss_u_m: 0.062,loss_u_fp: 0.006,mask_ratio: 0.803
[INFO] ***** Evaluation ***** >>>> Class [0 background] IoU: 94.06
[INFO] ***** Evaluation ***** >>>> Class [1 aeroplane] IoU: 91.33
[INFO] ***** Evaluation ***** >>>> Class [2 bicycle] IoU: 43.59
[INFO] ***** Evaluation ***** >>>> Class [3 bird] IoU: 90.85
[INFO] ***** Evaluation ***** >>>> Class [4 boat] IoU: 73.21
[INFO] ***** Evaluation ***** >>>> Class [5 bottle] IoU: 78.81
[INFO] ***** Evaluation ***** >>>> Class [6 bus] IoU: 92.50
[INFO] ***** Evaluation ***** >>>> Class [7 car] IoU: 88.46
[INFO] ***** Evaluation ***** >>>> Class [8 cat] IoU: 93.62
[INFO] ***** Evaluation ***** >>>> Class [9 chair] IoU: 35.47
[INFO] ***** Evaluation ***** >>>> Class [10 cow] IoU: 85.41
[INFO] ***** Evaluation ***** >>>> Class [11 dining table] IoU: 48.99
[INFO] ***** Evaluation ***** >>>> Class [12 dog] IoU: 86.96
[INFO] ***** Evaluation ***** >>>> Class [13 horse] IoU: 87.59
[INFO] ***** Evaluation ***** >>>> Class [14 motorbike] IoU: 84.52
[INFO] ***** Evaluation ***** >>>> Class [15 person] IoU: 85.51
[INFO] ***** Evaluation ***** >>>> Class [16 potted plant] IoU: 60.76
[INFO] ***** Evaluation ***** >>>> Class [17 sheep] IoU: 87.88
[INFO] ***** Evaluation ***** >>>> Class [18 sofa] IoU: 51.25
[INFO] ***** Evaluation ***** >>>> Class [19 train] IoU: 86.61
[INFO] ***** Evaluation ***** >>>> Class [20 tv/monitor] IoU: 65.80
[INFO] ***** Evaluation ***** original >>>> MeanIoU: 76.82

[INFO] Pseudo-label epoch summary | epoch=32, generated_epoch=762076882, selected_epoch=616485975, epoch_rate=0.808955, generated_cum=25145443639, selected_cum=18597764207, cum_rate=0.739608
[INFO] ===========> Epoch: 33, LR: 0.00062, Previous best val_mIOU: 76.93
[INFO] Iters: 32736,total_loss: 0.067,loss_x: 0.090,loss_u_s: 0.078,loss_u_m: 0.081,loss_u_fp: 0.007,mask_ratio: 0.815
[INFO] Iters: 32860,total_loss: 0.071,loss_x: 0.103,loss_u_s: 0.077,loss_u_m: 0.070,loss_u_fp: 0.006,mask_ratio: 0.815
[INFO] Iters: 32984,total_loss: 0.068,loss_x: 0.097,loss_u_s: 0.080,loss_u_m: 0.065,loss_u_fp: 0.007,mask_ratio: 0.800
[INFO] Iters: 33108,total_loss: 0.068,loss_x: 0.096,loss_u_s: 0.073,loss_u_m: 0.074,loss_u_fp: 0.006,mask_ratio: 0.800
[INFO] Iters: 33232,total_loss: 0.061,loss_x: 0.086,loss_u_s: 0.069,loss_u_m: 0.068,loss_u_fp: 0.005,mask_ratio: 0.816
[INFO] Iters: 33356,total_loss: 0.068,loss_x: 0.099,loss_u_s: 0.064,loss_u_m: 0.072,loss_u_fp: 0.007,mask_ratio: 0.804
[INFO] Iters: 33480,total_loss: 0.064,loss_x: 0.093,loss_u_s: 0.064,loss_u_m: 0.065,loss_u_fp: 0.006,mask_ratio: 0.820
[INFO] Iters: 33604,total_loss: 0.066,loss_x: 0.093,loss_u_s: 0.076,loss_u_m: 0.062,loss_u_fp: 0.007,mask_ratio: 0.819
[INFO] ***** Evaluation ***** >>>> Class [0 background] IoU: 94.20
[INFO] ***** Evaluation ***** >>>> Class [1 aeroplane] IoU: 92.10
[INFO] ***** Evaluation ***** >>>> Class [2 bicycle] IoU: 45.23
[INFO] ***** Evaluation ***** >>>> Class [3 bird] IoU: 91.12
[INFO] ***** Evaluation ***** >>>> Class [4 boat] IoU: 73.59
[INFO] ***** Evaluation ***** >>>> Class [5 bottle] IoU: 80.13
[INFO] ***** Evaluation ***** >>>> Class [6 bus] IoU: 94.91
[INFO] ***** Evaluation ***** >>>> Class [7 car] IoU: 89.13
[INFO] ***** Evaluation ***** >>>> Class [8 cat] IoU: 92.96
[INFO] ***** Evaluation ***** >>>> Class [9 chair] IoU: 37.88
[INFO] ***** Evaluation ***** >>>> Class [10 cow] IoU: 86.59
[INFO] ***** Evaluation ***** >>>> Class [11 dining table] IoU: 48.97
[INFO] ***** Evaluation ***** >>>> Class [12 dog] IoU: 88.77
[INFO] ***** Evaluation ***** >>>> Class [13 horse] IoU: 87.16
[INFO] ***** Evaluation ***** >>>> Class [14 motorbike] IoU: 85.39
[INFO] ***** Evaluation ***** >>>> Class [15 person] IoU: 85.66
[INFO] ***** Evaluation ***** >>>> Class [16 potted plant] IoU: 62.07
[INFO] ***** Evaluation ***** >>>> Class [17 sheep] IoU: 86.52
[INFO] ***** Evaluation ***** >>>> Class [18 sofa] IoU: 45.57
[INFO] ***** Evaluation ***** >>>> Class [19 train] IoU: 89.42
[INFO] ***** Evaluation ***** >>>> Class [20 tv/monitor] IoU: 70.49
[INFO] ***** Evaluation ***** original >>>> MeanIoU: 77.52

[INFO] Pseudo-label epoch summary | epoch=33, generated_epoch=763902681, selected_epoch=618890209, epoch_rate=0.810169, generated_cum=25909346320, selected_cum=19216654416, cum_rate=0.741688
[INFO] ===========> Epoch: 34, LR: 0.00061, Previous best val_mIOU: 77.52
[INFO] Iters: 33728,total_loss: 0.067,loss_x: 0.094,loss_u_s: 0.073,loss_u_m: 0.079,loss_u_fp: 0.006,mask_ratio: 0.811
[INFO] Iters: 33852,total_loss: 0.067,loss_x: 0.095,loss_u_s: 0.068,loss_u_m: 0.074,loss_u_fp: 0.006,mask_ratio: 0.812
[INFO] Iters: 33976,total_loss: 0.061,loss_x: 0.084,loss_u_s: 0.066,loss_u_m: 0.072,loss_u_fp: 0.006,mask_ratio: 0.823
[INFO] Iters: 34100,total_loss: 0.073,loss_x: 0.106,loss_u_s: 0.068,loss_u_m: 0.076,loss_u_fp: 0.006,mask_ratio: 0.801
[INFO] Iters: 34224,total_loss: 0.065,loss_x: 0.095,loss_u_s: 0.063,loss_u_m: 0.068,loss_u_fp: 0.006,mask_ratio: 0.813
[INFO] Iters: 34348,total_loss: 0.065,loss_x: 0.092,loss_u_s: 0.073,loss_u_m: 0.066,loss_u_fp: 0.005,mask_ratio: 0.808
[INFO] Iters: 34472,total_loss: 0.066,loss_x: 0.092,loss_u_s: 0.078,loss_u_m: 0.071,loss_u_fp: 0.006,mask_ratio: 0.812
[INFO] Iters: 34596,total_loss: 0.063,loss_x: 0.087,loss_u_s: 0.066,loss_u_m: 0.075,loss_u_fp: 0.006,mask_ratio: 0.808
[INFO] ***** Evaluation ***** >>>> Class [0 background] IoU: 94.11
[INFO] ***** Evaluation ***** >>>> Class [1 aeroplane] IoU: 91.86
[INFO] ***** Evaluation ***** >>>> Class [2 bicycle] IoU: 44.40
[INFO] ***** Evaluation ***** >>>> Class [3 bird] IoU: 89.29
[INFO] ***** Evaluation ***** >>>> Class [4 boat] IoU: 72.52
[INFO] ***** Evaluation ***** >>>> Class [5 bottle] IoU: 79.88
[INFO] ***** Evaluation ***** >>>> Class [6 bus] IoU: 94.61
[INFO] ***** Evaluation ***** >>>> Class [7 car] IoU: 89.00
[INFO] ***** Evaluation ***** >>>> Class [8 cat] IoU: 93.16
[INFO] ***** Evaluation ***** >>>> Class [9 chair] IoU: 37.18
[INFO] ***** Evaluation ***** >>>> Class [10 cow] IoU: 84.88
[INFO] ***** Evaluation ***** >>>> Class [11 dining table] IoU: 49.68
[INFO] ***** Evaluation ***** >>>> Class [12 dog] IoU: 87.71
[INFO] ***** Evaluation ***** >>>> Class [13 horse] IoU: 85.81
[INFO] ***** Evaluation ***** >>>> Class [14 motorbike] IoU: 86.67
[INFO] ***** Evaluation ***** >>>> Class [15 person] IoU: 86.10
[INFO] ***** Evaluation ***** >>>> Class [16 potted plant] IoU: 57.43
[INFO] ***** Evaluation ***** >>>> Class [17 sheep] IoU: 88.51
[INFO] ***** Evaluation ***** >>>> Class [18 sofa] IoU: 52.35
[INFO] ***** Evaluation ***** >>>> Class [19 train] IoU: 87.55
[INFO] ***** Evaluation ***** >>>> Class [20 tv/monitor] IoU: 66.10
[INFO] ***** Evaluation ***** original >>>> MeanIoU: 77.09

[INFO] Pseudo-label epoch summary | epoch=34, generated_epoch=759639854, selected_epoch=616843094, epoch_rate=0.812020, generated_cum=26668986174, selected_cum=19833497510, cum_rate=0.743691
[INFO] ===========> Epoch: 35, LR: 0.00060, Previous best val_mIOU: 77.52
[INFO] Iters: 34720,total_loss: 0.062,loss_x: 0.088,loss_u_s: 0.058,loss_u_m: 0.072,loss_u_fp: 0.006,mask_ratio: 0.819
[INFO] Iters: 34844,total_loss: 0.064,loss_x: 0.090,loss_u_s: 0.074,loss_u_m: 0.065,loss_u_fp: 0.007,mask_ratio: 0.815
[INFO] Iters: 34968,total_loss: 0.065,loss_x: 0.091,loss_u_s: 0.068,loss_u_m: 0.075,loss_u_fp: 0.007,mask_ratio: 0.808
[INFO] Iters: 35092,total_loss: 0.067,loss_x: 0.101,loss_u_s: 0.067,loss_u_m: 0.054,loss_u_fp: 0.006,mask_ratio: 0.824
[INFO] Iters: 35216,total_loss: 0.064,loss_x: 0.091,loss_u_s: 0.072,loss_u_m: 0.064,loss_u_fp: 0.006,mask_ratio: 0.808
[INFO] Iters: 35340,total_loss: 0.061,loss_x: 0.090,loss_u_s: 0.052,loss_u_m: 0.063,loss_u_fp: 0.007,mask_ratio: 0.815
[INFO] Iters: 35464,total_loss: 0.065,loss_x: 0.087,loss_u_s: 0.075,loss_u_m: 0.076,loss_u_fp: 0.009,mask_ratio: 0.818
[INFO] Iters: 35588,total_loss: 0.065,loss_x: 0.088,loss_u_s: 0.081,loss_u_m: 0.072,loss_u_fp: 0.006,mask_ratio: 0.813
[INFO] ***** Evaluation ***** >>>> Class [0 background] IoU: 93.98
[INFO] ***** Evaluation ***** >>>> Class [1 aeroplane] IoU: 91.79
[INFO] ***** Evaluation ***** >>>> Class [2 bicycle] IoU: 44.44
[INFO] ***** Evaluation ***** >>>> Class [3 bird] IoU: 90.21
[INFO] ***** Evaluation ***** >>>> Class [4 boat] IoU: 72.07
[INFO] ***** Evaluation ***** >>>> Class [5 bottle] IoU: 78.82
[INFO] ***** Evaluation ***** >>>> Class [6 bus] IoU: 94.49
[INFO] ***** Evaluation ***** >>>> Class [7 car] IoU: 88.96
[INFO] ***** Evaluation ***** >>>> Class [8 cat] IoU: 93.66
[INFO] ***** Evaluation ***** >>>> Class [9 chair] IoU: 37.44
[INFO] ***** Evaluation ***** >>>> Class [10 cow] IoU: 90.04
[INFO] ***** Evaluation ***** >>>> Class [11 dining table] IoU: 42.21
[INFO] ***** Evaluation ***** >>>> Class [12 dog] IoU: 88.25
[INFO] ***** Evaluation ***** >>>> Class [13 horse] IoU: 87.07
[INFO] ***** Evaluation ***** >>>> Class [14 motorbike] IoU: 85.38
[INFO] ***** Evaluation ***** >>>> Class [15 person] IoU: 85.54
[INFO] ***** Evaluation ***** >>>> Class [16 potted plant] IoU: 54.88
[INFO] ***** Evaluation ***** >>>> Class [17 sheep] IoU: 86.97
[INFO] ***** Evaluation ***** >>>> Class [18 sofa] IoU: 49.78
[INFO] ***** Evaluation ***** >>>> Class [19 train] IoU: 88.90
[INFO] ***** Evaluation ***** >>>> Class [20 tv/monitor] IoU: 70.25
[INFO] ***** Evaluation ***** original >>>> MeanIoU: 76.91

[INFO] Pseudo-label epoch summary | epoch=35, generated_epoch=762064288, selected_epoch=620432459, epoch_rate=0.814147, generated_cum=27431050462, selected_cum=20453929969, cum_rate=0.745649
[INFO] ===========> Epoch: 36, LR: 0.00058, Previous best val_mIOU: 77.52
[INFO] Iters: 35712,total_loss: 0.063,loss_x: 0.087,loss_u_s: 0.077,loss_u_m: 0.067,loss_u_fp: 0.006,mask_ratio: 0.812
[INFO] Iters: 35836,total_loss: 0.059,loss_x: 0.084,loss_u_s: 0.062,loss_u_m: 0.062,loss_u_fp: 0.005,mask_ratio: 0.817
[INFO] Iters: 35960,total_loss: 0.062,loss_x: 0.085,loss_u_s: 0.078,loss_u_m: 0.066,loss_u_fp: 0.007,mask_ratio: 0.820
[INFO] Iters: 36084,total_loss: 0.064,loss_x: 0.087,loss_u_s: 0.076,loss_u_m: 0.079,loss_u_fp: 0.006,mask_ratio: 0.815
[INFO] Iters: 36208,total_loss: 0.069,loss_x: 0.098,loss_u_s: 0.084,loss_u_m: 0.063,loss_u_fp: 0.006,mask_ratio: 0.820
[INFO] Iters: 36332,total_loss: 0.064,loss_x: 0.093,loss_u_s: 0.069,loss_u_m: 0.061,loss_u_fp: 0.005,mask_ratio: 0.813
[INFO] Iters: 36456,total_loss: 0.061,loss_x: 0.088,loss_u_s: 0.065,loss_u_m: 0.058,loss_u_fp: 0.006,mask_ratio: 0.823
[INFO] Iters: 36580,total_loss: 0.060,loss_x: 0.083,loss_u_s: 0.073,loss_u_m: 0.062,loss_u_fp: 0.006,mask_ratio: 0.835
[INFO] ***** Evaluation ***** >>>> Class [0 background] IoU: 94.06
[INFO] ***** Evaluation ***** >>>> Class [1 aeroplane] IoU: 91.76
[INFO] ***** Evaluation ***** >>>> Class [2 bicycle] IoU: 45.23
[INFO] ***** Evaluation ***** >>>> Class [3 bird] IoU: 89.69
[INFO] ***** Evaluation ***** >>>> Class [4 boat] IoU: 71.71
[INFO] ***** Evaluation ***** >>>> Class [5 bottle] IoU: 79.52
[INFO] ***** Evaluation ***** >>>> Class [6 bus] IoU: 93.27
[INFO] ***** Evaluation ***** >>>> Class [7 car] IoU: 90.04
[INFO] ***** Evaluation ***** >>>> Class [8 cat] IoU: 93.97
[INFO] ***** Evaluation ***** >>>> Class [9 chair] IoU: 38.00
[INFO] ***** Evaluation ***** >>>> Class [10 cow] IoU: 83.37
[INFO] ***** Evaluation ***** >>>> Class [11 dining table] IoU: 46.94
[INFO] ***** Evaluation ***** >>>> Class [12 dog] IoU: 86.65
[INFO] ***** Evaluation ***** >>>> Class [13 horse] IoU: 85.78
[INFO] ***** Evaluation ***** >>>> Class [14 motorbike] IoU: 86.13
[INFO] ***** Evaluation ***** >>>> Class [15 person] IoU: 85.37
[INFO] ***** Evaluation ***** >>>> Class [16 potted plant] IoU: 57.56
[INFO] ***** Evaluation ***** >>>> Class [17 sheep] IoU: 88.43
[INFO] ***** Evaluation ***** >>>> Class [18 sofa] IoU: 52.15
[INFO] ***** Evaluation ***** >>>> Class [19 train] IoU: 87.97
[INFO] ***** Evaluation ***** >>>> Class [20 tv/monitor] IoU: 64.29
[INFO] ***** Evaluation ***** original >>>> MeanIoU: 76.76

[INFO] Pseudo-label epoch summary | epoch=36, generated_epoch=759090674, selected_epoch=622443957, epoch_rate=0.819986, generated_cum=28190141136, selected_cum=21076373926, cum_rate=0.747651
[INFO] ===========> Epoch: 37, LR: 0.00057, Previous best val_mIOU: 77.52
[INFO] Iters: 36704,total_loss: 0.069,loss_x: 0.099,loss_u_s: 0.075,loss_u_m: 0.067,loss_u_fp: 0.006,mask_ratio: 0.818
[INFO] Iters: 36828,total_loss: 0.062,loss_x: 0.090,loss_u_s: 0.059,loss_u_m: 0.070,loss_u_fp: 0.005,mask_ratio: 0.814
[INFO] Iters: 36952,total_loss: 0.069,loss_x: 0.103,loss_u_s: 0.065,loss_u_m: 0.058,loss_u_fp: 0.007,mask_ratio: 0.812
[INFO] Iters: 37076,total_loss: 0.058,loss_x: 0.082,loss_u_s: 0.062,loss_u_m: 0.064,loss_u_fp: 0.006,mask_ratio: 0.825
[INFO] Iters: 37200,total_loss: 0.065,loss_x: 0.089,loss_u_s: 0.065,loss_u_m: 0.084,loss_u_fp: 0.006,mask_ratio: 0.811
[INFO] Iters: 37324,total_loss: 0.062,loss_x: 0.088,loss_u_s: 0.070,loss_u_m: 0.064,loss_u_fp: 0.006,mask_ratio: 0.816
[INFO] Iters: 37448,total_loss: 0.060,loss_x: 0.085,loss_u_s: 0.062,loss_u_m: 0.070,loss_u_fp: 0.006,mask_ratio: 0.817
[INFO] Iters: 37572,total_loss: 0.064,loss_x: 0.090,loss_u_s: 0.076,loss_u_m: 0.066,loss_u_fp: 0.006,mask_ratio: 0.824
[INFO] ***** Evaluation ***** >>>> Class [0 background] IoU: 94.02
[INFO] ***** Evaluation ***** >>>> Class [1 aeroplane] IoU: 91.96
[INFO] ***** Evaluation ***** >>>> Class [2 bicycle] IoU: 43.26
[INFO] ***** Evaluation ***** >>>> Class [3 bird] IoU: 89.85
[INFO] ***** Evaluation ***** >>>> Class [4 boat] IoU: 72.83
[INFO] ***** Evaluation ***** >>>> Class [5 bottle] IoU: 79.60
[INFO] ***** Evaluation ***** >>>> Class [6 bus] IoU: 95.07
[INFO] ***** Evaluation ***** >>>> Class [7 car] IoU: 88.46
[INFO] ***** Evaluation ***** >>>> Class [8 cat] IoU: 93.93
[INFO] ***** Evaluation ***** >>>> Class [9 chair] IoU: 38.96
[INFO] ***** Evaluation ***** >>>> Class [10 cow] IoU: 87.26
[INFO] ***** Evaluation ***** >>>> Class [11 dining table] IoU: 40.85
[INFO] ***** Evaluation ***** >>>> Class [12 dog] IoU: 87.41
[INFO] ***** Evaluation ***** >>>> Class [13 horse] IoU: 86.74
[INFO] ***** Evaluation ***** >>>> Class [14 motorbike] IoU: 84.62
[INFO] ***** Evaluation ***** >>>> Class [15 person] IoU: 85.74
[INFO] ***** Evaluation ***** >>>> Class [16 potted plant] IoU: 57.32
[INFO] ***** Evaluation ***** >>>> Class [17 sheep] IoU: 87.19
[INFO] ***** Evaluation ***** >>>> Class [18 sofa] IoU: 50.97
[INFO] ***** Evaluation ***** >>>> Class [19 train] IoU: 88.64
[INFO] ***** Evaluation ***** >>>> Class [20 tv/monitor] IoU: 67.49
[INFO] ***** Evaluation ***** original >>>> MeanIoU: 76.77

[INFO] Pseudo-label epoch summary | epoch=37, generated_epoch=762600792, selected_epoch=623383432, epoch_rate=0.817444, generated_cum=28952741928, selected_cum=21699757358, cum_rate=0.749489
[INFO] ===========> Epoch: 38, LR: 0.00056, Previous best val_mIOU: 77.52
[INFO] Iters: 37696,total_loss: 0.060,loss_x: 0.082,loss_u_s: 0.086,loss_u_m: 0.057,loss_u_fp: 0.006,mask_ratio: 0.821
[INFO] Iters: 37820,total_loss: 0.063,loss_x: 0.092,loss_u_s: 0.063,loss_u_m: 0.064,loss_u_fp: 0.006,mask_ratio: 0.832
[INFO] Iters: 37944,total_loss: 0.061,loss_x: 0.084,loss_u_s: 0.070,loss_u_m: 0.064,loss_u_fp: 0.007,mask_ratio: 0.823
[INFO] Iters: 38068,total_loss: 0.063,loss_x: 0.091,loss_u_s: 0.069,loss_u_m: 0.060,loss_u_fp: 0.006,mask_ratio: 0.816
[INFO] Iters: 38192,total_loss: 0.060,loss_x: 0.082,loss_u_s: 0.068,loss_u_m: 0.072,loss_u_fp: 0.007,mask_ratio: 0.823
[INFO] Iters: 38316,total_loss: 0.060,loss_x: 0.083,loss_u_s: 0.064,loss_u_m: 0.074,loss_u_fp: 0.007,mask_ratio: 0.818
[INFO] Iters: 38440,total_loss: 0.062,loss_x: 0.085,loss_u_s: 0.067,loss_u_m: 0.072,loss_u_fp: 0.007,mask_ratio: 0.830
[INFO] Iters: 38564,total_loss: 0.063,loss_x: 0.087,loss_u_s: 0.071,loss_u_m: 0.072,loss_u_fp: 0.005,mask_ratio: 0.821
[INFO] ***** Evaluation ***** >>>> Class [0 background] IoU: 94.06
[INFO] ***** Evaluation ***** >>>> Class [1 aeroplane] IoU: 92.23
[INFO] ***** Evaluation ***** >>>> Class [2 bicycle] IoU: 44.69
[INFO] ***** Evaluation ***** >>>> Class [3 bird] IoU: 90.03
[INFO] ***** Evaluation ***** >>>> Class [4 boat] IoU: 73.61
[INFO] ***** Evaluation ***** >>>> Class [5 bottle] IoU: 77.63
[INFO] ***** Evaluation ***** >>>> Class [6 bus] IoU: 95.25
[INFO] ***** Evaluation ***** >>>> Class [7 car] IoU: 87.09
[INFO] ***** Evaluation ***** >>>> Class [8 cat] IoU: 92.49
[INFO] ***** Evaluation ***** >>>> Class [9 chair] IoU: 37.74
[INFO] ***** Evaluation ***** >>>> Class [10 cow] IoU: 81.03
[INFO] ***** Evaluation ***** >>>> Class [11 dining table] IoU: 43.49
[INFO] ***** Evaluation ***** >>>> Class [12 dog] IoU: 88.24
[INFO] ***** Evaluation ***** >>>> Class [13 horse] IoU: 78.21
[INFO] ***** Evaluation ***** >>>> Class [14 motorbike] IoU: 82.87
[INFO] ***** Evaluation ***** >>>> Class [15 person] IoU: 86.22
[INFO] ***** Evaluation ***** >>>> Class [16 potted plant] IoU: 54.75
[INFO] ***** Evaluation ***** >>>> Class [17 sheep] IoU: 86.99
[INFO] ***** Evaluation ***** >>>> Class [18 sofa] IoU: 50.50
[INFO] ***** Evaluation ***** >>>> Class [19 train] IoU: 89.05
[INFO] ***** Evaluation ***** >>>> Class [20 tv/monitor] IoU: 68.76
[INFO] ***** Evaluation ***** original >>>> MeanIoU: 75.95

[INFO] Pseudo-label epoch summary | epoch=38, generated_epoch=759858253, selected_epoch=624672897, epoch_rate=0.822091, generated_cum=29712600181, selected_cum=22324430255, cum_rate=0.751346
[INFO] ===========> Epoch: 39, LR: 0.00055, Previous best val_mIOU: 77.52
[INFO] Iters: 38688,total_loss: 0.061,loss_x: 0.083,loss_u_s: 0.068,loss_u_m: 0.072,loss_u_fp: 0.006,mask_ratio: 0.816
[INFO] Iters: 38812,total_loss: 0.065,loss_x: 0.093,loss_u_s: 0.066,loss_u_m: 0.072,loss_u_fp: 0.005,mask_ratio: 0.817
[INFO] Iters: 38936,total_loss: 0.065,loss_x: 0.089,loss_u_s: 0.084,loss_u_m: 0.068,loss_u_fp: 0.006,mask_ratio: 0.816
[INFO] Iters: 39060,total_loss: 0.061,loss_x: 0.086,loss_u_s: 0.059,loss_u_m: 0.077,loss_u_fp: 0.006,mask_ratio: 0.821
[INFO] Iters: 39184,total_loss: 0.060,loss_x: 0.081,loss_u_s: 0.068,loss_u_m: 0.072,loss_u_fp: 0.006,mask_ratio: 0.823
[INFO] Iters: 39308,total_loss: 0.059,loss_x: 0.082,loss_u_s: 0.060,loss_u_m: 0.071,loss_u_fp: 0.005,mask_ratio: 0.830
[INFO] Iters: 39432,total_loss: 0.066,loss_x: 0.094,loss_u_s: 0.070,loss_u_m: 0.066,loss_u_fp: 0.007,mask_ratio: 0.811
[INFO] Iters: 39556,total_loss: 0.063,loss_x: 0.087,loss_u_s: 0.074,loss_u_m: 0.070,loss_u_fp: 0.006,mask_ratio: 0.813
[INFO] ***** Evaluation ***** >>>> Class [0 background] IoU: 94.09
[INFO] ***** Evaluation ***** >>>> Class [1 aeroplane] IoU: 91.43
[INFO] ***** Evaluation ***** >>>> Class [2 bicycle] IoU: 44.95
[INFO] ***** Evaluation ***** >>>> Class [3 bird] IoU: 89.87
[INFO] ***** Evaluation ***** >>>> Class [4 boat] IoU: 74.33
[INFO] ***** Evaluation ***** >>>> Class [5 bottle] IoU: 82.67
[INFO] ***** Evaluation ***** >>>> Class [6 bus] IoU: 94.35
[INFO] ***** Evaluation ***** >>>> Class [7 car] IoU: 86.19
[INFO] ***** Evaluation ***** >>>> Class [8 cat] IoU: 93.53
[INFO] ***** Evaluation ***** >>>> Class [9 chair] IoU: 35.31
[INFO] ***** Evaluation ***** >>>> Class [10 cow] IoU: 81.61
[INFO] ***** Evaluation ***** >>>> Class [11 dining table] IoU: 35.28
[INFO] ***** Evaluation ***** >>>> Class [12 dog] IoU: 86.45
[INFO] ***** Evaluation ***** >>>> Class [13 horse] IoU: 84.74
[INFO] ***** Evaluation ***** >>>> Class [14 motorbike] IoU: 81.82
[INFO] ***** Evaluation ***** >>>> Class [15 person] IoU: 86.53
[INFO] ***** Evaluation ***** >>>> Class [16 potted plant] IoU: 59.65
[INFO] ***** Evaluation ***** >>>> Class [17 sheep] IoU: 85.94
[INFO] ***** Evaluation ***** >>>> Class [18 sofa] IoU: 49.96
[INFO] ***** Evaluation ***** >>>> Class [19 train] IoU: 88.76
[INFO] ***** Evaluation ***** >>>> Class [20 tv/monitor] IoU: 70.69
[INFO] ***** Evaluation ***** original >>>> MeanIoU: 76.10

[INFO] Pseudo-label epoch summary | epoch=39, generated_epoch=762449719, selected_epoch=623965446, epoch_rate=0.818369, generated_cum=30475049900, selected_cum=22948395701, cum_rate=0.753022
[INFO] ===========> Epoch: 40, LR: 0.00054, Previous best val_mIOU: 77.52
[INFO] Iters: 39680,total_loss: 0.059,loss_x: 0.081,loss_u_s: 0.069,loss_u_m: 0.065,loss_u_fp: 0.006,mask_ratio: 0.819
[INFO] Iters: 39804,total_loss: 0.058,loss_x: 0.083,loss_u_s: 0.062,loss_u_m: 0.059,loss_u_fp: 0.006,mask_ratio: 0.833
[INFO] Iters: 39928,total_loss: 0.057,loss_x: 0.078,loss_u_s: 0.065,loss_u_m: 0.066,loss_u_fp: 0.007,mask_ratio: 0.836
[INFO] Iters: 40052,total_loss: 0.063,loss_x: 0.086,loss_u_s: 0.072,loss_u_m: 0.071,loss_u_fp: 0.006,mask_ratio: 0.821
[INFO] Iters: 40176,total_loss: 0.057,loss_x: 0.077,loss_u_s: 0.064,loss_u_m: 0.069,loss_u_fp: 0.007,mask_ratio: 0.822
[INFO] Iters: 40300,total_loss: 0.063,loss_x: 0.085,loss_u_s: 0.080,loss_u_m: 0.070,loss_u_fp: 0.007,mask_ratio: 0.821
[INFO] Iters: 40424,total_loss: 0.061,loss_x: 0.087,loss_u_s: 0.066,loss_u_m: 0.066,loss_u_fp: 0.006,mask_ratio: 0.831
[INFO] Iters: 40548,total_loss: 0.059,loss_x: 0.083,loss_u_s: 0.067,loss_u_m: 0.063,loss_u_fp: 0.007,mask_ratio: 0.832
[INFO] ***** Evaluation ***** >>>> Class [0 background] IoU: 94.15
[INFO] ***** Evaluation ***** >>>> Class [1 aeroplane] IoU: 91.71
[INFO] ***** Evaluation ***** >>>> Class [2 bicycle] IoU: 43.44
[INFO] ***** Evaluation ***** >>>> Class [3 bird] IoU: 89.66
[INFO] ***** Evaluation ***** >>>> Class [4 boat] IoU: 72.82
[INFO] ***** Evaluation ***** >>>> Class [5 bottle] IoU: 80.28
[INFO] ***** Evaluation ***** >>>> Class [6 bus] IoU: 95.37
[INFO] ***** Evaluation ***** >>>> Class [7 car] IoU: 88.11
[INFO] ***** Evaluation ***** >>>> Class [8 cat] IoU: 93.86
[INFO] ***** Evaluation ***** >>>> Class [9 chair] IoU: 42.77
[INFO] ***** Evaluation ***** >>>> Class [10 cow] IoU: 84.11
[INFO] ***** Evaluation ***** >>>> Class [11 dining table] IoU: 39.01
[INFO] ***** Evaluation ***** >>>> Class [12 dog] IoU: 87.47
[INFO] ***** Evaluation ***** >>>> Class [13 horse] IoU: 85.46
[INFO] ***** Evaluation ***** >>>> Class [14 motorbike] IoU: 83.39
[INFO] ***** Evaluation ***** >>>> Class [15 person] IoU: 86.15
[INFO] ***** Evaluation ***** >>>> Class [16 potted plant] IoU: 59.27
[INFO] ***** Evaluation ***** >>>> Class [17 sheep] IoU: 89.27
[INFO] ***** Evaluation ***** >>>> Class [18 sofa] IoU: 55.09
[INFO] ***** Evaluation ***** >>>> Class [19 train] IoU: 86.92
[INFO] ***** Evaluation ***** >>>> Class [20 tv/monitor] IoU: 69.54
[INFO] ***** Evaluation ***** original >>>> MeanIoU: 77.04

[INFO] Pseudo-label epoch summary | epoch=40, generated_epoch=760148873, selected_epoch=628351221, epoch_rate=0.826616, generated_cum=31235198773, selected_cum=23576746922, cum_rate=0.754813
[INFO] ===========> Epoch: 41, LR: 0.00052, Previous best val_mIOU: 77.52
[INFO] Iters: 40672,total_loss: 0.060,loss_x: 0.082,loss_u_s: 0.065,loss_u_m: 0.070,loss_u_fp: 0.007,mask_ratio: 0.821
[INFO] Iters: 40796,total_loss: 0.055,loss_x: 0.078,loss_u_s: 0.060,loss_u_m: 0.060,loss_u_fp: 0.005,mask_ratio: 0.838
[INFO] Iters: 40920,total_loss: 0.058,loss_x: 0.082,loss_u_s: 0.059,loss_u_m: 0.061,loss_u_fp: 0.007,mask_ratio: 0.832
[INFO] Iters: 41044,total_loss: 0.058,loss_x: 0.079,loss_u_s: 0.064,loss_u_m: 0.068,loss_u_fp: 0.007,mask_ratio: 0.829
[INFO] Iters: 41168,total_loss: 0.061,loss_x: 0.081,loss_u_s: 0.083,loss_u_m: 0.069,loss_u_fp: 0.007,mask_ratio: 0.823
[INFO] Iters: 41292,total_loss: 0.060,loss_x: 0.085,loss_u_s: 0.062,loss_u_m: 0.069,loss_u_fp: 0.005,mask_ratio: 0.823
[INFO] Iters: 41416,total_loss: 0.058,loss_x: 0.080,loss_u_s: 0.070,loss_u_m: 0.064,loss_u_fp: 0.006,mask_ratio: 0.833
[INFO] Iters: 41540,total_loss: 0.063,loss_x: 0.085,loss_u_s: 0.075,loss_u_m: 0.076,loss_u_fp: 0.007,mask_ratio: 0.828
[INFO] ***** Evaluation ***** >>>> Class [0 background] IoU: 94.20
[INFO] ***** Evaluation ***** >>>> Class [1 aeroplane] IoU: 90.97
[INFO] ***** Evaluation ***** >>>> Class [2 bicycle] IoU: 44.83
[INFO] ***** Evaluation ***** >>>> Class [3 bird] IoU: 90.11
[INFO] ***** Evaluation ***** >>>> Class [4 boat] IoU: 72.52
[INFO] ***** Evaluation ***** >>>> Class [5 bottle] IoU: 80.73
[INFO] ***** Evaluation ***** >>>> Class [6 bus] IoU: 95.17
[INFO] ***** Evaluation ***** >>>> Class [7 car] IoU: 87.58
[INFO] ***** Evaluation ***** >>>> Class [8 cat] IoU: 94.26
[INFO] ***** Evaluation ***** >>>> Class [9 chair] IoU: 36.28
[INFO] ***** Evaluation ***** >>>> Class [10 cow] IoU: 84.88
[INFO] ***** Evaluation ***** >>>> Class [11 dining table] IoU: 45.99
[INFO] ***** Evaluation ***** >>>> Class [12 dog] IoU: 87.91
[INFO] ***** Evaluation ***** >>>> Class [13 horse] IoU: 85.50
[INFO] ***** Evaluation ***** >>>> Class [14 motorbike] IoU: 84.39
[INFO] ***** Evaluation ***** >>>> Class [15 person] IoU: 86.44
[INFO] ***** Evaluation ***** >>>> Class [16 potted plant] IoU: 56.72
[INFO] ***** Evaluation ***** >>>> Class [17 sheep] IoU: 89.16
[INFO] ***** Evaluation ***** >>>> Class [18 sofa] IoU: 49.13
[INFO] ***** Evaluation ***** >>>> Class [19 train] IoU: 88.20
[INFO] ***** Evaluation ***** >>>> Class [20 tv/monitor] IoU: 69.20
[INFO] ***** Evaluation ***** original >>>> MeanIoU: 76.87

[INFO] Pseudo-label epoch summary | epoch=41, generated_epoch=760079127, selected_epoch=629692915, epoch_rate=0.828457, generated_cum=31995277900, selected_cum=24206439837, cum_rate=0.756563
[INFO] ===========> Epoch: 42, LR: 0.00051, Previous best val_mIOU: 77.52
[INFO] Iters: 41664,total_loss: 0.061,loss_x: 0.082,loss_u_s: 0.073,loss_u_m: 0.073,loss_u_fp: 0.006,mask_ratio: 0.824
[INFO] Iters: 41788,total_loss: 0.055,loss_x: 0.075,loss_u_s: 0.069,loss_u_m: 0.063,loss_u_fp: 0.006,mask_ratio: 0.813
[INFO] Iters: 41912,total_loss: 0.061,loss_x: 0.082,loss_u_s: 0.071,loss_u_m: 0.077,loss_u_fp: 0.007,mask_ratio: 0.839
[INFO] Iters: 42036,total_loss: 0.054,loss_x: 0.072,loss_u_s: 0.066,loss_u_m: 0.063,loss_u_fp: 0.006,mask_ratio: 0.828
[INFO] Iters: 42160,total_loss: 0.060,loss_x: 0.083,loss_u_s: 0.064,loss_u_m: 0.069,loss_u_fp: 0.005,mask_ratio: 0.833
[INFO] Iters: 42284,total_loss: 0.059,loss_x: 0.081,loss_u_s: 0.070,loss_u_m: 0.066,loss_u_fp: 0.006,mask_ratio: 0.833
[INFO] Iters: 42408,total_loss: 0.063,loss_x: 0.082,loss_u_s: 0.089,loss_u_m: 0.075,loss_u_fp: 0.006,mask_ratio: 0.825
[INFO] Iters: 42532,total_loss: 0.058,loss_x: 0.082,loss_u_s: 0.063,loss_u_m: 0.066,loss_u_fp: 0.006,mask_ratio: 0.826
[INFO] ***** Evaluation ***** >>>> Class [0 background] IoU: 94.22
[INFO] ***** Evaluation ***** >>>> Class [1 aeroplane] IoU: 92.28
[INFO] ***** Evaluation ***** >>>> Class [2 bicycle] IoU: 44.31
[INFO] ***** Evaluation ***** >>>> Class [3 bird] IoU: 90.34
[INFO] ***** Evaluation ***** >>>> Class [4 boat] IoU: 72.49
[INFO] ***** Evaluation ***** >>>> Class [5 bottle] IoU: 82.12
[INFO] ***** Evaluation ***** >>>> Class [6 bus] IoU: 95.15
[INFO] ***** Evaluation ***** >>>> Class [7 car] IoU: 87.17
[INFO] ***** Evaluation ***** >>>> Class [8 cat] IoU: 93.29
[INFO] ***** Evaluation ***** >>>> Class [9 chair] IoU: 40.77
[INFO] ***** Evaluation ***** >>>> Class [10 cow] IoU: 87.76
[INFO] ***** Evaluation ***** >>>> Class [11 dining table] IoU: 45.95
[INFO] ***** Evaluation ***** >>>> Class [12 dog] IoU: 88.67
[INFO] ***** Evaluation ***** >>>> Class [13 horse] IoU: 86.38
[INFO] ***** Evaluation ***** >>>> Class [14 motorbike] IoU: 83.09
[INFO] ***** Evaluation ***** >>>> Class [15 person] IoU: 87.16
[INFO] ***** Evaluation ***** >>>> Class [16 potted plant] IoU: 54.59
[INFO] ***** Evaluation ***** >>>> Class [17 sheep] IoU: 88.26
[INFO] ***** Evaluation ***** >>>> Class [18 sofa] IoU: 46.49
[INFO] ***** Evaluation ***** >>>> Class [19 train] IoU: 89.06
[INFO] ***** Evaluation ***** >>>> Class [20 tv/monitor] IoU: 66.28
[INFO] ***** Evaluation ***** original >>>> MeanIoU: 76.94

[INFO] Pseudo-label epoch summary | epoch=42, generated_epoch=761200666, selected_epoch=630720206, epoch_rate=0.828586, generated_cum=32756478566, selected_cum=24837160043, cum_rate=0.758237
[INFO] ===========> Epoch: 43, LR: 0.00050, Previous best val_mIOU: 77.52
[INFO] Iters: 42656,total_loss: 0.059,loss_x: 0.080,loss_u_s: 0.074,loss_u_m: 0.069,loss_u_fp: 0.006,mask_ratio: 0.834
[INFO] Iters: 42780,total_loss: 0.059,loss_x: 0.082,loss_u_s: 0.060,loss_u_m: 0.073,loss_u_fp: 0.006,mask_ratio: 0.831
[INFO] Iters: 42904,total_loss: 0.056,loss_x: 0.077,loss_u_s: 0.068,loss_u_m: 0.060,loss_u_fp: 0.007,mask_ratio: 0.835
[INFO] Iters: 43028,total_loss: 0.058,loss_x: 0.081,loss_u_s: 0.069,loss_u_m: 0.057,loss_u_fp: 0.006,mask_ratio: 0.838
[INFO] Iters: 43152,total_loss: 0.062,loss_x: 0.086,loss_u_s: 0.067,loss_u_m: 0.074,loss_u_fp: 0.006,mask_ratio: 0.837
[INFO] Iters: 43276,total_loss: 0.061,loss_x: 0.080,loss_u_s: 0.091,loss_u_m: 0.061,loss_u_fp: 0.007,mask_ratio: 0.828
[INFO] Iters: 43400,total_loss: 0.056,loss_x: 0.079,loss_u_s: 0.062,loss_u_m: 0.059,loss_u_fp: 0.006,mask_ratio: 0.834
[INFO] Iters: 43524,total_loss: 0.055,loss_x: 0.074,loss_u_s: 0.071,loss_u_m: 0.060,loss_u_fp: 0.007,mask_ratio: 0.837
[INFO] ***** Evaluation ***** >>>> Class [0 background] IoU: 94.32
[INFO] ***** Evaluation ***** >>>> Class [1 aeroplane] IoU: 91.40
[INFO] ***** Evaluation ***** >>>> Class [2 bicycle] IoU: 43.68
[INFO] ***** Evaluation ***** >>>> Class [3 bird] IoU: 90.36
[INFO] ***** Evaluation ***** >>>> Class [4 boat] IoU: 71.40
[INFO] ***** Evaluation ***** >>>> Class [5 bottle] IoU: 82.55
[INFO] ***** Evaluation ***** >>>> Class [6 bus] IoU: 95.08
[INFO] ***** Evaluation ***** >>>> Class [7 car] IoU: 89.45
[INFO] ***** Evaluation ***** >>>> Class [8 cat] IoU: 93.25
[INFO] ***** Evaluation ***** >>>> Class [9 chair] IoU: 39.37
[INFO] ***** Evaluation ***** >>>> Class [10 cow] IoU: 88.68
[INFO] ***** Evaluation ***** >>>> Class [11 dining table] IoU: 48.21
[INFO] ***** Evaluation ***** >>>> Class [12 dog] IoU: 88.80
[INFO] ***** Evaluation ***** >>>> Class [13 horse] IoU: 87.07
[INFO] ***** Evaluation ***** >>>> Class [14 motorbike] IoU: 86.31
[INFO] ***** Evaluation ***** >>>> Class [15 person] IoU: 86.99
[INFO] ***** Evaluation ***** >>>> Class [16 potted plant] IoU: 56.69
[INFO] ***** Evaluation ***** >>>> Class [17 sheep] IoU: 87.96
[INFO] ***** Evaluation ***** >>>> Class [18 sofa] IoU: 51.24
[INFO] ***** Evaluation ***** >>>> Class [19 train] IoU: 88.76
[INFO] ***** Evaluation ***** >>>> Class [20 tv/monitor] IoU: 69.33
[INFO] ***** Evaluation ***** original >>>> MeanIoU: 77.66

[INFO] Pseudo-label epoch summary | epoch=43, generated_epoch=761034168, selected_epoch=634542288, epoch_rate=0.833789, generated_cum=33517512734, selected_cum=25471702331, cum_rate=0.759952
[INFO] ===========> Epoch: 44, LR: 0.00049, Previous best val_mIOU: 77.66
[INFO] Iters: 43648,total_loss: 0.055,loss_x: 0.075,loss_u_s: 0.061,loss_u_m: 0.066,loss_u_fp: 0.007,mask_ratio: 0.833
[INFO] Iters: 43772,total_loss: 0.055,loss_x: 0.075,loss_u_s: 0.065,loss_u_m: 0.062,loss_u_fp: 0.006,mask_ratio: 0.832
[INFO] Iters: 43896,total_loss: 0.061,loss_x: 0.082,loss_u_s: 0.078,loss_u_m: 0.069,loss_u_fp: 0.008,mask_ratio: 0.837
[INFO] Iters: 44020,total_loss: 0.059,loss_x: 0.082,loss_u_s: 0.068,loss_u_m: 0.063,loss_u_fp: 0.006,mask_ratio: 0.833
[INFO] Iters: 44144,total_loss: 0.058,loss_x: 0.077,loss_u_s: 0.075,loss_u_m: 0.065,loss_u_fp: 0.006,mask_ratio: 0.835
[INFO] Iters: 44268,total_loss: 0.061,loss_x: 0.085,loss_u_s: 0.075,loss_u_m: 0.065,loss_u_fp: 0.006,mask_ratio: 0.826
[INFO] Iters: 44392,total_loss: 0.057,loss_x: 0.079,loss_u_s: 0.062,loss_u_m: 0.069,loss_u_fp: 0.007,mask_ratio: 0.834
[INFO] Iters: 44516,total_loss: 0.058,loss_x: 0.081,loss_u_s: 0.061,loss_u_m: 0.068,loss_u_fp: 0.006,mask_ratio: 0.829
[INFO] ***** Evaluation ***** >>>> Class [0 background] IoU: 94.06
[INFO] ***** Evaluation ***** >>>> Class [1 aeroplane] IoU: 91.56
[INFO] ***** Evaluation ***** >>>> Class [2 bicycle] IoU: 44.84
[INFO] ***** Evaluation ***** >>>> Class [3 bird] IoU: 89.58
[INFO] ***** Evaluation ***** >>>> Class [4 boat] IoU: 73.82
[INFO] ***** Evaluation ***** >>>> Class [5 bottle] IoU: 81.46
[INFO] ***** Evaluation ***** >>>> Class [6 bus] IoU: 94.95
[INFO] ***** Evaluation ***** >>>> Class [7 car] IoU: 89.22
[INFO] ***** Evaluation ***** >>>> Class [8 cat] IoU: 93.49
[INFO] ***** Evaluation ***** >>>> Class [9 chair] IoU: 36.08
[INFO] ***** Evaluation ***** >>>> Class [10 cow] IoU: 89.18
[INFO] ***** Evaluation ***** >>>> Class [11 dining table] IoU: 37.50
[INFO] ***** Evaluation ***** >>>> Class [12 dog] IoU: 89.34
[INFO] ***** Evaluation ***** >>>> Class [13 horse] IoU: 85.67
[INFO] ***** Evaluation ***** >>>> Class [14 motorbike] IoU: 86.59
[INFO] ***** Evaluation ***** >>>> Class [15 person] IoU: 86.22
[INFO] ***** Evaluation ***** >>>> Class [16 potted plant] IoU: 59.21
[INFO] ***** Evaluation ***** >>>> Class [17 sheep] IoU: 89.53
[INFO] ***** Evaluation ***** >>>> Class [18 sofa] IoU: 48.51
[INFO] ***** Evaluation ***** >>>> Class [19 train] IoU: 89.45
[INFO] ***** Evaluation ***** >>>> Class [20 tv/monitor] IoU: 68.15
[INFO] ***** Evaluation ***** original >>>> MeanIoU: 77.07

[INFO] Pseudo-label epoch summary | epoch=44, generated_epoch=764618612, selected_epoch=635533413, epoch_rate=0.831177, generated_cum=34282131346, selected_cum=26107235744, cum_rate=0.761541
[INFO] ===========> Epoch: 45, LR: 0.00048, Previous best val_mIOU: 77.66
[INFO] Iters: 44640,total_loss: 0.058,loss_x: 0.082,loss_u_s: 0.066,loss_u_m: 0.059,loss_u_fp: 0.006,mask_ratio: 0.824
[INFO] Iters: 44764,total_loss: 0.058,loss_x: 0.078,loss_u_s: 0.069,loss_u_m: 0.073,loss_u_fp: 0.006,mask_ratio: 0.821
[INFO] Iters: 44888,total_loss: 0.054,loss_x: 0.073,loss_u_s: 0.065,loss_u_m: 0.061,loss_u_fp: 0.006,mask_ratio: 0.842
[INFO] Iters: 45012,total_loss: 0.058,loss_x: 0.075,loss_u_s: 0.077,loss_u_m: 0.072,loss_u_fp: 0.006,mask_ratio: 0.835
[INFO] Iters: 45136,total_loss: 0.059,loss_x: 0.080,loss_u_s: 0.076,loss_u_m: 0.069,loss_u_fp: 0.006,mask_ratio: 0.831
[INFO] Iters: 45260,total_loss: 0.055,loss_x: 0.075,loss_u_s: 0.068,loss_u_m: 0.061,loss_u_fp: 0.006,mask_ratio: 0.833
[INFO] Iters: 45384,total_loss: 0.058,loss_x: 0.080,loss_u_s: 0.056,loss_u_m: 0.067,loss_u_fp: 0.009,mask_ratio: 0.830
[INFO] Iters: 45508,total_loss: 0.057,loss_x: 0.077,loss_u_s: 0.065,loss_u_m: 0.069,loss_u_fp: 0.006,mask_ratio: 0.839
[INFO] ***** Evaluation ***** >>>> Class [0 background] IoU: 94.31
[INFO] ***** Evaluation ***** >>>> Class [1 aeroplane] IoU: 91.79
[INFO] ***** Evaluation ***** >>>> Class [2 bicycle] IoU: 44.25
[INFO] ***** Evaluation ***** >>>> Class [3 bird] IoU: 90.68
[INFO] ***** Evaluation ***** >>>> Class [4 boat] IoU: 73.84
[INFO] ***** Evaluation ***** >>>> Class [5 bottle] IoU: 82.10
[INFO] ***** Evaluation ***** >>>> Class [6 bus] IoU: 95.43
[INFO] ***** Evaluation ***** >>>> Class [7 car] IoU: 89.03
[INFO] ***** Evaluation ***** >>>> Class [8 cat] IoU: 93.49
[INFO] ***** Evaluation ***** >>>> Class [9 chair] IoU: 38.33
[INFO] ***** Evaluation ***** >>>> Class [10 cow] IoU: 86.64
[INFO] ***** Evaluation ***** >>>> Class [11 dining table] IoU: 44.74
[INFO] ***** Evaluation ***** >>>> Class [12 dog] IoU: 87.63
[INFO] ***** Evaluation ***** >>>> Class [13 horse] IoU: 86.98
[INFO] ***** Evaluation ***** >>>> Class [14 motorbike] IoU: 86.01
[INFO] ***** Evaluation ***** >>>> Class [15 person] IoU: 86.25
[INFO] ***** Evaluation ***** >>>> Class [16 potted plant] IoU: 60.36
[INFO] ***** Evaluation ***** >>>> Class [17 sheep] IoU: 88.82
[INFO] ***** Evaluation ***** >>>> Class [18 sofa] IoU: 50.35
[INFO] ***** Evaluation ***** >>>> Class [19 train] IoU: 87.86
[INFO] ***** Evaluation ***** >>>> Class [20 tv/monitor] IoU: 68.94
[INFO] ***** Evaluation ***** original >>>> MeanIoU: 77.52

[INFO] Pseudo-label epoch summary | epoch=45, generated_epoch=762845317, selected_epoch=635458462, epoch_rate=0.833011, generated_cum=35044976663, selected_cum=26742694206, cum_rate=0.763096
[INFO] ===========> Epoch: 46, LR: 0.00046, Previous best val_mIOU: 77.66
[INFO] Iters: 45632,total_loss: 0.057,loss_x: 0.079,loss_u_s: 0.058,loss_u_m: 0.069,loss_u_fp: 0.007,mask_ratio: 0.835
[INFO] Iters: 45756,total_loss: 0.056,loss_x: 0.077,loss_u_s: 0.069,loss_u_m: 0.062,loss_u_fp: 0.006,mask_ratio: 0.830
[INFO] Iters: 45880,total_loss: 0.058,loss_x: 0.083,loss_u_s: 0.056,loss_u_m: 0.065,loss_u_fp: 0.006,mask_ratio: 0.838
[INFO] Iters: 46004,total_loss: 0.058,loss_x: 0.080,loss_u_s: 0.068,loss_u_m: 0.064,loss_u_fp: 0.006,mask_ratio: 0.840
[INFO] Iters: 46128,total_loss: 0.058,loss_x: 0.078,loss_u_s: 0.062,loss_u_m: 0.075,loss_u_fp: 0.006,mask_ratio: 0.839
[INFO] Iters: 46252,total_loss: 0.057,loss_x: 0.078,loss_u_s: 0.064,loss_u_m: 0.064,loss_u_fp: 0.006,mask_ratio: 0.828
[INFO] Iters: 46376,total_loss: 0.059,loss_x: 0.083,loss_u_s: 0.065,loss_u_m: 0.066,loss_u_fp: 0.006,mask_ratio: 0.833
[INFO] Iters: 46500,total_loss: 0.058,loss_x: 0.076,loss_u_s: 0.073,loss_u_m: 0.073,loss_u_fp: 0.006,mask_ratio: 0.824
[INFO] ***** Evaluation ***** >>>> Class [0 background] IoU: 94.01
[INFO] ***** Evaluation ***** >>>> Class [1 aeroplane] IoU: 90.99
[INFO] ***** Evaluation ***** >>>> Class [2 bicycle] IoU: 43.81
[INFO] ***** Evaluation ***** >>>> Class [3 bird] IoU: 90.55
[INFO] ***** Evaluation ***** >>>> Class [4 boat] IoU: 73.88
[INFO] ***** Evaluation ***** >>>> Class [5 bottle] IoU: 81.34
[INFO] ***** Evaluation ***** >>>> Class [6 bus] IoU: 95.19
[INFO] ***** Evaluation ***** >>>> Class [7 car] IoU: 88.94
[INFO] ***** Evaluation ***** >>>> Class [8 cat] IoU: 93.25
[INFO] ***** Evaluation ***** >>>> Class [9 chair] IoU: 35.52
[INFO] ***** Evaluation ***** >>>> Class [10 cow] IoU: 87.78
[INFO] ***** Evaluation ***** >>>> Class [11 dining table] IoU: 44.78
[INFO] ***** Evaluation ***** >>>> Class [12 dog] IoU: 88.50
[INFO] ***** Evaluation ***** >>>> Class [13 horse] IoU: 85.54
[INFO] ***** Evaluation ***** >>>> Class [14 motorbike] IoU: 86.14
[INFO] ***** Evaluation ***** >>>> Class [15 person] IoU: 87.06
[INFO] ***** Evaluation ***** >>>> Class [16 potted plant] IoU: 58.23
[INFO] ***** Evaluation ***** >>>> Class [17 sheep] IoU: 88.81
[INFO] ***** Evaluation ***** >>>> Class [18 sofa] IoU: 42.26
[INFO] ***** Evaluation ***** >>>> Class [19 train] IoU: 87.71
[INFO] ***** Evaluation ***** >>>> Class [20 tv/monitor] IoU: 68.82
[INFO] ***** Evaluation ***** original >>>> MeanIoU: 76.82

[INFO] Pseudo-label epoch summary | epoch=46, generated_epoch=761482016, selected_epoch=633487053, epoch_rate=0.831913, generated_cum=35806458679, selected_cum=27376181259, cum_rate=0.764560
[INFO] ===========> Epoch: 47, LR: 0.00045, Previous best val_mIOU: 77.66
[INFO] Iters: 46624,total_loss: 0.056,loss_x: 0.076,loss_u_s: 0.069,loss_u_m: 0.065,loss_u_fp: 0.005,mask_ratio: 0.826
[INFO] Iters: 46748,total_loss: 0.053,loss_x: 0.069,loss_u_s: 0.062,loss_u_m: 0.071,loss_u_fp: 0.006,mask_ratio: 0.843
[INFO] Iters: 46872,total_loss: 0.056,loss_x: 0.077,loss_u_s: 0.066,loss_u_m: 0.064,loss_u_fp: 0.005,mask_ratio: 0.842
[INFO] Iters: 46996,total_loss: 0.059,loss_x: 0.079,loss_u_s: 0.067,loss_u_m: 0.074,loss_u_fp: 0.006,mask_ratio: 0.839
[INFO] Iters: 47120,total_loss: 0.059,loss_x: 0.079,loss_u_s: 0.076,loss_u_m: 0.067,loss_u_fp: 0.007,mask_ratio: 0.826
[INFO] Iters: 47244,total_loss: 0.058,loss_x: 0.081,loss_u_s: 0.068,loss_u_m: 0.061,loss_u_fp: 0.006,mask_ratio: 0.840
[INFO] Iters: 47368,total_loss: 0.059,loss_x: 0.077,loss_u_s: 0.076,loss_u_m: 0.073,loss_u_fp: 0.007,mask_ratio: 0.832
[INFO] Iters: 47492,total_loss: 0.056,loss_x: 0.078,loss_u_s: 0.062,loss_u_m: 0.059,loss_u_fp: 0.006,mask_ratio: 0.837
[INFO] ***** Evaluation ***** >>>> Class [0 background] IoU: 94.15
[INFO] ***** Evaluation ***** >>>> Class [1 aeroplane] IoU: 91.99
[INFO] ***** Evaluation ***** >>>> Class [2 bicycle] IoU: 43.48
[INFO] ***** Evaluation ***** >>>> Class [3 bird] IoU: 90.74
[INFO] ***** Evaluation ***** >>>> Class [4 boat] IoU: 73.88
[INFO] ***** Evaluation ***** >>>> Class [5 bottle] IoU: 80.99
[INFO] ***** Evaluation ***** >>>> Class [6 bus] IoU: 95.25
[INFO] ***** Evaluation ***** >>>> Class [7 car] IoU: 87.51
[INFO] ***** Evaluation ***** >>>> Class [8 cat] IoU: 92.24
[INFO] ***** Evaluation ***** >>>> Class [9 chair] IoU: 37.10
[INFO] ***** Evaluation ***** >>>> Class [10 cow] IoU: 87.70
[INFO] ***** Evaluation ***** >>>> Class [11 dining table] IoU: 43.28
[INFO] ***** Evaluation ***** >>>> Class [12 dog] IoU: 87.32
[INFO] ***** Evaluation ***** >>>> Class [13 horse] IoU: 85.73
[INFO] ***** Evaluation ***** >>>> Class [14 motorbike] IoU: 85.07
[INFO] ***** Evaluation ***** >>>> Class [15 person] IoU: 86.78
[INFO] ***** Evaluation ***** >>>> Class [16 potted plant] IoU: 59.97
[INFO] ***** Evaluation ***** >>>> Class [17 sheep] IoU: 90.06
[INFO] ***** Evaluation ***** >>>> Class [18 sofa] IoU: 51.60
[INFO] ***** Evaluation ***** >>>> Class [19 train] IoU: 88.31
[INFO] ***** Evaluation ***** >>>> Class [20 tv/monitor] IoU: 69.42
[INFO] ***** Evaluation ***** original >>>> MeanIoU: 77.26

[INFO] Pseudo-label epoch summary | epoch=47, generated_epoch=762613689, selected_epoch=638012378, epoch_rate=0.836613, generated_cum=36569072368, selected_cum=28014193637, cum_rate=0.766062
[INFO] ===========> Epoch: 48, LR: 0.00044, Previous best val_mIOU: 77.66
[INFO] Iters: 47616,total_loss: 0.055,loss_x: 0.073,loss_u_s: 0.070,loss_u_m: 0.061,loss_u_fp: 0.007,mask_ratio: 0.834
[INFO] Iters: 47740,total_loss: 0.055,loss_x: 0.073,loss_u_s: 0.064,loss_u_m: 0.068,loss_u_fp: 0.007,mask_ratio: 0.835
[INFO] Iters: 47864,total_loss: 0.056,loss_x: 0.077,loss_u_s: 0.065,loss_u_m: 0.063,loss_u_fp: 0.006,mask_ratio: 0.837
[INFO] Iters: 47988,total_loss: 0.058,loss_x: 0.079,loss_u_s: 0.072,loss_u_m: 0.060,loss_u_fp: 0.006,mask_ratio: 0.830
[INFO] Iters: 48112,total_loss: 0.057,loss_x: 0.077,loss_u_s: 0.069,loss_u_m: 0.064,loss_u_fp: 0.006,mask_ratio: 0.842
[INFO] Iters: 48236,total_loss: 0.061,loss_x: 0.082,loss_u_s: 0.072,loss_u_m: 0.075,loss_u_fp: 0.007,mask_ratio: 0.837
[INFO] Iters: 48360,total_loss: 0.059,loss_x: 0.083,loss_u_s: 0.060,loss_u_m: 0.062,loss_u_fp: 0.006,mask_ratio: 0.834
[INFO] Iters: 48484,total_loss: 0.055,loss_x: 0.076,loss_u_s: 0.065,loss_u_m: 0.060,loss_u_fp: 0.007,mask_ratio: 0.839
[INFO] ***** Evaluation ***** >>>> Class [0 background] IoU: 94.11
[INFO] ***** Evaluation ***** >>>> Class [1 aeroplane] IoU: 92.35
[INFO] ***** Evaluation ***** >>>> Class [2 bicycle] IoU: 44.12
[INFO] ***** Evaluation ***** >>>> Class [3 bird] IoU: 89.97
[INFO] ***** Evaluation ***** >>>> Class [4 boat] IoU: 73.89
[INFO] ***** Evaluation ***** >>>> Class [5 bottle] IoU: 81.40
[INFO] ***** Evaluation ***** >>>> Class [6 bus] IoU: 95.14
[INFO] ***** Evaluation ***** >>>> Class [7 car] IoU: 87.70
[INFO] ***** Evaluation ***** >>>> Class [8 cat] IoU: 94.10
[INFO] ***** Evaluation ***** >>>> Class [9 chair] IoU: 36.10
[INFO] ***** Evaluation ***** >>>> Class [10 cow] IoU: 87.93
[INFO] ***** Evaluation ***** >>>> Class [11 dining table] IoU: 43.42
[INFO] ***** Evaluation ***** >>>> Class [12 dog] IoU: 88.61
[INFO] ***** Evaluation ***** >>>> Class [13 horse] IoU: 86.14
[INFO] ***** Evaluation ***** >>>> Class [14 motorbike] IoU: 84.98
[INFO] ***** Evaluation ***** >>>> Class [15 person] IoU: 86.86
[INFO] ***** Evaluation ***** >>>> Class [16 potted plant] IoU: 54.81
[INFO] ***** Evaluation ***** >>>> Class [17 sheep] IoU: 90.10
[INFO] ***** Evaluation ***** >>>> Class [18 sofa] IoU: 48.65
[INFO] ***** Evaluation ***** >>>> Class [19 train] IoU: 89.36
[INFO] ***** Evaluation ***** >>>> Class [20 tv/monitor] IoU: 68.71
[INFO] ***** Evaluation ***** original >>>> MeanIoU: 77.07

[INFO] Pseudo-label epoch summary | epoch=48, generated_epoch=762635736, selected_epoch=637531512, epoch_rate=0.835958, generated_cum=37331708104, selected_cum=28651725149, cum_rate=0.767490
[INFO] ===========> Epoch: 49, LR: 0.00043, Previous best val_mIOU: 77.66
[INFO] Iters: 48608,total_loss: 0.052,loss_x: 0.070,loss_u_s: 0.057,loss_u_m: 0.067,loss_u_fp: 0.006,mask_ratio: 0.835
[INFO] Iters: 48732,total_loss: 0.055,loss_x: 0.077,loss_u_s: 0.057,loss_u_m: 0.063,loss_u_fp: 0.006,mask_ratio: 0.835
[INFO] Iters: 48856,total_loss: 0.053,loss_x: 0.071,loss_u_s: 0.066,loss_u_m: 0.065,loss_u_fp: 0.007,mask_ratio: 0.848
[INFO] Iters: 48980,total_loss: 0.056,loss_x: 0.077,loss_u_s: 0.057,loss_u_m: 0.069,loss_u_fp: 0.006,mask_ratio: 0.833
[INFO] Iters: 49104,total_loss: 0.054,loss_x: 0.067,loss_u_s: 0.080,loss_u_m: 0.070,loss_u_fp: 0.007,mask_ratio: 0.848
[INFO] Iters: 49228,total_loss: 0.059,loss_x: 0.082,loss_u_s: 0.071,loss_u_m: 0.062,loss_u_fp: 0.006,mask_ratio: 0.838
[INFO] Iters: 49352,total_loss: 0.056,loss_x: 0.077,loss_u_s: 0.061,loss_u_m: 0.066,loss_u_fp: 0.007,mask_ratio: 0.831
[INFO] Iters: 49476,total_loss: 0.054,loss_x: 0.072,loss_u_s: 0.064,loss_u_m: 0.066,loss_u_fp: 0.006,mask_ratio: 0.840
[INFO] ***** Evaluation ***** >>>> Class [0 background] IoU: 94.34
[INFO] ***** Evaluation ***** >>>> Class [1 aeroplane] IoU: 90.26
[INFO] ***** Evaluation ***** >>>> Class [2 bicycle] IoU: 44.42
[INFO] ***** Evaluation ***** >>>> Class [3 bird] IoU: 90.53
[INFO] ***** Evaluation ***** >>>> Class [4 boat] IoU: 72.56
[INFO] ***** Evaluation ***** >>>> Class [5 bottle] IoU: 81.22
[INFO] ***** Evaluation ***** >>>> Class [6 bus] IoU: 95.13
[INFO] ***** Evaluation ***** >>>> Class [7 car] IoU: 88.55
[INFO] ***** Evaluation ***** >>>> Class [8 cat] IoU: 93.80
[INFO] ***** Evaluation ***** >>>> Class [9 chair] IoU: 40.27
[INFO] ***** Evaluation ***** >>>> Class [10 cow] IoU: 88.65
[INFO] ***** Evaluation ***** >>>> Class [11 dining table] IoU: 48.32
[INFO] ***** Evaluation ***** >>>> Class [12 dog] IoU: 90.20
[INFO] ***** Evaluation ***** >>>> Class [13 horse] IoU: 87.35
[INFO] ***** Evaluation ***** >>>> Class [14 motorbike] IoU: 85.86
[INFO] ***** Evaluation ***** >>>> Class [15 person] IoU: 87.14
[INFO] ***** Evaluation ***** >>>> Class [16 potted plant] IoU: 53.95
[INFO] ***** Evaluation ***** >>>> Class [17 sheep] IoU: 89.52
[INFO] ***** Evaluation ***** >>>> Class [18 sofa] IoU: 51.51
[INFO] ***** Evaluation ***** >>>> Class [19 train] IoU: 87.96
[INFO] ***** Evaluation ***** >>>> Class [20 tv/monitor] IoU: 68.78
[INFO] ***** Evaluation ***** original >>>> MeanIoU: 77.63

[INFO] Pseudo-label epoch summary | epoch=49, generated_epoch=761271767, selected_epoch=638029851, epoch_rate=0.838110, generated_cum=38092979871, selected_cum=29289755000, cum_rate=0.768902
[INFO] ===========> Epoch: 50, LR: 0.00041, Previous best val_mIOU: 77.66
[INFO] Iters: 49600,total_loss: 0.055,loss_x: 0.073,loss_u_s: 0.069,loss_u_m: 0.065,loss_u_fp: 0.006,mask_ratio: 0.835
[INFO] Iters: 49724,total_loss: 0.057,loss_x: 0.078,loss_u_s: 0.062,loss_u_m: 0.068,loss_u_fp: 0.006,mask_ratio: 0.835
[INFO] Iters: 49848,total_loss: 0.055,loss_x: 0.073,loss_u_s: 0.073,loss_u_m: 0.066,loss_u_fp: 0.007,mask_ratio: 0.834
[INFO] Iters: 49972,total_loss: 0.057,loss_x: 0.077,loss_u_s: 0.066,loss_u_m: 0.069,loss_u_fp: 0.005,mask_ratio: 0.836
[INFO] Iters: 50096,total_loss: 0.057,loss_x: 0.075,loss_u_s: 0.080,loss_u_m: 0.065,loss_u_fp: 0.006,mask_ratio: 0.842
[INFO] Iters: 50220,total_loss: 0.056,loss_x: 0.074,loss_u_s: 0.069,loss_u_m: 0.069,loss_u_fp: 0.006,mask_ratio: 0.836
[INFO] Iters: 50344,total_loss: 0.055,loss_x: 0.078,loss_u_s: 0.058,loss_u_m: 0.058,loss_u_fp: 0.006,mask_ratio: 0.845
[INFO] Iters: 50468,total_loss: 0.056,loss_x: 0.078,loss_u_s: 0.059,loss_u_m: 0.063,loss_u_fp: 0.007,mask_ratio: 0.832
[INFO] ***** Evaluation ***** >>>> Class [0 background] IoU: 94.32
[INFO] ***** Evaluation ***** >>>> Class [1 aeroplane] IoU: 90.30
[INFO] ***** Evaluation ***** >>>> Class [2 bicycle] IoU: 44.40
[INFO] ***** Evaluation ***** >>>> Class [3 bird] IoU: 90.33
[INFO] ***** Evaluation ***** >>>> Class [4 boat] IoU: 72.06
[INFO] ***** Evaluation ***** >>>> Class [5 bottle] IoU: 81.47
[INFO] ***** Evaluation ***** >>>> Class [6 bus] IoU: 94.94
[INFO] ***** Evaluation ***** >>>> Class [7 car] IoU: 89.65
[INFO] ***** Evaluation ***** >>>> Class [8 cat] IoU: 93.86
[INFO] ***** Evaluation ***** >>>> Class [9 chair] IoU: 38.43
[INFO] ***** Evaluation ***** >>>> Class [10 cow] IoU: 89.87
[INFO] ***** Evaluation ***** >>>> Class [11 dining table] IoU: 45.67
[INFO] ***** Evaluation ***** >>>> Class [12 dog] IoU: 88.91
[INFO] ***** Evaluation ***** >>>> Class [13 horse] IoU: 87.59
[INFO] ***** Evaluation ***** >>>> Class [14 motorbike] IoU: 87.16
[INFO] ***** Evaluation ***** >>>> Class [15 person] IoU: 87.28
[INFO] ***** Evaluation ***** >>>> Class [16 potted plant] IoU: 58.17
[INFO] ***** Evaluation ***** >>>> Class [17 sheep] IoU: 89.20
[INFO] ***** Evaluation ***** >>>> Class [18 sofa] IoU: 48.84
[INFO] ***** Evaluation ***** >>>> Class [19 train] IoU: 89.20
[INFO] ***** Evaluation ***** >>>> Class [20 tv/monitor] IoU: 69.12
[INFO] ***** Evaluation ***** original >>>> MeanIoU: 77.66

[INFO] Pseudo-label epoch summary | epoch=50, generated_epoch=761376840, selected_epoch=637763086, epoch_rate=0.837644, generated_cum=38854356711, selected_cum=29927518086, cum_rate=0.770249
[INFO] ===========> Epoch: 51, LR: 0.00040, Previous best val_mIOU: 77.66
[INFO] Iters: 50592,total_loss: 0.056,loss_x: 0.078,loss_u_s: 0.063,loss_u_m: 0.064,loss_u_fp: 0.005,mask_ratio: 0.842
[INFO] Iters: 50716,total_loss: 0.054,loss_x: 0.076,loss_u_s: 0.058,loss_u_m: 0.059,loss_u_fp: 0.005,mask_ratio: 0.846
[INFO] Iters: 50840,total_loss: 0.053,loss_x: 0.071,loss_u_s: 0.060,loss_u_m: 0.065,loss_u_fp: 0.006,mask_ratio: 0.841
[INFO] Iters: 50964,total_loss: 0.058,loss_x: 0.079,loss_u_s: 0.074,loss_u_m: 0.062,loss_u_fp: 0.006,mask_ratio: 0.838
[INFO] Iters: 51088,total_loss: 0.053,loss_x: 0.071,loss_u_s: 0.061,loss_u_m: 0.066,loss_u_fp: 0.006,mask_ratio: 0.843
[INFO] Iters: 51212,total_loss: 0.056,loss_x: 0.076,loss_u_s: 0.062,loss_u_m: 0.065,loss_u_fp: 0.006,mask_ratio: 0.837
[INFO] Iters: 51336,total_loss: 0.051,loss_x: 0.068,loss_u_s: 0.064,loss_u_m: 0.060,loss_u_fp: 0.006,mask_ratio: 0.843
[INFO] Iters: 51460,total_loss: 0.058,loss_x: 0.078,loss_u_s: 0.063,loss_u_m: 0.077,loss_u_fp: 0.005,mask_ratio: 0.835
[INFO] ***** Evaluation ***** >>>> Class [0 background] IoU: 94.34
[INFO] ***** Evaluation ***** >>>> Class [1 aeroplane] IoU: 91.84
[INFO] ***** Evaluation ***** >>>> Class [2 bicycle] IoU: 44.79
[INFO] ***** Evaluation ***** >>>> Class [3 bird] IoU: 89.23
[INFO] ***** Evaluation ***** >>>> Class [4 boat] IoU: 72.32
[INFO] ***** Evaluation ***** >>>> Class [5 bottle] IoU: 82.54
[INFO] ***** Evaluation ***** >>>> Class [6 bus] IoU: 94.76
[INFO] ***** Evaluation ***** >>>> Class [7 car] IoU: 88.44
[INFO] ***** Evaluation ***** >>>> Class [8 cat] IoU: 93.52
[INFO] ***** Evaluation ***** >>>> Class [9 chair] IoU: 37.77
[INFO] ***** Evaluation ***** >>>> Class [10 cow] IoU: 89.43
[INFO] ***** Evaluation ***** >>>> Class [11 dining table] IoU: 47.01
[INFO] ***** Evaluation ***** >>>> Class [12 dog] IoU: 88.68
[INFO] ***** Evaluation ***** >>>> Class [13 horse] IoU: 86.95
[INFO] ***** Evaluation ***** >>>> Class [14 motorbike] IoU: 86.34
[INFO] ***** Evaluation ***** >>>> Class [15 person] IoU: 87.02
[INFO] ***** Evaluation ***** >>>> Class [16 potted plant] IoU: 55.38
[INFO] ***** Evaluation ***** >>>> Class [17 sheep] IoU: 89.20
[INFO] ***** Evaluation ***** >>>> Class [18 sofa] IoU: 50.46
[INFO] ***** Evaluation ***** >>>> Class [19 train] IoU: 88.97
[INFO] ***** Evaluation ***** >>>> Class [20 tv/monitor] IoU: 68.97
[INFO] ***** Evaluation ***** original >>>> MeanIoU: 77.52

[INFO] Pseudo-label epoch summary | epoch=51, generated_epoch=762153480, selected_epoch=640024839, epoch_rate=0.839758, generated_cum=39616510191, selected_cum=30567542925, cum_rate=0.771586
[INFO] ===========> Epoch: 52, LR: 0.00039, Previous best val_mIOU: 77.66
[INFO] Iters: 51584,total_loss: 0.055,loss_x: 0.074,loss_u_s: 0.062,loss_u_m: 0.067,loss_u_fp: 0.006,mask_ratio: 0.837
[INFO] Iters: 51708,total_loss: 0.055,loss_x: 0.077,loss_u_s: 0.054,loss_u_m: 0.062,loss_u_fp: 0.006,mask_ratio: 0.838
[INFO] Iters: 51832,total_loss: 0.052,loss_x: 0.068,loss_u_s: 0.068,loss_u_m: 0.062,loss_u_fp: 0.005,mask_ratio: 0.848
[INFO] Iters: 51956,total_loss: 0.055,loss_x: 0.075,loss_u_s: 0.062,loss_u_m: 0.066,loss_u_fp: 0.006,mask_ratio: 0.846
[INFO] Iters: 52080,total_loss: 0.057,loss_x: 0.077,loss_u_s: 0.063,loss_u_m: 0.070,loss_u_fp: 0.007,mask_ratio: 0.840
[INFO] Iters: 52204,total_loss: 0.053,loss_x: 0.070,loss_u_s: 0.070,loss_u_m: 0.060,loss_u_fp: 0.006,mask_ratio: 0.838
[INFO] Iters: 52328,total_loss: 0.055,loss_x: 0.072,loss_u_s: 0.069,loss_u_m: 0.066,loss_u_fp: 0.006,mask_ratio: 0.845
[INFO] Iters: 52452,total_loss: 0.052,loss_x: 0.071,loss_u_s: 0.060,loss_u_m: 0.064,loss_u_fp: 0.005,mask_ratio: 0.844
[INFO] ***** Evaluation ***** >>>> Class [0 background] IoU: 94.21
[INFO] ***** Evaluation ***** >>>> Class [1 aeroplane] IoU: 91.72
[INFO] ***** Evaluation ***** >>>> Class [2 bicycle] IoU: 44.73
[INFO] ***** Evaluation ***** >>>> Class [3 bird] IoU: 89.78
[INFO] ***** Evaluation ***** >>>> Class [4 boat] IoU: 72.79
[INFO] ***** Evaluation ***** >>>> Class [5 bottle] IoU: 80.55
[INFO] ***** Evaluation ***** >>>> Class [6 bus] IoU: 95.11
[INFO] ***** Evaluation ***** >>>> Class [7 car] IoU: 88.88
[INFO] ***** Evaluation ***** >>>> Class [8 cat] IoU: 93.73
[INFO] ***** Evaluation ***** >>>> Class [9 chair] IoU: 41.03
[INFO] ***** Evaluation ***** >>>> Class [10 cow] IoU: 88.64
[INFO] ***** Evaluation ***** >>>> Class [11 dining table] IoU: 42.01
[INFO] ***** Evaluation ***** >>>> Class [12 dog] IoU: 89.80
[INFO] ***** Evaluation ***** >>>> Class [13 horse] IoU: 86.36
[INFO] ***** Evaluation ***** >>>> Class [14 motorbike] IoU: 86.34
[INFO] ***** Evaluation ***** >>>> Class [15 person] IoU: 86.56
[INFO] ***** Evaluation ***** >>>> Class [16 potted plant] IoU: 56.22
[INFO] ***** Evaluation ***** >>>> Class [17 sheep] IoU: 89.19
[INFO] ***** Evaluation ***** >>>> Class [18 sofa] IoU: 52.07
[INFO] ***** Evaluation ***** >>>> Class [19 train] IoU: 89.19
[INFO] ***** Evaluation ***** >>>> Class [20 tv/monitor] IoU: 69.66
[INFO] ***** Evaluation ***** original >>>> MeanIoU: 77.55

[INFO] Pseudo-label epoch summary | epoch=52, generated_epoch=761523003, selected_epoch=640958882, epoch_rate=0.841680, generated_cum=40378033194, selected_cum=31208501807, cum_rate=0.772908
[INFO] ===========> Epoch: 53, LR: 0.00038, Previous best val_mIOU: 77.66
[INFO] Iters: 52576,total_loss: 0.056,loss_x: 0.075,loss_u_s: 0.060,loss_u_m: 0.072,loss_u_fp: 0.007,mask_ratio: 0.836
[INFO] Iters: 52700,total_loss: 0.054,loss_x: 0.074,loss_u_s: 0.060,loss_u_m: 0.064,loss_u_fp: 0.006,mask_ratio: 0.839
[INFO] Iters: 52824,total_loss: 0.056,loss_x: 0.074,loss_u_s: 0.060,loss_u_m: 0.075,loss_u_fp: 0.006,mask_ratio: 0.835
[INFO] Iters: 52948,total_loss: 0.054,loss_x: 0.073,loss_u_s: 0.072,loss_u_m: 0.060,loss_u_fp: 0.006,mask_ratio: 0.841
[INFO] Iters: 53072,total_loss: 0.054,loss_x: 0.073,loss_u_s: 0.069,loss_u_m: 0.059,loss_u_fp: 0.005,mask_ratio: 0.847
[INFO] Iters: 53196,total_loss: 0.054,loss_x: 0.074,loss_u_s: 0.057,loss_u_m: 0.068,loss_u_fp: 0.006,mask_ratio: 0.847
[INFO] Iters: 53320,total_loss: 0.052,loss_x: 0.071,loss_u_s: 0.063,loss_u_m: 0.063,loss_u_fp: 0.005,mask_ratio: 0.846
[INFO] Iters: 53444,total_loss: 0.052,loss_x: 0.069,loss_u_s: 0.072,loss_u_m: 0.060,loss_u_fp: 0.006,mask_ratio: 0.841
[INFO] ***** Evaluation ***** >>>> Class [0 background] IoU: 94.32
[INFO] ***** Evaluation ***** >>>> Class [1 aeroplane] IoU: 92.07
[INFO] ***** Evaluation ***** >>>> Class [2 bicycle] IoU: 42.49
[INFO] ***** Evaluation ***** >>>> Class [3 bird] IoU: 90.59
[INFO] ***** Evaluation ***** >>>> Class [4 boat] IoU: 73.46
[INFO] ***** Evaluation ***** >>>> Class [5 bottle] IoU: 81.26
[INFO] ***** Evaluation ***** >>>> Class [6 bus] IoU: 94.98
[INFO] ***** Evaluation ***** >>>> Class [7 car] IoU: 88.38
[INFO] ***** Evaluation ***** >>>> Class [8 cat] IoU: 93.29
[INFO] ***** Evaluation ***** >>>> Class [9 chair] IoU: 41.63
[INFO] ***** Evaluation ***** >>>> Class [10 cow] IoU: 89.03
[INFO] ***** Evaluation ***** >>>> Class [11 dining table] IoU: 47.04
[INFO] ***** Evaluation ***** >>>> Class [12 dog] IoU: 88.97
[INFO] ***** Evaluation ***** >>>> Class [13 horse] IoU: 87.04
[INFO] ***** Evaluation ***** >>>> Class [14 motorbike] IoU: 84.79
[INFO] ***** Evaluation ***** >>>> Class [15 person] IoU: 86.47
[INFO] ***** Evaluation ***** >>>> Class [16 potted plant] IoU: 57.25
[INFO] ***** Evaluation ***** >>>> Class [17 sheep] IoU: 88.05
[INFO] ***** Evaluation ***** >>>> Class [18 sofa] IoU: 51.54
[INFO] ***** Evaluation ***** >>>> Class [19 train] IoU: 89.26
[INFO] ***** Evaluation ***** >>>> Class [20 tv/monitor] IoU: 69.88
[INFO] ***** Evaluation ***** original >>>> MeanIoU: 77.71

[INFO] Pseudo-label epoch summary | epoch=53, generated_epoch=760757616, selected_epoch=639947587, epoch_rate=0.841198, generated_cum=41138790810, selected_cum=31848449394, cum_rate=0.774171
[INFO] ===========> Epoch: 54, LR: 0.00036, Previous best val_mIOU: 77.71
[INFO] Iters: 53568,total_loss: 0.055,loss_x: 0.075,loss_u_s: 0.069,loss_u_m: 0.058,loss_u_fp: 0.005,mask_ratio: 0.833
[INFO] Iters: 53692,total_loss: 0.054,loss_x: 0.074,loss_u_s: 0.059,loss_u_m: 0.067,loss_u_fp: 0.007,mask_ratio: 0.844
[INFO] Iters: 53816,total_loss: 0.053,loss_x: 0.072,loss_u_s: 0.057,loss_u_m: 0.064,loss_u_fp: 0.006,mask_ratio: 0.843
[INFO] Iters: 53940,total_loss: 0.055,loss_x: 0.074,loss_u_s: 0.066,loss_u_m: 0.060,loss_u_fp: 0.007,mask_ratio: 0.845
[INFO] Iters: 54064,total_loss: 0.056,loss_x: 0.078,loss_u_s: 0.070,loss_u_m: 0.059,loss_u_fp: 0.005,mask_ratio: 0.836
[INFO] Iters: 54188,total_loss: 0.056,loss_x: 0.075,loss_u_s: 0.066,loss_u_m: 0.070,loss_u_fp: 0.007,mask_ratio: 0.838
[INFO] Iters: 54312,total_loss: 0.051,loss_x: 0.070,loss_u_s: 0.054,loss_u_m: 0.063,loss_u_fp: 0.006,mask_ratio: 0.850
[INFO] Iters: 54436,total_loss: 0.054,loss_x: 0.074,loss_u_s: 0.070,loss_u_m: 0.060,loss_u_fp: 0.005,mask_ratio: 0.851
[INFO] ***** Evaluation ***** >>>> Class [0 background] IoU: 94.36
[INFO] ***** Evaluation ***** >>>> Class [1 aeroplane] IoU: 92.37
[INFO] ***** Evaluation ***** >>>> Class [2 bicycle] IoU: 44.60
[INFO] ***** Evaluation ***** >>>> Class [3 bird] IoU: 90.08
[INFO] ***** Evaluation ***** >>>> Class [4 boat] IoU: 73.46
[INFO] ***** Evaluation ***** >>>> Class [5 bottle] IoU: 82.26
[INFO] ***** Evaluation ***** >>>> Class [6 bus] IoU: 95.41
[INFO] ***** Evaluation ***** >>>> Class [7 car] IoU: 88.11
[INFO] ***** Evaluation ***** >>>> Class [8 cat] IoU: 93.05
[INFO] ***** Evaluation ***** >>>> Class [9 chair] IoU: 37.89
[INFO] ***** Evaluation ***** >>>> Class [10 cow] IoU: 88.74
[INFO] ***** Evaluation ***** >>>> Class [11 dining table] IoU: 49.44
[INFO] ***** Evaluation ***** >>>> Class [12 dog] IoU: 88.60
[INFO] ***** Evaluation ***** >>>> Class [13 horse] IoU: 85.80
[INFO] ***** Evaluation ***** >>>> Class [14 motorbike] IoU: 85.49
[INFO] ***** Evaluation ***** >>>> Class [15 person] IoU: 86.78
[INFO] ***** Evaluation ***** >>>> Class [16 potted plant] IoU: 58.01
[INFO] ***** Evaluation ***** >>>> Class [17 sheep] IoU: 90.28
[INFO] ***** Evaluation ***** >>>> Class [18 sofa] IoU: 49.58
[INFO] ***** Evaluation ***** >>>> Class [19 train] IoU: 89.86
[INFO] ***** Evaluation ***** >>>> Class [20 tv/monitor] IoU: 69.78
[INFO] ***** Evaluation ***** original >>>> MeanIoU: 77.81

[INFO] Pseudo-label epoch summary | epoch=54, generated_epoch=761965344, selected_epoch=642403269, epoch_rate=0.843087, generated_cum=41900756154, selected_cum=32490852663, cum_rate=0.775424
[INFO] ===========> Epoch: 55, LR: 0.00035, Previous best val_mIOU: 77.81
[INFO] Iters: 54560,total_loss: 0.054,loss_x: 0.072,loss_u_s: 0.067,loss_u_m: 0.065,loss_u_fp: 0.006,mask_ratio: 0.839
[INFO] Iters: 54684,total_loss: 0.055,loss_x: 0.073,loss_u_s: 0.068,loss_u_m: 0.066,loss_u_fp: 0.007,mask_ratio: 0.835
[INFO] Iters: 54808,total_loss: 0.051,loss_x: 0.070,loss_u_s: 0.065,loss_u_m: 0.055,loss_u_fp: 0.005,mask_ratio: 0.843
[INFO] Iters: 54932,total_loss: 0.053,loss_x: 0.071,loss_u_s: 0.063,loss_u_m: 0.062,loss_u_fp: 0.006,mask_ratio: 0.841
[INFO] Iters: 55056,total_loss: 0.053,loss_x: 0.069,loss_u_s: 0.069,loss_u_m: 0.069,loss_u_fp: 0.006,mask_ratio: 0.841
[INFO] Iters: 55180,total_loss: 0.051,loss_x: 0.068,loss_u_s: 0.066,loss_u_m: 0.055,loss_u_fp: 0.006,mask_ratio: 0.841
[INFO] Iters: 55304,total_loss: 0.054,loss_x: 0.071,loss_u_s: 0.068,loss_u_m: 0.069,loss_u_fp: 0.007,mask_ratio: 0.856
[INFO] Iters: 55428,total_loss: 0.056,loss_x: 0.076,loss_u_s: 0.064,loss_u_m: 0.064,loss_u_fp: 0.006,mask_ratio: 0.846
[INFO] ***** Evaluation ***** >>>> Class [0 background] IoU: 94.39
[INFO] ***** Evaluation ***** >>>> Class [1 aeroplane] IoU: 92.36
[INFO] ***** Evaluation ***** >>>> Class [2 bicycle] IoU: 44.69
[INFO] ***** Evaluation ***** >>>> Class [3 bird] IoU: 89.74
[INFO] ***** Evaluation ***** >>>> Class [4 boat] IoU: 73.94
[INFO] ***** Evaluation ***** >>>> Class [5 bottle] IoU: 80.83
[INFO] ***** Evaluation ***** >>>> Class [6 bus] IoU: 94.81
[INFO] ***** Evaluation ***** >>>> Class [7 car] IoU: 87.98
[INFO] ***** Evaluation ***** >>>> Class [8 cat] IoU: 94.04
[INFO] ***** Evaluation ***** >>>> Class [9 chair] IoU: 40.72
[INFO] ***** Evaluation ***** >>>> Class [10 cow] IoU: 89.19
[INFO] ***** Evaluation ***** >>>> Class [11 dining table] IoU: 46.06
[INFO] ***** Evaluation ***** >>>> Class [12 dog] IoU: 89.96
[INFO] ***** Evaluation ***** >>>> Class [13 horse] IoU: 86.62
[INFO] ***** Evaluation ***** >>>> Class [14 motorbike] IoU: 85.78
[INFO] ***** Evaluation ***** >>>> Class [15 person] IoU: 86.85
[INFO] ***** Evaluation ***** >>>> Class [16 potted plant] IoU: 56.44
[INFO] ***** Evaluation ***** >>>> Class [17 sheep] IoU: 89.82
[INFO] ***** Evaluation ***** >>>> Class [18 sofa] IoU: 51.67
[INFO] ***** Evaluation ***** >>>> Class [19 train] IoU: 89.83
[INFO] ***** Evaluation ***** >>>> Class [20 tv/monitor] IoU: 68.67
[INFO] ***** Evaluation ***** original >>>> MeanIoU: 77.83

[INFO] Pseudo-label epoch summary | epoch=55, generated_epoch=761250955, selected_epoch=642302090, epoch_rate=0.843746, generated_cum=42662007109, selected_cum=33133154753, cum_rate=0.776643
[INFO] ===========> Epoch: 56, LR: 0.00034, Previous best val_mIOU: 77.83
[INFO] Iters: 55552,total_loss: 0.052,loss_x: 0.072,loss_u_s: 0.060,loss_u_m: 0.059,loss_u_fp: 0.005,mask_ratio: 0.848
[INFO] Iters: 55676,total_loss: 0.051,loss_x: 0.072,loss_u_s: 0.055,loss_u_m: 0.058,loss_u_fp: 0.005,mask_ratio: 0.840
[INFO] Iters: 55800,total_loss: 0.054,loss_x: 0.072,loss_u_s: 0.063,loss_u_m: 0.073,loss_u_fp: 0.006,mask_ratio: 0.841
[INFO] Iters: 55924,total_loss: 0.051,loss_x: 0.070,loss_u_s: 0.061,loss_u_m: 0.059,loss_u_fp: 0.006,mask_ratio: 0.853
[INFO] Iters: 56048,total_loss: 0.056,loss_x: 0.074,loss_u_s: 0.073,loss_u_m: 0.070,loss_u_fp: 0.007,mask_ratio: 0.841
[INFO] Iters: 56172,total_loss: 0.053,loss_x: 0.071,loss_u_s: 0.068,loss_u_m: 0.063,loss_u_fp: 0.006,mask_ratio: 0.842
[INFO] Iters: 56296,total_loss: 0.050,loss_x: 0.070,loss_u_s: 0.057,loss_u_m: 0.056,loss_u_fp: 0.006,mask_ratio: 0.845
[INFO] Iters: 56420,total_loss: 0.051,loss_x: 0.069,loss_u_s: 0.061,loss_u_m: 0.058,loss_u_fp: 0.006,mask_ratio: 0.848
[INFO] ***** Evaluation ***** >>>> Class [0 background] IoU: 94.30
[INFO] ***** Evaluation ***** >>>> Class [1 aeroplane] IoU: 90.55
[INFO] ***** Evaluation ***** >>>> Class [2 bicycle] IoU: 45.17
[INFO] ***** Evaluation ***** >>>> Class [3 bird] IoU: 89.43
[INFO] ***** Evaluation ***** >>>> Class [4 boat] IoU: 73.82
[INFO] ***** Evaluation ***** >>>> Class [5 bottle] IoU: 81.69
[INFO] ***** Evaluation ***** >>>> Class [6 bus] IoU: 95.44
[INFO] ***** Evaluation ***** >>>> Class [7 car] IoU: 87.68
[INFO] ***** Evaluation ***** >>>> Class [8 cat] IoU: 94.04
[INFO] ***** Evaluation ***** >>>> Class [9 chair] IoU: 41.43
[INFO] ***** Evaluation ***** >>>> Class [10 cow] IoU: 89.41
[INFO] ***** Evaluation ***** >>>> Class [11 dining table] IoU: 47.55
[INFO] ***** Evaluation ***** >>>> Class [12 dog] IoU: 89.52
[INFO] ***** Evaluation ***** >>>> Class [13 horse] IoU: 87.11
[INFO] ***** Evaluation ***** >>>> Class [14 motorbike] IoU: 85.55
[INFO] ***** Evaluation ***** >>>> Class [15 person] IoU: 86.43
[INFO] ***** Evaluation ***** >>>> Class [16 potted plant] IoU: 56.83
[INFO] ***** Evaluation ***** >>>> Class [17 sheep] IoU: 90.14
[INFO] ***** Evaluation ***** >>>> Class [18 sofa] IoU: 48.97
[INFO] ***** Evaluation ***** >>>> Class [19 train] IoU: 90.64
[INFO] ***** Evaluation ***** >>>> Class [20 tv/monitor] IoU: 67.97
[INFO] ***** Evaluation ***** original >>>> MeanIoU: 77.79

[INFO] Pseudo-label epoch summary | epoch=56, generated_epoch=761065471, selected_epoch=643078089, epoch_rate=0.844971, generated_cum=43423072580, selected_cum=33776232842, cum_rate=0.777841
[INFO] ===========> Epoch: 57, LR: 0.00033, Previous best val_mIOU: 77.83
[INFO] Iters: 56544,total_loss: 0.051,loss_x: 0.069,loss_u_s: 0.066,loss_u_m: 0.058,loss_u_fp: 0.006,mask_ratio: 0.850
[INFO] Iters: 56668,total_loss: 0.052,loss_x: 0.065,loss_u_s: 0.075,loss_u_m: 0.067,loss_u_fp: 0.006,mask_ratio: 0.839
[INFO] Iters: 56792,total_loss: 0.053,loss_x: 0.071,loss_u_s: 0.065,loss_u_m: 0.063,loss_u_fp: 0.008,mask_ratio: 0.839
[INFO] Iters: 56916,total_loss: 0.051,loss_x: 0.069,loss_u_s: 0.058,loss_u_m: 0.067,loss_u_fp: 0.005,mask_ratio: 0.850
[INFO] Iters: 57040,total_loss: 0.053,loss_x: 0.068,loss_u_s: 0.065,loss_u_m: 0.067,loss_u_fp: 0.008,mask_ratio: 0.856
[INFO] Iters: 57164,total_loss: 0.056,loss_x: 0.074,loss_u_s: 0.073,loss_u_m: 0.066,loss_u_fp: 0.007,mask_ratio: 0.850
[INFO] Iters: 57288,total_loss: 0.052,loss_x: 0.070,loss_u_s: 0.055,loss_u_m: 0.060,loss_u_fp: 0.008,mask_ratio: 0.844
[INFO] Iters: 57412,total_loss: 0.048,loss_x: 0.068,loss_u_s: 0.054,loss_u_m: 0.052,loss_u_fp: 0.005,mask_ratio: 0.855
[INFO] ***** Evaluation ***** >>>> Class [0 background] IoU: 94.26
[INFO] ***** Evaluation ***** >>>> Class [1 aeroplane] IoU: 90.17
[INFO] ***** Evaluation ***** >>>> Class [2 bicycle] IoU: 44.64
[INFO] ***** Evaluation ***** >>>> Class [3 bird] IoU: 90.37
[INFO] ***** Evaluation ***** >>>> Class [4 boat] IoU: 73.71
[INFO] ***** Evaluation ***** >>>> Class [5 bottle] IoU: 80.98
[INFO] ***** Evaluation ***** >>>> Class [6 bus] IoU: 95.81
[INFO] ***** Evaluation ***** >>>> Class [7 car] IoU: 88.25
[INFO] ***** Evaluation ***** >>>> Class [8 cat] IoU: 93.94
[INFO] ***** Evaluation ***** >>>> Class [9 chair] IoU: 41.50
[INFO] ***** Evaluation ***** >>>> Class [10 cow] IoU: 86.52
[INFO] ***** Evaluation ***** >>>> Class [11 dining table] IoU: 44.78
[INFO] ***** Evaluation ***** >>>> Class [12 dog] IoU: 87.36
[INFO] ***** Evaluation ***** >>>> Class [13 horse] IoU: 86.81
[INFO] ***** Evaluation ***** >>>> Class [14 motorbike] IoU: 86.21
[INFO] ***** Evaluation ***** >>>> Class [15 person] IoU: 86.58
[INFO] ***** Evaluation ***** >>>> Class [16 potted plant] IoU: 57.25
[INFO] ***** Evaluation ***** >>>> Class [17 sheep] IoU: 89.06
[INFO] ***** Evaluation ***** >>>> Class [18 sofa] IoU: 50.72
[INFO] ***** Evaluation ***** >>>> Class [19 train] IoU: 90.25
[INFO] ***** Evaluation ***** >>>> Class [20 tv/monitor] IoU: 68.39
[INFO] ***** Evaluation ***** original >>>> MeanIoU: 77.50

[INFO] Pseudo-label epoch summary | epoch=57, generated_epoch=763713070, selected_epoch=646392069, epoch_rate=0.846381, generated_cum=44186785650, selected_cum=34422624911, cum_rate=0.779025
[INFO] ===========> Epoch: 58, LR: 0.00031, Previous best val_mIOU: 77.83
[INFO] Iters: 57536,total_loss: 0.055,loss_x: 0.071,loss_u_s: 0.068,loss_u_m: 0.071,loss_u_fp: 0.007,mask_ratio: 0.840
[INFO] Iters: 57660,total_loss: 0.052,loss_x: 0.070,loss_u_s: 0.061,loss_u_m: 0.062,loss_u_fp: 0.006,mask_ratio: 0.850
[INFO] Iters: 57784,total_loss: 0.051,loss_x: 0.068,loss_u_s: 0.058,loss_u_m: 0.065,loss_u_fp: 0.007,mask_ratio: 0.848
[INFO] Iters: 57908,total_loss: 0.056,loss_x: 0.080,loss_u_s: 0.060,loss_u_m: 0.060,loss_u_fp: 0.005,mask_ratio: 0.849
[INFO] Iters: 58032,total_loss: 0.053,loss_x: 0.071,loss_u_s: 0.063,loss_u_m: 0.068,loss_u_fp: 0.005,mask_ratio: 0.850
[INFO] Iters: 58156,total_loss: 0.054,loss_x: 0.068,loss_u_s: 0.063,loss_u_m: 0.078,loss_u_fp: 0.008,mask_ratio: 0.836
[INFO] Iters: 58280,total_loss: 0.054,loss_x: 0.071,loss_u_s: 0.061,loss_u_m: 0.072,loss_u_fp: 0.006,mask_ratio: 0.846
[INFO] Iters: 58404,total_loss: 0.051,loss_x: 0.068,loss_u_s: 0.057,loss_u_m: 0.062,loss_u_fp: 0.006,mask_ratio: 0.852
[INFO] ***** Evaluation ***** >>>> Class [0 background] IoU: 94.22
[INFO] ***** Evaluation ***** >>>> Class [1 aeroplane] IoU: 91.34
[INFO] ***** Evaluation ***** >>>> Class [2 bicycle] IoU: 44.14
[INFO] ***** Evaluation ***** >>>> Class [3 bird] IoU: 90.56
[INFO] ***** Evaluation ***** >>>> Class [4 boat] IoU: 72.66
[INFO] ***** Evaluation ***** >>>> Class [5 bottle] IoU: 82.48
[INFO] ***** Evaluation ***** >>>> Class [6 bus] IoU: 95.71
[INFO] ***** Evaluation ***** >>>> Class [7 car] IoU: 87.96
[INFO] ***** Evaluation ***** >>>> Class [8 cat] IoU: 93.26
[INFO] ***** Evaluation ***** >>>> Class [9 chair] IoU: 40.57
[INFO] ***** Evaluation ***** >>>> Class [10 cow] IoU: 87.51
[INFO] ***** Evaluation ***** >>>> Class [11 dining table] IoU: 41.15
[INFO] ***** Evaluation ***** >>>> Class [12 dog] IoU: 87.19
[INFO] ***** Evaluation ***** >>>> Class [13 horse] IoU: 87.33
[INFO] ***** Evaluation ***** >>>> Class [14 motorbike] IoU: 85.15
[INFO] ***** Evaluation ***** >>>> Class [15 person] IoU: 86.67
[INFO] ***** Evaluation ***** >>>> Class [16 potted plant] IoU: 55.34
[INFO] ***** Evaluation ***** >>>> Class [17 sheep] IoU: 90.43
[INFO] ***** Evaluation ***** >>>> Class [18 sofa] IoU: 51.71
[INFO] ***** Evaluation ***** >>>> Class [19 train] IoU: 90.92
[INFO] ***** Evaluation ***** >>>> Class [20 tv/monitor] IoU: 65.80
[INFO] ***** Evaluation ***** original >>>> MeanIoU: 77.24

[INFO] Pseudo-label epoch summary | epoch=58, generated_epoch=760347064, selected_epoch=644041587, epoch_rate=0.847036, generated_cum=44947132714, selected_cum=35066666498, cum_rate=0.780176
[INFO] ===========> Epoch: 59, LR: 0.00030, Previous best val_mIOU: 77.83
[INFO] Iters: 58528,total_loss: 0.058,loss_x: 0.076,loss_u_s: 0.064,loss_u_m: 0.082,loss_u_fp: 0.007,mask_ratio: 0.845
[INFO] Iters: 58652,total_loss: 0.053,loss_x: 0.070,loss_u_s: 0.069,loss_u_m: 0.065,loss_u_fp: 0.006,mask_ratio: 0.846
[INFO] Iters: 58776,total_loss: 0.050,loss_x: 0.066,loss_u_s: 0.060,loss_u_m: 0.064,loss_u_fp: 0.006,mask_ratio: 0.843
[INFO] Iters: 58900,total_loss: 0.052,loss_x: 0.067,loss_u_s: 0.065,loss_u_m: 0.069,loss_u_fp: 0.006,mask_ratio: 0.849
[INFO] Iters: 59024,total_loss: 0.051,loss_x: 0.070,loss_u_s: 0.060,loss_u_m: 0.058,loss_u_fp: 0.005,mask_ratio: 0.855
[INFO] Iters: 59148,total_loss: 0.053,loss_x: 0.070,loss_u_s: 0.064,loss_u_m: 0.067,loss_u_fp: 0.005,mask_ratio: 0.847
[INFO] Iters: 59272,total_loss: 0.053,loss_x: 0.072,loss_u_s: 0.072,loss_u_m: 0.055,loss_u_fp: 0.006,mask_ratio: 0.849
[INFO] Iters: 59396,total_loss: 0.056,loss_x: 0.077,loss_u_s: 0.065,loss_u_m: 0.061,loss_u_fp: 0.007,mask_ratio: 0.842
[INFO] ***** Evaluation ***** >>>> Class [0 background] IoU: 94.25
[INFO] ***** Evaluation ***** >>>> Class [1 aeroplane] IoU: 90.52
[INFO] ***** Evaluation ***** >>>> Class [2 bicycle] IoU: 44.14
[INFO] ***** Evaluation ***** >>>> Class [3 bird] IoU: 90.54
[INFO] ***** Evaluation ***** >>>> Class [4 boat] IoU: 73.07
[INFO] ***** Evaluation ***** >>>> Class [5 bottle] IoU: 78.68
[INFO] ***** Evaluation ***** >>>> Class [6 bus] IoU: 95.57
[INFO] ***** Evaluation ***** >>>> Class [7 car] IoU: 88.23
[INFO] ***** Evaluation ***** >>>> Class [8 cat] IoU: 94.07
[INFO] ***** Evaluation ***** >>>> Class [9 chair] IoU: 41.46
[INFO] ***** Evaluation ***** >>>> Class [10 cow] IoU: 88.37
[INFO] ***** Evaluation ***** >>>> Class [11 dining table] IoU: 39.51
[INFO] ***** Evaluation ***** >>>> Class [12 dog] IoU: 89.73
[INFO] ***** Evaluation ***** >>>> Class [13 horse] IoU: 87.12
[INFO] ***** Evaluation ***** >>>> Class [14 motorbike] IoU: 85.69
[INFO] ***** Evaluation ***** >>>> Class [15 person] IoU: 86.86
[INFO] ***** Evaluation ***** >>>> Class [16 potted plant] IoU: 60.73
[INFO] ***** Evaluation ***** >>>> Class [17 sheep] IoU: 90.20
[INFO] ***** Evaluation ***** >>>> Class [18 sofa] IoU: 52.89
[INFO] ***** Evaluation ***** >>>> Class [19 train] IoU: 90.28
[INFO] ***** Evaluation ***** >>>> Class [20 tv/monitor] IoU: 68.67
[INFO] ***** Evaluation ***** original >>>> MeanIoU: 77.65

[INFO] Pseudo-label epoch summary | epoch=59, generated_epoch=763716890, selected_epoch=646359952, epoch_rate=0.846334, generated_cum=45710849604, selected_cum=35713026450, cum_rate=0.781281
[INFO] ===========> Epoch: 60, LR: 0.00029, Previous best val_mIOU: 77.83
[INFO] Iters: 59520,total_loss: 0.052,loss_x: 0.071,loss_u_s: 0.062,loss_u_m: 0.059,loss_u_fp: 0.005,mask_ratio: 0.841
[INFO] Iters: 59644,total_loss: 0.054,loss_x: 0.072,loss_u_s: 0.069,loss_u_m: 0.063,loss_u_fp: 0.006,mask_ratio: 0.843
[INFO] Iters: 59768,total_loss: 0.050,loss_x: 0.067,loss_u_s: 0.065,loss_u_m: 0.060,loss_u_fp: 0.005,mask_ratio: 0.843
[INFO] Iters: 59892,total_loss: 0.048,loss_x: 0.064,loss_u_s: 0.063,loss_u_m: 0.055,loss_u_fp: 0.006,mask_ratio: 0.848
[INFO] Iters: 60016,total_loss: 0.054,loss_x: 0.074,loss_u_s: 0.061,loss_u_m: 0.064,loss_u_fp: 0.006,mask_ratio: 0.849
[INFO] Iters: 60140,total_loss: 0.052,loss_x: 0.070,loss_u_s: 0.059,loss_u_m: 0.062,loss_u_fp: 0.006,mask_ratio: 0.842
[INFO] Iters: 60264,total_loss: 0.055,loss_x: 0.074,loss_u_s: 0.065,loss_u_m: 0.068,loss_u_fp: 0.005,mask_ratio: 0.853
[INFO] Iters: 60388,total_loss: 0.051,loss_x: 0.069,loss_u_s: 0.058,loss_u_m: 0.064,loss_u_fp: 0.005,mask_ratio: 0.841
[INFO] ***** Evaluation ***** >>>> Class [0 background] IoU: 94.34
[INFO] ***** Evaluation ***** >>>> Class [1 aeroplane] IoU: 91.73
[INFO] ***** Evaluation ***** >>>> Class [2 bicycle] IoU: 44.48
[INFO] ***** Evaluation ***** >>>> Class [3 bird] IoU: 89.96
[INFO] ***** Evaluation ***** >>>> Class [4 boat] IoU: 72.81
[INFO] ***** Evaluation ***** >>>> Class [5 bottle] IoU: 78.61
[INFO] ***** Evaluation ***** >>>> Class [6 bus] IoU: 95.57
[INFO] ***** Evaluation ***** >>>> Class [7 car] IoU: 88.47
[INFO] ***** Evaluation ***** >>>> Class [8 cat] IoU: 93.82
[INFO] ***** Evaluation ***** >>>> Class [9 chair] IoU: 40.10
[INFO] ***** Evaluation ***** >>>> Class [10 cow] IoU: 87.99
[INFO] ***** Evaluation ***** >>>> Class [11 dining table] IoU: 43.97
[INFO] ***** Evaluation ***** >>>> Class [12 dog] IoU: 88.59
[INFO] ***** Evaluation ***** >>>> Class [13 horse] IoU: 87.31
[INFO] ***** Evaluation ***** >>>> Class [14 motorbike] IoU: 86.78
[INFO] ***** Evaluation ***** >>>> Class [15 person] IoU: 87.09
[INFO] ***** Evaluation ***** >>>> Class [16 potted plant] IoU: 58.77
[INFO] ***** Evaluation ***** >>>> Class [17 sheep] IoU: 89.34
[INFO] ***** Evaluation ***** >>>> Class [18 sofa] IoU: 55.54
[INFO] ***** Evaluation ***** >>>> Class [19 train] IoU: 89.99
[INFO] ***** Evaluation ***** >>>> Class [20 tv/monitor] IoU: 68.54
[INFO] ***** Evaluation ***** original >>>> MeanIoU: 77.80

[INFO] Pseudo-label epoch summary | epoch=60, generated_epoch=759806007, selected_epoch=642502806, epoch_rate=0.845614, generated_cum=46470655611, selected_cum=36355529256, cum_rate=0.782333
[INFO] ===========> Epoch: 61, LR: 0.00027, Previous best val_mIOU: 77.83
[INFO] Iters: 60512,total_loss: 0.054,loss_x: 0.072,loss_u_s: 0.067,loss_u_m: 0.065,loss_u_fp: 0.005,mask_ratio: 0.846
[INFO] Iters: 60636,total_loss: 0.053,loss_x: 0.072,loss_u_s: 0.057,loss_u_m: 0.071,loss_u_fp: 0.006,mask_ratio: 0.848
[INFO] Iters: 60760,total_loss: 0.055,loss_x: 0.071,loss_u_s: 0.080,loss_u_m: 0.069,loss_u_fp: 0.006,mask_ratio: 0.845
[INFO] Iters: 60884,total_loss: 0.054,loss_x: 0.074,loss_u_s: 0.061,loss_u_m: 0.065,loss_u_fp: 0.007,mask_ratio: 0.857
[INFO] Iters: 61008,total_loss: 0.050,loss_x: 0.070,loss_u_s: 0.050,loss_u_m: 0.059,loss_u_fp: 0.006,mask_ratio: 0.842
[INFO] Iters: 61132,total_loss: 0.052,loss_x: 0.068,loss_u_s: 0.061,loss_u_m: 0.065,loss_u_fp: 0.007,mask_ratio: 0.855
[INFO] Iters: 61256,total_loss: 0.056,loss_x: 0.075,loss_u_s: 0.067,loss_u_m: 0.072,loss_u_fp: 0.006,mask_ratio: 0.852
[INFO] Iters: 61380,total_loss: 0.053,loss_x: 0.071,loss_u_s: 0.070,loss_u_m: 0.063,loss_u_fp: 0.005,mask_ratio: 0.823
[INFO] ***** Evaluation ***** >>>> Class [0 background] IoU: 94.39
[INFO] ***** Evaluation ***** >>>> Class [1 aeroplane] IoU: 91.80
[INFO] ***** Evaluation ***** >>>> Class [2 bicycle] IoU: 44.55
[INFO] ***** Evaluation ***** >>>> Class [3 bird] IoU: 89.95
[INFO] ***** Evaluation ***** >>>> Class [4 boat] IoU: 73.75
[INFO] ***** Evaluation ***** >>>> Class [5 bottle] IoU: 81.56
[INFO] ***** Evaluation ***** >>>> Class [6 bus] IoU: 95.06
[INFO] ***** Evaluation ***** >>>> Class [7 car] IoU: 88.37
[INFO] ***** Evaluation ***** >>>> Class [8 cat] IoU: 93.25
[INFO] ***** Evaluation ***** >>>> Class [9 chair] IoU: 40.59
[INFO] ***** Evaluation ***** >>>> Class [10 cow] IoU: 88.85
[INFO] ***** Evaluation ***** >>>> Class [11 dining table] IoU: 47.73
[INFO] ***** Evaluation ***** >>>> Class [12 dog] IoU: 88.50
[INFO] ***** Evaluation ***** >>>> Class [13 horse] IoU: 87.25
[INFO] ***** Evaluation ***** >>>> Class [14 motorbike] IoU: 86.12
[INFO] ***** Evaluation ***** >>>> Class [15 person] IoU: 87.01
[INFO] ***** Evaluation ***** >>>> Class [16 potted plant] IoU: 57.04
[INFO] ***** Evaluation ***** >>>> Class [17 sheep] IoU: 89.68
[INFO] ***** Evaluation ***** >>>> Class [18 sofa] IoU: 52.22
[INFO] ***** Evaluation ***** >>>> Class [19 train] IoU: 90.64
[INFO] ***** Evaluation ***** >>>> Class [20 tv/monitor] IoU: 68.43
[INFO] ***** Evaluation ***** original >>>> MeanIoU: 77.94

[INFO] Pseudo-label epoch summary | epoch=61, generated_epoch=759923752, selected_epoch=643217151, epoch_rate=0.846423, generated_cum=47230579363, selected_cum=36998746407, cum_rate=0.783364
[INFO] ===========> Epoch: 62, LR: 0.00026, Previous best val_mIOU: 77.94
[INFO] Iters: 61504,total_loss: 0.052,loss_x: 0.070,loss_u_s: 0.058,loss_u_m: 0.063,loss_u_fp: 0.008,mask_ratio: 0.852
[INFO] Iters: 61628,total_loss: 0.051,loss_x: 0.068,loss_u_s: 0.055,loss_u_m: 0.070,loss_u_fp: 0.005,mask_ratio: 0.849
[INFO] Iters: 61752,total_loss: 0.055,loss_x: 0.076,loss_u_s: 0.062,loss_u_m: 0.062,loss_u_fp: 0.005,mask_ratio: 0.852
[INFO] Iters: 61876,total_loss: 0.050,loss_x: 0.067,loss_u_s: 0.066,loss_u_m: 0.052,loss_u_fp: 0.005,mask_ratio: 0.854
[INFO] Iters: 62000,total_loss: 0.048,loss_x: 0.065,loss_u_s: 0.058,loss_u_m: 0.055,loss_u_fp: 0.005,mask_ratio: 0.849
[INFO] Iters: 62124,total_loss: 0.051,loss_x: 0.065,loss_u_s: 0.065,loss_u_m: 0.069,loss_u_fp: 0.006,mask_ratio: 0.857
[INFO] Iters: 62248,total_loss: 0.055,loss_x: 0.072,loss_u_s: 0.075,loss_u_m: 0.065,loss_u_fp: 0.006,mask_ratio: 0.858
[INFO] Iters: 62372,total_loss: 0.052,loss_x: 0.071,loss_u_s: 0.057,loss_u_m: 0.066,loss_u_fp: 0.006,mask_ratio: 0.847
[INFO] ***** Evaluation ***** >>>> Class [0 background] IoU: 94.23
[INFO] ***** Evaluation ***** >>>> Class [1 aeroplane] IoU: 92.17
[INFO] ***** Evaluation ***** >>>> Class [2 bicycle] IoU: 44.67
[INFO] ***** Evaluation ***** >>>> Class [3 bird] IoU: 90.76
[INFO] ***** Evaluation ***** >>>> Class [4 boat] IoU: 73.02
[INFO] ***** Evaluation ***** >>>> Class [5 bottle] IoU: 79.36
[INFO] ***** Evaluation ***** >>>> Class [6 bus] IoU: 95.38
[INFO] ***** Evaluation ***** >>>> Class [7 car] IoU: 88.83
[INFO] ***** Evaluation ***** >>>> Class [8 cat] IoU: 93.26
[INFO] ***** Evaluation ***** >>>> Class [9 chair] IoU: 39.63
[INFO] ***** Evaluation ***** >>>> Class [10 cow] IoU: 86.33
[INFO] ***** Evaluation ***** >>>> Class [11 dining table] IoU: 44.79
[INFO] ***** Evaluation ***** >>>> Class [12 dog] IoU: 86.80
[INFO] ***** Evaluation ***** >>>> Class [13 horse] IoU: 87.22
[INFO] ***** Evaluation ***** >>>> Class [14 motorbike] IoU: 86.62
[INFO] ***** Evaluation ***** >>>> Class [15 person] IoU: 87.12
[INFO] ***** Evaluation ***** >>>> Class [16 potted plant] IoU: 56.28
[INFO] ***** Evaluation ***** >>>> Class [17 sheep] IoU: 90.09
[INFO] ***** Evaluation ***** >>>> Class [18 sofa] IoU: 48.99
[INFO] ***** Evaluation ***** >>>> Class [19 train] IoU: 88.99
[INFO] ***** Evaluation ***** >>>> Class [20 tv/monitor] IoU: 69.16
[INFO] ***** Evaluation ***** original >>>> MeanIoU: 77.32

[INFO] Pseudo-label epoch summary | epoch=62, generated_epoch=762234729, selected_epoch=649522736, epoch_rate=0.852130, generated_cum=47992814092, selected_cum=37648269143, cum_rate=0.784456
[INFO] ===========> Epoch: 63, LR: 0.00025, Previous best val_mIOU: 77.94
[INFO] Iters: 62496,total_loss: 0.050,loss_x: 0.066,loss_u_s: 0.059,loss_u_m: 0.066,loss_u_fp: 0.006,mask_ratio: 0.852
[INFO] Iters: 62620,total_loss: 0.051,loss_x: 0.068,loss_u_s: 0.062,loss_u_m: 0.060,loss_u_fp: 0.007,mask_ratio: 0.851
[INFO] Iters: 62744,total_loss: 0.050,loss_x: 0.066,loss_u_s: 0.061,loss_u_m: 0.064,loss_u_fp: 0.006,mask_ratio: 0.858
[INFO] Iters: 62868,total_loss: 0.053,loss_x: 0.069,loss_u_s: 0.071,loss_u_m: 0.062,loss_u_fp: 0.006,mask_ratio: 0.844
[INFO] Iters: 62992,total_loss: 0.048,loss_x: 0.066,loss_u_s: 0.061,loss_u_m: 0.052,loss_u_fp: 0.005,mask_ratio: 0.856
[INFO] Iters: 63116,total_loss: 0.052,loss_x: 0.072,loss_u_s: 0.066,loss_u_m: 0.051,loss_u_fp: 0.006,mask_ratio: 0.858
[INFO] Iters: 63240,total_loss: 0.051,loss_x: 0.068,loss_u_s: 0.057,loss_u_m: 0.065,loss_u_fp: 0.006,mask_ratio: 0.851
[INFO] Iters: 63364,total_loss: 0.054,loss_x: 0.070,loss_u_s: 0.061,loss_u_m: 0.075,loss_u_fp: 0.006,mask_ratio: 0.847
[INFO] ***** Evaluation ***** >>>> Class [0 background] IoU: 94.34
[INFO] ***** Evaluation ***** >>>> Class [1 aeroplane] IoU: 91.73
[INFO] ***** Evaluation ***** >>>> Class [2 bicycle] IoU: 43.88
[INFO] ***** Evaluation ***** >>>> Class [3 bird] IoU: 89.59
[INFO] ***** Evaluation ***** >>>> Class [4 boat] IoU: 72.25
[INFO] ***** Evaluation ***** >>>> Class [5 bottle] IoU: 81.66
[INFO] ***** Evaluation ***** >>>> Class [6 bus] IoU: 95.20
[INFO] ***** Evaluation ***** >>>> Class [7 car] IoU: 89.85
[INFO] ***** Evaluation ***** >>>> Class [8 cat] IoU: 93.49
[INFO] ***** Evaluation ***** >>>> Class [9 chair] IoU: 41.16
[INFO] ***** Evaluation ***** >>>> Class [10 cow] IoU: 85.30
[INFO] ***** Evaluation ***** >>>> Class [11 dining table] IoU: 48.69
[INFO] ***** Evaluation ***** >>>> Class [12 dog] IoU: 86.86
[INFO] ***** Evaluation ***** >>>> Class [13 horse] IoU: 86.95
[INFO] ***** Evaluation ***** >>>> Class [14 motorbike] IoU: 88.62
[INFO] ***** Evaluation ***** >>>> Class [15 person] IoU: 86.87
[INFO] ***** Evaluation ***** >>>> Class [16 potted plant] IoU: 57.13
[INFO] ***** Evaluation ***** >>>> Class [17 sheep] IoU: 88.86
[INFO] ***** Evaluation ***** >>>> Class [18 sofa] IoU: 50.33
[INFO] ***** Evaluation ***** >>>> Class [19 train] IoU: 89.45
[INFO] ***** Evaluation ***** >>>> Class [20 tv/monitor] IoU: 69.42
[INFO] ***** Evaluation ***** original >>>> MeanIoU: 77.70

[INFO] Pseudo-label epoch summary | epoch=63, generated_epoch=760349552, selected_epoch=646766466, epoch_rate=0.850617, generated_cum=48753163644, selected_cum=38295035609, cum_rate=0.785488
[INFO] ===========> Epoch: 64, LR: 0.00023, Previous best val_mIOU: 77.94
[INFO] Iters: 63488,total_loss: 0.051,loss_x: 0.069,loss_u_s: 0.059,loss_u_m: 0.062,loss_u_fp: 0.007,mask_ratio: 0.842
[INFO] Iters: 63612,total_loss: 0.049,loss_x: 0.066,loss_u_s: 0.062,loss_u_m: 0.056,loss_u_fp: 0.006,mask_ratio: 0.850
[INFO] Iters: 63736,total_loss: 0.050,loss_x: 0.067,loss_u_s: 0.057,loss_u_m: 0.064,loss_u_fp: 0.006,mask_ratio: 0.845
[INFO] Iters: 63860,total_loss: 0.050,loss_x: 0.070,loss_u_s: 0.052,loss_u_m: 0.058,loss_u_fp: 0.006,mask_ratio: 0.852
[INFO] Iters: 63984,total_loss: 0.053,loss_x: 0.071,loss_u_s: 0.060,loss_u_m: 0.070,loss_u_fp: 0.006,mask_ratio: 0.855
[INFO] Iters: 64108,total_loss: 0.051,loss_x: 0.070,loss_u_s: 0.060,loss_u_m: 0.056,loss_u_fp: 0.005,mask_ratio: 0.844
[INFO] Iters: 64232,total_loss: 0.051,loss_x: 0.068,loss_u_s: 0.054,loss_u_m: 0.069,loss_u_fp: 0.007,mask_ratio: 0.851
[INFO] Iters: 64356,total_loss: 0.050,loss_x: 0.066,loss_u_s: 0.065,loss_u_m: 0.063,loss_u_fp: 0.006,mask_ratio: 0.851
[INFO] ***** Evaluation ***** >>>> Class [0 background] IoU: 94.37
[INFO] ***** Evaluation ***** >>>> Class [1 aeroplane] IoU: 91.71
[INFO] ***** Evaluation ***** >>>> Class [2 bicycle] IoU: 44.83
[INFO] ***** Evaluation ***** >>>> Class [3 bird] IoU: 90.16
[INFO] ***** Evaluation ***** >>>> Class [4 boat] IoU: 74.56
[INFO] ***** Evaluation ***** >>>> Class [5 bottle] IoU: 81.85
[INFO] ***** Evaluation ***** >>>> Class [6 bus] IoU: 95.72
[INFO] ***** Evaluation ***** >>>> Class [7 car] IoU: 88.86
[INFO] ***** Evaluation ***** >>>> Class [8 cat] IoU: 93.53
[INFO] ***** Evaluation ***** >>>> Class [9 chair] IoU: 41.02
[INFO] ***** Evaluation ***** >>>> Class [10 cow] IoU: 85.61
[INFO] ***** Evaluation ***** >>>> Class [11 dining table] IoU: 43.86
[INFO] ***** Evaluation ***** >>>> Class [12 dog] IoU: 87.99
[INFO] ***** Evaluation ***** >>>> Class [13 horse] IoU: 87.61
[INFO] ***** Evaluation ***** >>>> Class [14 motorbike] IoU: 86.80
[INFO] ***** Evaluation ***** >>>> Class [15 person] IoU: 86.95
[INFO] ***** Evaluation ***** >>>> Class [16 potted plant] IoU: 54.38
[INFO] ***** Evaluation ***** >>>> Class [17 sheep] IoU: 89.65
[INFO] ***** Evaluation ***** >>>> Class [18 sofa] IoU: 54.42
[INFO] ***** Evaluation ***** >>>> Class [19 train] IoU: 90.02
[INFO] ***** Evaluation ***** >>>> Class [20 tv/monitor] IoU: 68.89
[INFO] ***** Evaluation ***** original >>>> MeanIoU: 77.75

[INFO] Pseudo-label epoch summary | epoch=64, generated_epoch=759726204, selected_epoch=645689302, epoch_rate=0.849897, generated_cum=49512889848, selected_cum=38940724911, cum_rate=0.786477
[INFO] ===========> Epoch: 65, LR: 0.00022, Previous best val_mIOU: 77.94
[INFO] Iters: 64480,total_loss: 0.053,loss_x: 0.069,loss_u_s: 0.070,loss_u_m: 0.069,loss_u_fp: 0.006,mask_ratio: 0.853
[INFO] Iters: 64604,total_loss: 0.052,loss_x: 0.069,loss_u_s: 0.064,loss_u_m: 0.064,loss_u_fp: 0.006,mask_ratio: 0.858
[INFO] Iters: 64728,total_loss: 0.051,loss_x: 0.071,loss_u_s: 0.053,loss_u_m: 0.057,loss_u_fp: 0.005,mask_ratio: 0.849
[INFO] Iters: 64852,total_loss: 0.051,loss_x: 0.065,loss_u_s: 0.067,loss_u_m: 0.074,loss_u_fp: 0.006,mask_ratio: 0.855
[INFO] Iters: 64976,total_loss: 0.051,loss_x: 0.068,loss_u_s: 0.062,loss_u_m: 0.058,loss_u_fp: 0.008,mask_ratio: 0.851
[INFO] Iters: 65100,total_loss: 0.050,loss_x: 0.066,loss_u_s: 0.057,loss_u_m: 0.066,loss_u_fp: 0.005,mask_ratio: 0.853
[INFO] Iters: 65224,total_loss: 0.048,loss_x: 0.063,loss_u_s: 0.059,loss_u_m: 0.061,loss_u_fp: 0.008,mask_ratio: 0.859
[INFO] Iters: 65348,total_loss: 0.050,loss_x: 0.069,loss_u_s: 0.058,loss_u_m: 0.057,loss_u_fp: 0.006,mask_ratio: 0.844
[INFO] ***** Evaluation ***** >>>> Class [0 background] IoU: 94.35
[INFO] ***** Evaluation ***** >>>> Class [1 aeroplane] IoU: 91.59
[INFO] ***** Evaluation ***** >>>> Class [2 bicycle] IoU: 44.40
[INFO] ***** Evaluation ***** >>>> Class [3 bird] IoU: 90.21
[INFO] ***** Evaluation ***** >>>> Class [4 boat] IoU: 73.43
[INFO] ***** Evaluation ***** >>>> Class [5 bottle] IoU: 80.12
[INFO] ***** Evaluation ***** >>>> Class [6 bus] IoU: 95.22
[INFO] ***** Evaluation ***** >>>> Class [7 car] IoU: 88.09
[INFO] ***** Evaluation ***** >>>> Class [8 cat] IoU: 92.91
[INFO] ***** Evaluation ***** >>>> Class [9 chair] IoU: 39.72
[INFO] ***** Evaluation ***** >>>> Class [10 cow] IoU: 84.02
[INFO] ***** Evaluation ***** >>>> Class [11 dining table] IoU: 49.45
[INFO] ***** Evaluation ***** >>>> Class [12 dog] IoU: 85.88
[INFO] ***** Evaluation ***** >>>> Class [13 horse] IoU: 87.59
[INFO] ***** Evaluation ***** >>>> Class [14 motorbike] IoU: 85.83
[INFO] ***** Evaluation ***** >>>> Class [15 person] IoU: 86.95
[INFO] ***** Evaluation ***** >>>> Class [16 potted plant] IoU: 57.44
[INFO] ***** Evaluation ***** >>>> Class [17 sheep] IoU: 89.57
[INFO] ***** Evaluation ***** >>>> Class [18 sofa] IoU: 50.23
[INFO] ***** Evaluation ***** >>>> Class [19 train] IoU: 89.90
[INFO] ***** Evaluation ***** >>>> Class [20 tv/monitor] IoU: 70.01
[INFO] ***** Evaluation ***** original >>>> MeanIoU: 77.47

[INFO] Pseudo-label epoch summary | epoch=65, generated_epoch=761756275, selected_epoch=649437036, epoch_rate=0.852552, generated_cum=50274646123, selected_cum=39590161947, cum_rate=0.787478
[INFO] ===========> Epoch: 66, LR: 0.00021, Previous best val_mIOU: 77.94
[INFO] Iters: 65472,total_loss: 0.052,loss_x: 0.067,loss_u_s: 0.072,loss_u_m: 0.060,loss_u_fp: 0.007,mask_ratio: 0.852
[INFO] Iters: 65596,total_loss: 0.050,loss_x: 0.069,loss_u_s: 0.057,loss_u_m: 0.058,loss_u_fp: 0.006,mask_ratio: 0.854
[INFO] Iters: 65720,total_loss: 0.051,loss_x: 0.069,loss_u_s: 0.062,loss_u_m: 0.058,loss_u_fp: 0.005,mask_ratio: 0.852
[INFO] Iters: 65844,total_loss: 0.052,loss_x: 0.067,loss_u_s: 0.066,loss_u_m: 0.071,loss_u_fp: 0.005,mask_ratio: 0.852
[INFO] Iters: 65968,total_loss: 0.052,loss_x: 0.071,loss_u_s: 0.062,loss_u_m: 0.053,loss_u_fp: 0.006,mask_ratio: 0.849
[INFO] Iters: 66092,total_loss: 0.050,loss_x: 0.067,loss_u_s: 0.060,loss_u_m: 0.062,loss_u_fp: 0.007,mask_ratio: 0.844
[INFO] Iters: 66216,total_loss: 0.048,loss_x: 0.065,loss_u_s: 0.052,loss_u_m: 0.063,loss_u_fp: 0.006,mask_ratio: 0.856
[INFO] Iters: 66340,total_loss: 0.054,loss_x: 0.073,loss_u_s: 0.060,loss_u_m: 0.068,loss_u_fp: 0.007,mask_ratio: 0.851
[INFO] ***** Evaluation ***** >>>> Class [0 background] IoU: 94.36
[INFO] ***** Evaluation ***** >>>> Class [1 aeroplane] IoU: 91.68
[INFO] ***** Evaluation ***** >>>> Class [2 bicycle] IoU: 44.95
[INFO] ***** Evaluation ***** >>>> Class [3 bird] IoU: 90.34
[INFO] ***** Evaluation ***** >>>> Class [4 boat] IoU: 72.59
[INFO] ***** Evaluation ***** >>>> Class [5 bottle] IoU: 81.00
[INFO] ***** Evaluation ***** >>>> Class [6 bus] IoU: 95.60
[INFO] ***** Evaluation ***** >>>> Class [7 car] IoU: 88.99
[INFO] ***** Evaluation ***** >>>> Class [8 cat] IoU: 92.90
[INFO] ***** Evaluation ***** >>>> Class [9 chair] IoU: 40.68
[INFO] ***** Evaluation ***** >>>> Class [10 cow] IoU: 87.24
[INFO] ***** Evaluation ***** >>>> Class [11 dining table] IoU: 46.96
[INFO] ***** Evaluation ***** >>>> Class [12 dog] IoU: 87.84
[INFO] ***** Evaluation ***** >>>> Class [13 horse] IoU: 87.60
[INFO] ***** Evaluation ***** >>>> Class [14 motorbike] IoU: 87.39
[INFO] ***** Evaluation ***** >>>> Class [15 person] IoU: 87.10
[INFO] ***** Evaluation ***** >>>> Class [16 potted plant] IoU: 56.42
[INFO] ***** Evaluation ***** >>>> Class [17 sheep] IoU: 90.32
[INFO] ***** Evaluation ***** >>>> Class [18 sofa] IoU: 51.67
[INFO] ***** Evaluation ***** >>>> Class [19 train] IoU: 90.19
[INFO] ***** Evaluation ***** >>>> Class [20 tv/monitor] IoU: 69.94
[INFO] ***** Evaluation ***** original >>>> MeanIoU: 77.89

[INFO] Pseudo-label epoch summary | epoch=66, generated_epoch=759332559, selected_epoch=645938230, epoch_rate=0.850666, generated_cum=51033978682, selected_cum=40236100177, cum_rate=0.788418
[INFO] ===========> Epoch: 67, LR: 0.00019, Previous best val_mIOU: 77.94
[INFO] Iters: 66464,total_loss: 0.051,loss_x: 0.066,loss_u_s: 0.063,loss_u_m: 0.065,loss_u_fp: 0.008,mask_ratio: 0.849
[INFO] Iters: 66588,total_loss: 0.049,loss_x: 0.064,loss_u_s: 0.068,loss_u_m: 0.055,loss_u_fp: 0.006,mask_ratio: 0.858
[INFO] Iters: 66712,total_loss: 0.049,loss_x: 0.067,loss_u_s: 0.053,loss_u_m: 0.062,loss_u_fp: 0.007,mask_ratio: 0.859
[INFO] Iters: 66836,total_loss: 0.052,loss_x: 0.067,loss_u_s: 0.067,loss_u_m: 0.073,loss_u_fp: 0.005,mask_ratio: 0.857
[INFO] Iters: 66960,total_loss: 0.050,loss_x: 0.065,loss_u_s: 0.076,loss_u_m: 0.053,loss_u_fp: 0.007,mask_ratio: 0.851
[INFO] Iters: 67084,total_loss: 0.050,loss_x: 0.066,loss_u_s: 0.060,loss_u_m: 0.060,loss_u_fp: 0.006,mask_ratio: 0.857
[INFO] Iters: 67208,total_loss: 0.050,loss_x: 0.069,loss_u_s: 0.055,loss_u_m: 0.058,loss_u_fp: 0.007,mask_ratio: 0.848
[INFO] Iters: 67332,total_loss: 0.050,loss_x: 0.064,loss_u_s: 0.063,loss_u_m: 0.063,loss_u_fp: 0.007,mask_ratio: 0.850
[INFO] ***** Evaluation ***** >>>> Class [0 background] IoU: 94.35
[INFO] ***** Evaluation ***** >>>> Class [1 aeroplane] IoU: 91.80
[INFO] ***** Evaluation ***** >>>> Class [2 bicycle] IoU: 44.58
[INFO] ***** Evaluation ***** >>>> Class [3 bird] IoU: 90.47
[INFO] ***** Evaluation ***** >>>> Class [4 boat] IoU: 72.03
[INFO] ***** Evaluation ***** >>>> Class [5 bottle] IoU: 80.61
[INFO] ***** Evaluation ***** >>>> Class [6 bus] IoU: 95.24
[INFO] ***** Evaluation ***** >>>> Class [7 car] IoU: 87.98
[INFO] ***** Evaluation ***** >>>> Class [8 cat] IoU: 93.23
[INFO] ***** Evaluation ***** >>>> Class [9 chair] IoU: 39.50
[INFO] ***** Evaluation ***** >>>> Class [10 cow] IoU: 88.14
[INFO] ***** Evaluation ***** >>>> Class [11 dining table] IoU: 42.22
[INFO] ***** Evaluation ***** >>>> Class [12 dog] IoU: 88.48
[INFO] ***** Evaluation ***** >>>> Class [13 horse] IoU: 87.12
[INFO] ***** Evaluation ***** >>>> Class [14 motorbike] IoU: 85.17
[INFO] ***** Evaluation ***** >>>> Class [15 person] IoU: 86.89
[INFO] ***** Evaluation ***** >>>> Class [16 potted plant] IoU: 57.69
[INFO] ***** Evaluation ***** >>>> Class [17 sheep] IoU: 90.37
[INFO] ***** Evaluation ***** >>>> Class [18 sofa] IoU: 54.72
[INFO] ***** Evaluation ***** >>>> Class [19 train] IoU: 90.28
[INFO] ***** Evaluation ***** >>>> Class [20 tv/monitor] IoU: 70.51
[INFO] ***** Evaluation ***** original >>>> MeanIoU: 77.68

[INFO] Pseudo-label epoch summary | epoch=67, generated_epoch=760885571, selected_epoch=650372725, epoch_rate=0.854758, generated_cum=51794864253, selected_cum=40886472902, cum_rate=0.789392
[INFO] ===========> Epoch: 68, LR: 0.00018, Previous best val_mIOU: 77.94
[INFO] Iters: 67456,total_loss: 0.053,loss_x: 0.065,loss_u_s: 0.083,loss_u_m: 0.072,loss_u_fp: 0.006,mask_ratio: 0.857
[INFO] Iters: 67580,total_loss: 0.050,loss_x: 0.065,loss_u_s: 0.058,loss_u_m: 0.071,loss_u_fp: 0.005,mask_ratio: 0.858
[INFO] Iters: 67704,total_loss: 0.049,loss_x: 0.070,loss_u_s: 0.059,loss_u_m: 0.045,loss_u_fp: 0.006,mask_ratio: 0.855
[INFO] Iters: 67828,total_loss: 0.051,loss_x: 0.062,loss_u_s: 0.070,loss_u_m: 0.076,loss_u_fp: 0.006,mask_ratio: 0.850
[INFO] Iters: 67952,total_loss: 0.051,loss_x: 0.071,loss_u_s: 0.061,loss_u_m: 0.056,loss_u_fp: 0.006,mask_ratio: 0.849
[INFO] Iters: 68076,total_loss: 0.050,loss_x: 0.065,loss_u_s: 0.061,loss_u_m: 0.063,loss_u_fp: 0.007,mask_ratio: 0.862
[INFO] Iters: 68200,total_loss: 0.049,loss_x: 0.064,loss_u_s: 0.058,loss_u_m: 0.068,loss_u_fp: 0.005,mask_ratio: 0.849
[INFO] Iters: 68324,total_loss: 0.050,loss_x: 0.067,loss_u_s: 0.060,loss_u_m: 0.059,loss_u_fp: 0.006,mask_ratio: 0.848
[INFO] ***** Evaluation ***** >>>> Class [0 background] IoU: 94.21
[INFO] ***** Evaluation ***** >>>> Class [1 aeroplane] IoU: 92.13
[INFO] ***** Evaluation ***** >>>> Class [2 bicycle] IoU: 44.47
[INFO] ***** Evaluation ***** >>>> Class [3 bird] IoU: 90.96
[INFO] ***** Evaluation ***** >>>> Class [4 boat] IoU: 73.28
[INFO] ***** Evaluation ***** >>>> Class [5 bottle] IoU: 81.06
[INFO] ***** Evaluation ***** >>>> Class [6 bus] IoU: 95.19
[INFO] ***** Evaluation ***** >>>> Class [7 car] IoU: 87.61
[INFO] ***** Evaluation ***** >>>> Class [8 cat] IoU: 93.33
[INFO] ***** Evaluation ***** >>>> Class [9 chair] IoU: 39.34
[INFO] ***** Evaluation ***** >>>> Class [10 cow] IoU: 84.30
[INFO] ***** Evaluation ***** >>>> Class [11 dining table] IoU: 40.99
[INFO] ***** Evaluation ***** >>>> Class [12 dog] IoU: 85.86
[INFO] ***** Evaluation ***** >>>> Class [13 horse] IoU: 87.33
[INFO] ***** Evaluation ***** >>>> Class [14 motorbike] IoU: 85.64
[INFO] ***** Evaluation ***** >>>> Class [15 person] IoU: 87.12
[INFO] ***** Evaluation ***** >>>> Class [16 potted plant] IoU: 56.87
[INFO] ***** Evaluation ***** >>>> Class [17 sheep] IoU: 90.37
[INFO] ***** Evaluation ***** >>>> Class [18 sofa] IoU: 48.92
[INFO] ***** Evaluation ***** >>>> Class [19 train] IoU: 90.23
[INFO] ***** Evaluation ***** >>>> Class [20 tv/monitor] IoU: 69.77
[INFO] ***** Evaluation ***** original >>>> MeanIoU: 77.09

[INFO] Pseudo-label epoch summary | epoch=68, generated_epoch=761563539, selected_epoch=649875121, epoch_rate=0.853343, generated_cum=52556427792, selected_cum=41536348023, cum_rate=0.790319
[INFO] ===========> Epoch: 69, LR: 0.00017, Previous best val_mIOU: 77.94
[INFO] Iters: 68448,total_loss: 0.050,loss_x: 0.066,loss_u_s: 0.063,loss_u_m: 0.065,loss_u_fp: 0.005,mask_ratio: 0.859
[INFO] Iters: 68572,total_loss: 0.051,loss_x: 0.066,loss_u_s: 0.071,loss_u_m: 0.060,loss_u_fp: 0.006,mask_ratio: 0.858
[INFO] Iters: 68696,total_loss: 0.052,loss_x: 0.070,loss_u_s: 0.067,loss_u_m: 0.054,loss_u_fp: 0.006,mask_ratio: 0.853
[INFO] Iters: 68820,total_loss: 0.047,loss_x: 0.063,loss_u_s: 0.062,loss_u_m: 0.054,loss_u_fp: 0.006,mask_ratio: 0.859
[INFO] Iters: 68944,total_loss: 0.051,loss_x: 0.069,loss_u_s: 0.062,loss_u_m: 0.061,loss_u_fp: 0.006,mask_ratio: 0.851
[INFO] Iters: 69068,total_loss: 0.050,loss_x: 0.066,loss_u_s: 0.060,loss_u_m: 0.062,loss_u_fp: 0.005,mask_ratio: 0.856
[INFO] Iters: 69192,total_loss: 0.047,loss_x: 0.062,loss_u_s: 0.058,loss_u_m: 0.056,loss_u_fp: 0.007,mask_ratio: 0.853
[INFO] Iters: 69316,total_loss: 0.048,loss_x: 0.064,loss_u_s: 0.058,loss_u_m: 0.055,loss_u_fp: 0.006,mask_ratio: 0.855
[INFO] ***** Evaluation ***** >>>> Class [0 background] IoU: 94.32
[INFO] ***** Evaluation ***** >>>> Class [1 aeroplane] IoU: 92.03
[INFO] ***** Evaluation ***** >>>> Class [2 bicycle] IoU: 44.62
[INFO] ***** Evaluation ***** >>>> Class [3 bird] IoU: 91.25
[INFO] ***** Evaluation ***** >>>> Class [4 boat] IoU: 74.21
[INFO] ***** Evaluation ***** >>>> Class [5 bottle] IoU: 81.78
[INFO] ***** Evaluation ***** >>>> Class [6 bus] IoU: 95.42
[INFO] ***** Evaluation ***** >>>> Class [7 car] IoU: 87.56
[INFO] ***** Evaluation ***** >>>> Class [8 cat] IoU: 93.79
[INFO] ***** Evaluation ***** >>>> Class [9 chair] IoU: 39.79
[INFO] ***** Evaluation ***** >>>> Class [10 cow] IoU: 84.06
[INFO] ***** Evaluation ***** >>>> Class [11 dining table] IoU: 45.63
[INFO] ***** Evaluation ***** >>>> Class [12 dog] IoU: 87.10
[INFO] ***** Evaluation ***** >>>> Class [13 horse] IoU: 87.62
[INFO] ***** Evaluation ***** >>>> Class [14 motorbike] IoU: 85.03
[INFO] ***** Evaluation ***** >>>> Class [15 person] IoU: 87.21
[INFO] ***** Evaluation ***** >>>> Class [16 potted plant] IoU: 57.34
[INFO] ***** Evaluation ***** >>>> Class [17 sheep] IoU: 90.46
[INFO] ***** Evaluation ***** >>>> Class [18 sofa] IoU: 49.75
[INFO] ***** Evaluation ***** >>>> Class [19 train] IoU: 89.90
[INFO] ***** Evaluation ***** >>>> Class [20 tv/monitor] IoU: 68.60
[INFO] ***** Evaluation ***** original >>>> MeanIoU: 77.50

[INFO] Pseudo-label epoch summary | epoch=69, generated_epoch=762003050, selected_epoch=652062952, epoch_rate=0.855722, generated_cum=53318430842, selected_cum=42188410975, cum_rate=0.791254
[INFO] ===========> Epoch: 70, LR: 0.00015, Previous best val_mIOU: 77.94
[INFO] Iters: 69440,total_loss: 0.050,loss_x: 0.067,loss_u_s: 0.060,loss_u_m: 0.060,loss_u_fp: 0.005,mask_ratio: 0.860
[INFO] Iters: 69564,total_loss: 0.047,loss_x: 0.064,loss_u_s: 0.051,loss_u_m: 0.059,loss_u_fp: 0.005,mask_ratio: 0.853
[INFO] Iters: 69688,total_loss: 0.049,loss_x: 0.064,loss_u_s: 0.061,loss_u_m: 0.061,loss_u_fp: 0.006,mask_ratio: 0.852
[INFO] Iters: 69812,total_loss: 0.048,loss_x: 0.061,loss_u_s: 0.075,loss_u_m: 0.053,loss_u_fp: 0.007,mask_ratio: 0.858
[INFO] Iters: 69936,total_loss: 0.049,loss_x: 0.066,loss_u_s: 0.061,loss_u_m: 0.057,loss_u_fp: 0.006,mask_ratio: 0.855
[INFO] Iters: 70060,total_loss: 0.051,loss_x: 0.066,loss_u_s: 0.073,loss_u_m: 0.061,loss_u_fp: 0.006,mask_ratio: 0.856
[INFO] Iters: 70184,total_loss: 0.053,loss_x: 0.071,loss_u_s: 0.060,loss_u_m: 0.066,loss_u_fp: 0.006,mask_ratio: 0.861
[INFO] Iters: 70308,total_loss: 0.048,loss_x: 0.062,loss_u_s: 0.059,loss_u_m: 0.066,loss_u_fp: 0.005,mask_ratio: 0.852
[INFO] ***** Evaluation ***** >>>> Class [0 background] IoU: 94.46
[INFO] ***** Evaluation ***** >>>> Class [1 aeroplane] IoU: 92.11
[INFO] ***** Evaluation ***** >>>> Class [2 bicycle] IoU: 43.99
[INFO] ***** Evaluation ***** >>>> Class [3 bird] IoU: 91.11
[INFO] ***** Evaluation ***** >>>> Class [4 boat] IoU: 72.76
[INFO] ***** Evaluation ***** >>>> Class [5 bottle] IoU: 83.33
[INFO] ***** Evaluation ***** >>>> Class [6 bus] IoU: 95.39
[INFO] ***** Evaluation ***** >>>> Class [7 car] IoU: 87.73
[INFO] ***** Evaluation ***** >>>> Class [8 cat] IoU: 93.66
[INFO] ***** Evaluation ***** >>>> Class [9 chair] IoU: 37.76
[INFO] ***** Evaluation ***** >>>> Class [10 cow] IoU: 84.97
[INFO] ***** Evaluation ***** >>>> Class [11 dining table] IoU: 52.68
[INFO] ***** Evaluation ***** >>>> Class [12 dog] IoU: 87.10
[INFO] ***** Evaluation ***** >>>> Class [13 horse] IoU: 87.13
[INFO] ***** Evaluation ***** >>>> Class [14 motorbike] IoU: 85.49
[INFO] ***** Evaluation ***** >>>> Class [15 person] IoU: 87.16
[INFO] ***** Evaluation ***** >>>> Class [16 potted plant] IoU: 57.76
[INFO] ***** Evaluation ***** >>>> Class [17 sheep] IoU: 90.27
[INFO] ***** Evaluation ***** >>>> Class [18 sofa] IoU: 51.99
[INFO] ***** Evaluation ***** >>>> Class [19 train] IoU: 90.29
[INFO] ***** Evaluation ***** >>>> Class [20 tv/monitor] IoU: 70.19
[INFO] ***** Evaluation ***** original >>>> MeanIoU: 77.97

[INFO] Pseudo-label epoch summary | epoch=70, generated_epoch=764126397, selected_epoch=653301834, epoch_rate=0.854966, generated_cum=54082557239, selected_cum=42841712809, cum_rate=0.792154
[INFO] ===========> Epoch: 71, LR: 0.00014, Previous best val_mIOU: 77.97
[INFO] Iters: 70432,total_loss: 0.055,loss_x: 0.075,loss_u_s: 0.068,loss_u_m: 0.060,loss_u_fp: 0.005,mask_ratio: 0.854
[INFO] Iters: 70556,total_loss: 0.048,loss_x: 0.062,loss_u_s: 0.061,loss_u_m: 0.059,loss_u_fp: 0.006,mask_ratio: 0.849
[INFO] Iters: 70680,total_loss: 0.049,loss_x: 0.063,loss_u_s: 0.057,loss_u_m: 0.073,loss_u_fp: 0.005,mask_ratio: 0.857
[INFO] Iters: 70804,total_loss: 0.047,loss_x: 0.062,loss_u_s: 0.065,loss_u_m: 0.053,loss_u_fp: 0.006,mask_ratio: 0.864
[INFO] Iters: 70928,total_loss: 0.052,loss_x: 0.071,loss_u_s: 0.056,loss_u_m: 0.064,loss_u_fp: 0.006,mask_ratio: 0.863
[INFO] Iters: 71052,total_loss: 0.051,loss_x: 0.067,loss_u_s: 0.064,loss_u_m: 0.070,loss_u_fp: 0.005,mask_ratio: 0.854
[INFO] Iters: 71176,total_loss: 0.050,loss_x: 0.067,loss_u_s: 0.059,loss_u_m: 0.063,loss_u_fp: 0.007,mask_ratio: 0.851
[INFO] Iters: 71300,total_loss: 0.047,loss_x: 0.063,loss_u_s: 0.056,loss_u_m: 0.057,loss_u_fp: 0.005,mask_ratio: 0.853
[INFO] ***** Evaluation ***** >>>> Class [0 background] IoU: 94.38
[INFO] ***** Evaluation ***** >>>> Class [1 aeroplane] IoU: 92.28
[INFO] ***** Evaluation ***** >>>> Class [2 bicycle] IoU: 44.78
[INFO] ***** Evaluation ***** >>>> Class [3 bird] IoU: 90.96
[INFO] ***** Evaluation ***** >>>> Class [4 boat] IoU: 73.64
[INFO] ***** Evaluation ***** >>>> Class [5 bottle] IoU: 82.22
[INFO] ***** Evaluation ***** >>>> Class [6 bus] IoU: 95.56
[INFO] ***** Evaluation ***** >>>> Class [7 car] IoU: 88.02
[INFO] ***** Evaluation ***** >>>> Class [8 cat] IoU: 93.82
[INFO] ***** Evaluation ***** >>>> Class [9 chair] IoU: 39.44
[INFO] ***** Evaluation ***** >>>> Class [10 cow] IoU: 87.33
[INFO] ***** Evaluation ***** >>>> Class [11 dining table] IoU: 47.25
[INFO] ***** Evaluation ***** >>>> Class [12 dog] IoU: 88.49
[INFO] ***** Evaluation ***** >>>> Class [13 horse] IoU: 87.67
[INFO] ***** Evaluation ***** >>>> Class [14 motorbike] IoU: 85.39
[INFO] ***** Evaluation ***** >>>> Class [15 person] IoU: 87.20
[INFO] ***** Evaluation ***** >>>> Class [16 potted plant] IoU: 57.22
[INFO] ***** Evaluation ***** >>>> Class [17 sheep] IoU: 89.29
[INFO] ***** Evaluation ***** >>>> Class [18 sofa] IoU: 50.67
[INFO] ***** Evaluation ***** >>>> Class [19 train] IoU: 89.36
[INFO] ***** Evaluation ***** >>>> Class [20 tv/monitor] IoU: 68.20
[INFO] ***** Evaluation ***** original >>>> MeanIoU: 77.77

[INFO] Pseudo-label epoch summary | epoch=71, generated_epoch=762288004, selected_epoch=652119200, epoch_rate=0.855476, generated_cum=54844845243, selected_cum=43493832009, cum_rate=0.793034
[INFO] ===========> Epoch: 72, LR: 0.00013, Previous best val_mIOU: 77.97
[INFO] Iters: 71424,total_loss: 0.051,loss_x: 0.064,loss_u_s: 0.058,loss_u_m: 0.072,loss_u_fp: 0.009,mask_ratio: 0.854
[INFO] Iters: 71548,total_loss: 0.048,loss_x: 0.065,loss_u_s: 0.055,loss_u_m: 0.062,loss_u_fp: 0.005,mask_ratio: 0.862
[INFO] Iters: 71672,total_loss: 0.050,loss_x: 0.062,loss_u_s: 0.068,loss_u_m: 0.067,loss_u_fp: 0.006,mask_ratio: 0.844
[INFO] Iters: 71796,total_loss: 0.049,loss_x: 0.065,loss_u_s: 0.059,loss_u_m: 0.059,loss_u_fp: 0.006,mask_ratio: 0.861
[INFO] Iters: 71920,total_loss: 0.047,loss_x: 0.063,loss_u_s: 0.060,loss_u_m: 0.055,loss_u_fp: 0.006,mask_ratio: 0.865
[INFO] Iters: 72044,total_loss: 0.049,loss_x: 0.063,loss_u_s: 0.064,loss_u_m: 0.066,loss_u_fp: 0.006,mask_ratio: 0.853
[INFO] Iters: 72168,total_loss: 0.050,loss_x: 0.069,loss_u_s: 0.057,loss_u_m: 0.058,loss_u_fp: 0.006,mask_ratio: 0.861
[INFO] Iters: 72292,total_loss: 0.050,loss_x: 0.066,loss_u_s: 0.064,loss_u_m: 0.063,loss_u_fp: 0.007,mask_ratio: 0.849
[INFO] ***** Evaluation ***** >>>> Class [0 background] IoU: 94.39
[INFO] ***** Evaluation ***** >>>> Class [1 aeroplane] IoU: 92.65
[INFO] ***** Evaluation ***** >>>> Class [2 bicycle] IoU: 44.45
[INFO] ***** Evaluation ***** >>>> Class [3 bird] IoU: 91.07
[INFO] ***** Evaluation ***** >>>> Class [4 boat] IoU: 73.17
[INFO] ***** Evaluation ***** >>>> Class [5 bottle] IoU: 83.07
[INFO] ***** Evaluation ***** >>>> Class [6 bus] IoU: 95.42
[INFO] ***** Evaluation ***** >>>> Class [7 car] IoU: 87.96
[INFO] ***** Evaluation ***** >>>> Class [8 cat] IoU: 93.80
[INFO] ***** Evaluation ***** >>>> Class [9 chair] IoU: 38.78
[INFO] ***** Evaluation ***** >>>> Class [10 cow] IoU: 87.61
[INFO] ***** Evaluation ***** >>>> Class [11 dining table] IoU: 44.24
[INFO] ***** Evaluation ***** >>>> Class [12 dog] IoU: 88.47
[INFO] ***** Evaluation ***** >>>> Class [13 horse] IoU: 87.65
[INFO] ***** Evaluation ***** >>>> Class [14 motorbike] IoU: 85.40
[INFO] ***** Evaluation ***** >>>> Class [15 person] IoU: 87.10
[INFO] ***** Evaluation ***** >>>> Class [16 potted plant] IoU: 56.49
[INFO] ***** Evaluation ***** >>>> Class [17 sheep] IoU: 90.04
[INFO] ***** Evaluation ***** >>>> Class [18 sofa] IoU: 53.99
[INFO] ***** Evaluation ***** >>>> Class [19 train] IoU: 89.73
[INFO] ***** Evaluation ***** >>>> Class [20 tv/monitor] IoU: 70.29
[INFO] ***** Evaluation ***** original >>>> MeanIoU: 77.89

[INFO] Pseudo-label epoch summary | epoch=72, generated_epoch=761091744, selected_epoch=651791896, epoch_rate=0.856391, generated_cum=55605936987, selected_cum=44145623905, cum_rate=0.793901
[INFO] ===========> Epoch: 73, LR: 0.00011, Previous best val_mIOU: 77.97
[INFO] Iters: 72416,total_loss: 0.048,loss_x: 0.064,loss_u_s: 0.057,loss_u_m: 0.058,loss_u_fp: 0.005,mask_ratio: 0.859
[INFO] Iters: 72540,total_loss: 0.047,loss_x: 0.061,loss_u_s: 0.059,loss_u_m: 0.058,loss_u_fp: 0.006,mask_ratio: 0.859
[INFO] Iters: 72664,total_loss: 0.050,loss_x: 0.065,loss_u_s: 0.064,loss_u_m: 0.063,loss_u_fp: 0.005,mask_ratio: 0.852
[INFO] Iters: 72788,total_loss: 0.050,loss_x: 0.067,loss_u_s: 0.066,loss_u_m: 0.053,loss_u_fp: 0.005,mask_ratio: 0.858
[INFO] Iters: 72912,total_loss: 0.050,loss_x: 0.067,loss_u_s: 0.064,loss_u_m: 0.063,loss_u_fp: 0.005,mask_ratio: 0.864
[INFO] Iters: 73036,total_loss: 0.047,loss_x: 0.061,loss_u_s: 0.062,loss_u_m: 0.060,loss_u_fp: 0.007,mask_ratio: 0.859
[INFO] Iters: 73160,total_loss: 0.050,loss_x: 0.067,loss_u_s: 0.063,loss_u_m: 0.060,loss_u_fp: 0.007,mask_ratio: 0.852
[INFO] Iters: 73284,total_loss: 0.049,loss_x: 0.063,loss_u_s: 0.066,loss_u_m: 0.059,loss_u_fp: 0.005,mask_ratio: 0.852
[INFO] ***** Evaluation ***** >>>> Class [0 background] IoU: 94.37
[INFO] ***** Evaluation ***** >>>> Class [1 aeroplane] IoU: 92.56
[INFO] ***** Evaluation ***** >>>> Class [2 bicycle] IoU: 45.24
[INFO] ***** Evaluation ***** >>>> Class [3 bird] IoU: 90.01
[INFO] ***** Evaluation ***** >>>> Class [4 boat] IoU: 74.63
[INFO] ***** Evaluation ***** >>>> Class [5 bottle] IoU: 83.24
[INFO] ***** Evaluation ***** >>>> Class [6 bus] IoU: 95.44
[INFO] ***** Evaluation ***** >>>> Class [7 car] IoU: 88.09
[INFO] ***** Evaluation ***** >>>> Class [8 cat] IoU: 93.90
[INFO] ***** Evaluation ***** >>>> Class [9 chair] IoU: 39.42
[INFO] ***** Evaluation ***** >>>> Class [10 cow] IoU: 87.64
[INFO] ***** Evaluation ***** >>>> Class [11 dining table] IoU: 42.04
[INFO] ***** Evaluation ***** >>>> Class [12 dog] IoU: 88.79
[INFO] ***** Evaluation ***** >>>> Class [13 horse] IoU: 87.63
[INFO] ***** Evaluation ***** >>>> Class [14 motorbike] IoU: 85.50
[INFO] ***** Evaluation ***** >>>> Class [15 person] IoU: 86.94
[INFO] ***** Evaluation ***** >>>> Class [16 potted plant] IoU: 55.90
[INFO] ***** Evaluation ***** >>>> Class [17 sheep] IoU: 90.66
[INFO] ***** Evaluation ***** >>>> Class [18 sofa] IoU: 53.59
[INFO] ***** Evaluation ***** >>>> Class [19 train] IoU: 89.46
[INFO] ***** Evaluation ***** >>>> Class [20 tv/monitor] IoU: 70.34
[INFO] ***** Evaluation ***** original >>>> MeanIoU: 77.88

[INFO] Pseudo-label epoch summary | epoch=73, generated_epoch=761643538, selected_epoch=651468267, epoch_rate=0.855345, generated_cum=56367580525, selected_cum=44797092172, cum_rate=0.794732
[INFO] ===========> Epoch: 74, LR: 0.00010, Previous best val_mIOU: 77.97
[INFO] Iters: 73408,total_loss: 0.048,loss_x: 0.063,loss_u_s: 0.060,loss_u_m: 0.061,loss_u_fp: 0.007,mask_ratio: 0.848
[INFO] Iters: 73532,total_loss: 0.045,loss_x: 0.059,loss_u_s: 0.054,loss_u_m: 0.055,loss_u_fp: 0.006,mask_ratio: 0.857
[INFO] Iters: 73656,total_loss: 0.049,loss_x: 0.060,loss_u_s: 0.070,loss_u_m: 0.065,loss_u_fp: 0.007,mask_ratio: 0.858
[INFO] Iters: 73780,total_loss: 0.051,loss_x: 0.066,loss_u_s: 0.067,loss_u_m: 0.065,loss_u_fp: 0.007,mask_ratio: 0.856
[INFO] Iters: 73904,total_loss: 0.052,loss_x: 0.065,loss_u_s: 0.078,loss_u_m: 0.068,loss_u_fp: 0.006,mask_ratio: 0.853
[INFO] Iters: 74028,total_loss: 0.048,loss_x: 0.064,loss_u_s: 0.054,loss_u_m: 0.059,loss_u_fp: 0.006,mask_ratio: 0.858
[INFO] Iters: 74152,total_loss: 0.051,loss_x: 0.066,loss_u_s: 0.064,loss_u_m: 0.065,loss_u_fp: 0.006,mask_ratio: 0.863
[INFO] Iters: 74276,total_loss: 0.048,loss_x: 0.064,loss_u_s: 0.058,loss_u_m: 0.058,loss_u_fp: 0.006,mask_ratio: 0.855
[INFO] ***** Evaluation ***** >>>> Class [0 background] IoU: 94.36
[INFO] ***** Evaluation ***** >>>> Class [1 aeroplane] IoU: 92.55
[INFO] ***** Evaluation ***** >>>> Class [2 bicycle] IoU: 45.20
[INFO] ***** Evaluation ***** >>>> Class [3 bird] IoU: 91.03
[INFO] ***** Evaluation ***** >>>> Class [4 boat] IoU: 74.01
[INFO] ***** Evaluation ***** >>>> Class [5 bottle] IoU: 83.56
[INFO] ***** Evaluation ***** >>>> Class [6 bus] IoU: 95.29
[INFO] ***** Evaluation ***** >>>> Class [7 car] IoU: 88.15
[INFO] ***** Evaluation ***** >>>> Class [8 cat] IoU: 93.32
[INFO] ***** Evaluation ***** >>>> Class [9 chair] IoU: 39.60
[INFO] ***** Evaluation ***** >>>> Class [10 cow] IoU: 87.26
[INFO] ***** Evaluation ***** >>>> Class [11 dining table] IoU: 42.76
[INFO] ***** Evaluation ***** >>>> Class [12 dog] IoU: 87.86
[INFO] ***** Evaluation ***** >>>> Class [13 horse] IoU: 87.73
[INFO] ***** Evaluation ***** >>>> Class [14 motorbike] IoU: 85.93
[INFO] ***** Evaluation ***** >>>> Class [15 person] IoU: 87.23
[INFO] ***** Evaluation ***** >>>> Class [16 potted plant] IoU: 56.87
[INFO] ***** Evaluation ***** >>>> Class [17 sheep] IoU: 89.54
[INFO] ***** Evaluation ***** >>>> Class [18 sofa] IoU: 51.52
[INFO] ***** Evaluation ***** >>>> Class [19 train] IoU: 90.40
[INFO] ***** Evaluation ***** >>>> Class [20 tv/monitor] IoU: 69.50
[INFO] ***** Evaluation ***** original >>>> MeanIoU: 77.79

[INFO] Pseudo-label epoch summary | epoch=74, generated_epoch=762166006, selected_epoch=653288286, epoch_rate=0.857147, generated_cum=57129746531, selected_cum=45450380458, cum_rate=0.795564
[INFO] ===========> Epoch: 75, LR: 0.00008, Previous best val_mIOU: 77.97
[INFO] Iters: 74400,total_loss: 0.051,loss_x: 0.066,loss_u_s: 0.065,loss_u_m: 0.065,loss_u_fp: 0.007,mask_ratio: 0.858
[INFO] Iters: 74524,total_loss: 0.050,loss_x: 0.068,loss_u_s: 0.055,loss_u_m: 0.062,loss_u_fp: 0.006,mask_ratio: 0.847
[INFO] Iters: 74648,total_loss: 0.050,loss_x: 0.064,loss_u_s: 0.063,loss_u_m: 0.066,loss_u_fp: 0.007,mask_ratio: 0.858
[INFO] Iters: 74772,total_loss: 0.048,loss_x: 0.063,loss_u_s: 0.056,loss_u_m: 0.064,loss_u_fp: 0.007,mask_ratio: 0.855
[INFO] Iters: 74896,total_loss: 0.048,loss_x: 0.064,loss_u_s: 0.058,loss_u_m: 0.056,loss_u_fp: 0.005,mask_ratio: 0.859
[INFO] Iters: 75020,total_loss: 0.048,loss_x: 0.065,loss_u_s: 0.058,loss_u_m: 0.056,loss_u_fp: 0.006,mask_ratio: 0.856
[INFO] Iters: 75144,total_loss: 0.047,loss_x: 0.062,loss_u_s: 0.053,loss_u_m: 0.061,loss_u_fp: 0.005,mask_ratio: 0.859
[INFO] Iters: 75268,total_loss: 0.046,loss_x: 0.060,loss_u_s: 0.055,loss_u_m: 0.061,loss_u_fp: 0.005,mask_ratio: 0.855
[INFO] ***** Evaluation ***** >>>> Class [0 background] IoU: 94.40
[INFO] ***** Evaluation ***** >>>> Class [1 aeroplane] IoU: 92.62
[INFO] ***** Evaluation ***** >>>> Class [2 bicycle] IoU: 45.52
[INFO] ***** Evaluation ***** >>>> Class [3 bird] IoU: 90.46
[INFO] ***** Evaluation ***** >>>> Class [4 boat] IoU: 73.96
[INFO] ***** Evaluation ***** >>>> Class [5 bottle] IoU: 83.77
[INFO] ***** Evaluation ***** >>>> Class [6 bus] IoU: 95.27
[INFO] ***** Evaluation ***** >>>> Class [7 car] IoU: 88.27
[INFO] ***** Evaluation ***** >>>> Class [8 cat] IoU: 93.92
[INFO] ***** Evaluation ***** >>>> Class [9 chair] IoU: 38.63
[INFO] ***** Evaluation ***** >>>> Class [10 cow] IoU: 86.43
[INFO] ***** Evaluation ***** >>>> Class [11 dining table] IoU: 44.67
[INFO] ***** Evaluation ***** >>>> Class [12 dog] IoU: 87.96
[INFO] ***** Evaluation ***** >>>> Class [13 horse] IoU: 87.71
[INFO] ***** Evaluation ***** >>>> Class [14 motorbike] IoU: 85.61
[INFO] ***** Evaluation ***** >>>> Class [15 person] IoU: 87.35
[INFO] ***** Evaluation ***** >>>> Class [16 potted plant] IoU: 57.55
[INFO] ***** Evaluation ***** >>>> Class [17 sheep] IoU: 90.64
[INFO] ***** Evaluation ***** >>>> Class [18 sofa] IoU: 50.98
[INFO] ***** Evaluation ***** >>>> Class [19 train] IoU: 90.18
[INFO] ***** Evaluation ***** >>>> Class [20 tv/monitor] IoU: 69.51
[INFO] ***** Evaluation ***** original >>>> MeanIoU: 77.88

[INFO] Pseudo-label epoch summary | epoch=75, generated_epoch=762523947, selected_epoch=652359700, epoch_rate=0.855527, generated_cum=57892270478, selected_cum=46102740158, cum_rate=0.796354
[INFO] ===========> Epoch: 76, LR: 0.00007, Previous best val_mIOU: 77.97
[INFO] Iters: 75392,total_loss: 0.047,loss_x: 0.062,loss_u_s: 0.059,loss_u_m: 0.056,loss_u_fp: 0.006,mask_ratio: 0.857
[INFO] Iters: 75516,total_loss: 0.049,loss_x: 0.061,loss_u_s: 0.070,loss_u_m: 0.067,loss_u_fp: 0.005,mask_ratio: 0.850
[INFO] Iters: 75640,total_loss: 0.052,loss_x: 0.066,loss_u_s: 0.065,loss_u_m: 0.071,loss_u_fp: 0.006,mask_ratio: 0.856
[INFO] Iters: 75764,total_loss: 0.050,loss_x: 0.064,loss_u_s: 0.072,loss_u_m: 0.057,loss_u_fp: 0.006,mask_ratio: 0.862
[INFO] Iters: 75888,total_loss: 0.049,loss_x: 0.066,loss_u_s: 0.054,loss_u_m: 0.059,loss_u_fp: 0.006,mask_ratio: 0.850
[INFO] Iters: 76012,total_loss: 0.048,loss_x: 0.061,loss_u_s: 0.062,loss_u_m: 0.066,loss_u_fp: 0.006,mask_ratio: 0.857
[INFO] Iters: 76136,total_loss: 0.048,loss_x: 0.062,loss_u_s: 0.065,loss_u_m: 0.060,loss_u_fp: 0.007,mask_ratio: 0.858
[INFO] Iters: 76260,total_loss: 0.050,loss_x: 0.065,loss_u_s: 0.062,loss_u_m: 0.062,loss_u_fp: 0.006,mask_ratio: 0.862
[INFO] ***** Evaluation ***** >>>> Class [0 background] IoU: 94.44
[INFO] ***** Evaluation ***** >>>> Class [1 aeroplane] IoU: 92.48
[INFO] ***** Evaluation ***** >>>> Class [2 bicycle] IoU: 45.13
[INFO] ***** Evaluation ***** >>>> Class [3 bird] IoU: 90.58
[INFO] ***** Evaluation ***** >>>> Class [4 boat] IoU: 74.15
[INFO] ***** Evaluation ***** >>>> Class [5 bottle] IoU: 83.60
[INFO] ***** Evaluation ***** >>>> Class [6 bus] IoU: 95.50
[INFO] ***** Evaluation ***** >>>> Class [7 car] IoU: 88.15
[INFO] ***** Evaluation ***** >>>> Class [8 cat] IoU: 93.98
[INFO] ***** Evaluation ***** >>>> Class [9 chair] IoU: 39.91
[INFO] ***** Evaluation ***** >>>> Class [10 cow] IoU: 88.84
[INFO] ***** Evaluation ***** >>>> Class [11 dining table] IoU: 41.91
[INFO] ***** Evaluation ***** >>>> Class [12 dog] IoU: 89.17
[INFO] ***** Evaluation ***** >>>> Class [13 horse] IoU: 87.70
[INFO] ***** Evaluation ***** >>>> Class [14 motorbike] IoU: 85.64
[INFO] ***** Evaluation ***** >>>> Class [15 person] IoU: 87.18
[INFO] ***** Evaluation ***** >>>> Class [16 potted plant] IoU: 57.87
[INFO] ***** Evaluation ***** >>>> Class [17 sheep] IoU: 90.60
[INFO] ***** Evaluation ***** >>>> Class [18 sofa] IoU: 53.94
[INFO] ***** Evaluation ***** >>>> Class [19 train] IoU: 90.37
[INFO] ***** Evaluation ***** >>>> Class [20 tv/monitor] IoU: 69.31
[INFO] ***** Evaluation ***** original >>>> MeanIoU: 78.12

[INFO] Pseudo-label epoch summary | epoch=76, generated_epoch=762080178, selected_epoch=652135454, epoch_rate=0.855731, generated_cum=58654350656, selected_cum=46754875612, cum_rate=0.797125
[INFO] ===========> Epoch: 77, LR: 0.00005, Previous best val_mIOU: 78.12
[INFO] Iters: 76384,total_loss: 0.047,loss_x: 0.065,loss_u_s: 0.049,loss_u_m: 0.057,loss_u_fp: 0.007,mask_ratio: 0.852
[INFO] Iters: 76508,total_loss: 0.048,loss_x: 0.061,loss_u_s: 0.066,loss_u_m: 0.066,loss_u_fp: 0.006,mask_ratio: 0.857
[INFO] Iters: 76632,total_loss: 0.047,loss_x: 0.063,loss_u_s: 0.060,loss_u_m: 0.053,loss_u_fp: 0.006,mask_ratio: 0.855
[INFO] Iters: 76756,total_loss: 0.050,loss_x: 0.064,loss_u_s: 0.062,loss_u_m: 0.069,loss_u_fp: 0.006,mask_ratio: 0.857
[INFO] Iters: 76880,total_loss: 0.050,loss_x: 0.066,loss_u_s: 0.061,loss_u_m: 0.065,loss_u_fp: 0.007,mask_ratio: 0.851
[INFO] Iters: 77004,total_loss: 0.048,loss_x: 0.062,loss_u_s: 0.072,loss_u_m: 0.057,loss_u_fp: 0.006,mask_ratio: 0.855
[INFO] Iters: 77128,total_loss: 0.050,loss_x: 0.068,loss_u_s: 0.059,loss_u_m: 0.056,loss_u_fp: 0.005,mask_ratio: 0.865
[INFO] Iters: 77252,total_loss: 0.048,loss_x: 0.062,loss_u_s: 0.065,loss_u_m: 0.061,loss_u_fp: 0.006,mask_ratio: 0.862
[INFO] ***** Evaluation ***** >>>> Class [0 background] IoU: 94.39
[INFO] ***** Evaluation ***** >>>> Class [1 aeroplane] IoU: 92.28
[INFO] ***** Evaluation ***** >>>> Class [2 bicycle] IoU: 44.65
[INFO] ***** Evaluation ***** >>>> Class [3 bird] IoU: 90.69
[INFO] ***** Evaluation ***** >>>> Class [4 boat] IoU: 73.67
[INFO] ***** Evaluation ***** >>>> Class [5 bottle] IoU: 83.46
[INFO] ***** Evaluation ***** >>>> Class [6 bus] IoU: 95.34
[INFO] ***** Evaluation ***** >>>> Class [7 car] IoU: 88.48
[INFO] ***** Evaluation ***** >>>> Class [8 cat] IoU: 93.57
[INFO] ***** Evaluation ***** >>>> Class [9 chair] IoU: 38.94
[INFO] ***** Evaluation ***** >>>> Class [10 cow] IoU: 88.56
[INFO] ***** Evaluation ***** >>>> Class [11 dining table] IoU: 44.63
[INFO] ***** Evaluation ***** >>>> Class [12 dog] IoU: 88.74
[INFO] ***** Evaluation ***** >>>> Class [13 horse] IoU: 88.20
[INFO] ***** Evaluation ***** >>>> Class [14 motorbike] IoU: 85.75
[INFO] ***** Evaluation ***** >>>> Class [15 person] IoU: 87.44
[INFO] ***** Evaluation ***** >>>> Class [16 potted plant] IoU: 58.19
[INFO] ***** Evaluation ***** >>>> Class [17 sheep] IoU: 90.49
[INFO] ***** Evaluation ***** >>>> Class [18 sofa] IoU: 51.47
[INFO] ***** Evaluation ***** >>>> Class [19 train] IoU: 90.66
[INFO] ***** Evaluation ***** >>>> Class [20 tv/monitor] IoU: 68.90
[INFO] ***** Evaluation ***** original >>>> MeanIoU: 78.02

[INFO] Pseudo-label epoch summary | epoch=77, generated_epoch=761875110, selected_epoch=652945328, epoch_rate=0.857024, generated_cum=59416225766, selected_cum=47407820940, cum_rate=0.797894
[INFO] ===========> Epoch: 78, LR: 0.00004, Previous best val_mIOU: 78.12
[INFO] Iters: 77376,total_loss: 0.047,loss_x: 0.062,loss_u_s: 0.052,loss_u_m: 0.066,loss_u_fp: 0.006,mask_ratio: 0.856
[INFO] Iters: 77500,total_loss: 0.048,loss_x: 0.063,loss_u_s: 0.051,loss_u_m: 0.064,loss_u_fp: 0.007,mask_ratio: 0.862
[INFO] Iters: 77624,total_loss: 0.048,loss_x: 0.064,loss_u_s: 0.065,loss_u_m: 0.052,loss_u_fp: 0.005,mask_ratio: 0.864
[INFO] Iters: 77748,total_loss: 0.048,loss_x: 0.061,loss_u_s: 0.065,loss_u_m: 0.066,loss_u_fp: 0.006,mask_ratio: 0.850
[INFO] Iters: 77872,total_loss: 0.049,loss_x: 0.068,loss_u_s: 0.056,loss_u_m: 0.055,loss_u_fp: 0.006,mask_ratio: 0.856
[INFO] Iters: 77996,total_loss: 0.048,loss_x: 0.059,loss_u_s: 0.066,loss_u_m: 0.072,loss_u_fp: 0.006,mask_ratio: 0.855
[INFO] Iters: 78120,total_loss: 0.045,loss_x: 0.059,loss_u_s: 0.054,loss_u_m: 0.056,loss_u_fp: 0.006,mask_ratio: 0.863
[INFO] Iters: 78244,total_loss: 0.048,loss_x: 0.062,loss_u_s: 0.063,loss_u_m: 0.060,loss_u_fp: 0.005,mask_ratio: 0.857
[INFO] ***** Evaluation ***** >>>> Class [0 background] IoU: 94.41
[INFO] ***** Evaluation ***** >>>> Class [1 aeroplane] IoU: 92.69
[INFO] ***** Evaluation ***** >>>> Class [2 bicycle] IoU: 45.35
[INFO] ***** Evaluation ***** >>>> Class [3 bird] IoU: 90.91
[INFO] ***** Evaluation ***** >>>> Class [4 boat] IoU: 74.22
[INFO] ***** Evaluation ***** >>>> Class [5 bottle] IoU: 82.08
[INFO] ***** Evaluation ***** >>>> Class [6 bus] IoU: 95.38
[INFO] ***** Evaluation ***** >>>> Class [7 car] IoU: 88.41
[INFO] ***** Evaluation ***** >>>> Class [8 cat] IoU: 93.32
[INFO] ***** Evaluation ***** >>>> Class [9 chair] IoU: 38.87
[INFO] ***** Evaluation ***** >>>> Class [10 cow] IoU: 88.60
[INFO] ***** Evaluation ***** >>>> Class [11 dining table] IoU: 46.52
[INFO] ***** Evaluation ***** >>>> Class [12 dog] IoU: 88.60
[INFO] ***** Evaluation ***** >>>> Class [13 horse] IoU: 87.94
[INFO] ***** Evaluation ***** >>>> Class [14 motorbike] IoU: 86.03
[INFO] ***** Evaluation ***** >>>> Class [15 person] IoU: 87.31
[INFO] ***** Evaluation ***** >>>> Class [16 potted plant] IoU: 58.32
[INFO] ***** Evaluation ***** >>>> Class [17 sheep] IoU: 90.40
[INFO] ***** Evaluation ***** >>>> Class [18 sofa] IoU: 51.40
[INFO] ***** Evaluation ***** >>>> Class [19 train] IoU: 90.10
[INFO] ***** Evaluation ***** >>>> Class [20 tv/monitor] IoU: 69.57
[INFO] ***** Evaluation ***** original >>>> MeanIoU: 78.12

[INFO] Pseudo-label epoch summary | epoch=78, generated_epoch=762685151, selected_epoch=654162315, epoch_rate=0.857710, generated_cum=60178910917, selected_cum=48061983255, cum_rate=0.798652
[INFO] ===========> Epoch: 79, LR: 0.00002, Previous best val_mIOU: 78.12
[INFO] Iters: 78368,total_loss: 0.045,loss_x: 0.060,loss_u_s: 0.051,loss_u_m: 0.057,loss_u_fp: 0.005,mask_ratio: 0.857
[INFO] Iters: 78492,total_loss: 0.045,loss_x: 0.062,loss_u_s: 0.048,loss_u_m: 0.050,loss_u_fp: 0.006,mask_ratio: 0.868
[INFO] Iters: 78616,total_loss: 0.048,loss_x: 0.063,loss_u_s: 0.062,loss_u_m: 0.059,loss_u_fp: 0.005,mask_ratio: 0.854
[INFO] Iters: 78740,total_loss: 0.048,loss_x: 0.064,loss_u_s: 0.062,loss_u_m: 0.055,loss_u_fp: 0.007,mask_ratio: 0.856
[INFO] Iters: 78864,total_loss: 0.047,loss_x: 0.061,loss_u_s: 0.061,loss_u_m: 0.058,loss_u_fp: 0.005,mask_ratio: 0.854
[INFO] Iters: 78988,total_loss: 0.049,loss_x: 0.062,loss_u_s: 0.066,loss_u_m: 0.069,loss_u_fp: 0.006,mask_ratio: 0.857
[INFO] Iters: 79112,total_loss: 0.046,loss_x: 0.062,loss_u_s: 0.055,loss_u_m: 0.056,loss_u_fp: 0.006,mask_ratio: 0.850
[INFO] Iters: 79236,total_loss: 0.046,loss_x: 0.062,loss_u_s: 0.062,loss_u_m: 0.052,loss_u_fp: 0.005,mask_ratio: 0.859
[INFO] ***** Evaluation ***** >>>> Class [0 background] IoU: 94.47
[INFO] ***** Evaluation ***** >>>> Class [1 aeroplane] IoU: 92.67
[INFO] ***** Evaluation ***** >>>> Class [2 bicycle] IoU: 44.88
[INFO] ***** Evaluation ***** >>>> Class [3 bird] IoU: 90.85
[INFO] ***** Evaluation ***** >>>> Class [4 boat] IoU: 73.97
[INFO] ***** Evaluation ***** >>>> Class [5 bottle] IoU: 82.75
[INFO] ***** Evaluation ***** >>>> Class [6 bus] IoU: 95.54
[INFO] ***** Evaluation ***** >>>> Class [7 car] IoU: 88.25
[INFO] ***** Evaluation ***** >>>> Class [8 cat] IoU: 93.27
[INFO] ***** Evaluation ***** >>>> Class [9 chair] IoU: 39.07
[INFO] ***** Evaluation ***** >>>> Class [10 cow] IoU: 87.40
[INFO] ***** Evaluation ***** >>>> Class [11 dining table] IoU: 46.61
[INFO] ***** Evaluation ***** >>>> Class [12 dog] IoU: 87.40
[INFO] ***** Evaluation ***** >>>> Class [13 horse] IoU: 87.77
[INFO] ***** Evaluation ***** >>>> Class [14 motorbike] IoU: 86.08
[INFO] ***** Evaluation ***** >>>> Class [15 person] IoU: 87.12
[INFO] ***** Evaluation ***** >>>> Class [16 potted plant] IoU: 58.79
[INFO] ***** Evaluation ***** >>>> Class [17 sheep] IoU: 90.11
[INFO] ***** Evaluation ***** >>>> Class [18 sofa] IoU: 52.53
[INFO] ***** Evaluation ***** >>>> Class [19 train] IoU: 90.13
[INFO] ***** Evaluation ***** >>>> Class [20 tv/monitor] IoU: 70.08
[INFO] ***** Evaluation ***** original >>>> MeanIoU: 78.08

[INFO] Pseudo-label epoch summary | epoch=79, generated_epoch=761988465, selected_epoch=653601102, epoch_rate=0.857757, generated_cum=60940899382, selected_cum=48715584357, cum_rate=0.799391
[INFO] ===== Pseudo Label Training Summary =====
[INFO] Generated pseudo labels (total): 60940899382
[INFO] Selected pseudo labels (total): 48715584357
[INFO] Pseudo-label selection rate: 0.799391
[INFO] Pseudo-label accuracy on val: 0.951299
[INFO] ===== Pseudo Label Per-Class Summary =====
[INFO] Class[0 background] generated=37113662643, selected=31510991723, selection_rate=0.849040, val_pseudo_acc=0.977717
[INFO] Class[1 aeroplane] generated=821017854, selected=616254470, selection_rate=0.750598, val_pseudo_acc=0.966612
[INFO] Class[2 bicycle] generated=624555762, selected=356472740, selection_rate=0.570762, val_pseudo_acc=0.908353
[INFO] Class[3 bird] generated=834979903, selected=643902437, selection_rate=0.771159, val_pseudo_acc=0.962804
[INFO] Class[4 boat] generated=485533681, selected=284401347, selection_rate=0.585750, val_pseudo_acc=0.849781
[INFO] Class[5 bottle] generated=353265804, selected=235980531, selection_rate=0.667997, val_pseudo_acc=0.912105
[INFO] Class[6 bus] generated=1065311078, selected=879688314, selection_rate=0.825757, val_pseudo_acc=0.984631
[INFO] Class[7 car] generated=1579248215, selected=1230862733, selection_rate=0.779398, val_pseudo_acc=0.934379
[INFO] Class[8 cat] generated=2710528230, selected=2227407295, selection_rate=0.821761, val_pseudo_acc=0.963007
[INFO] Class[9 chair] generated=620012012, selected=238675982, selection_rate=0.384954, val_pseudo_acc=0.472123
[INFO] Class[10 cow] generated=452932714, selected=314964887, selection_rate=0.695390, val_pseudo_acc=0.898540
[INFO] Class[11 dining table] generated=633943421, selected=373205378, selection_rate=0.588705, val_pseudo_acc=0.487305
[INFO] Class[12 dog] generated=2454988856, selected=1912615872, selection_rate=0.779073, val_pseudo_acc=0.963771
[INFO] Class[13 horse] generated=793013660, selected=533371437, selection_rate=0.672588, val_pseudo_acc=0.949091
[INFO] Class[14 motorbike] generated=1009663998, selected=692413795, selection_rate=0.685786, val_pseudo_acc=0.925708
[INFO] Class[15 person] generated=6276063793, selected=4577867457, selection_rate=0.729417, val_pseudo_acc=0.923589
[INFO] Class[16 potted plant] generated=363820963, selected=217666316, selection_rate=0.598279, val_pseudo_acc=0.719730
[INFO] Class[17 sheep] generated=513235006, selected=380917290, selection_rate=0.742189, val_pseudo_acc=0.927417
[INFO] Class[18 sofa] generated=648885906, selected=333777414, selection_rate=0.514385, val_pseudo_acc=0.598837
[INFO] Class[19 train] generated=1076472386, selected=820532041, selection_rate=0.762242, val_pseudo_acc=0.945415
[INFO] Class[20 tv/monitor] generated=509763497, selected=333614898, selection_rate=0.654450, val_pseudo_acc=0.809722
[INFO] Pseudo-label metrics summary saved to: exp/pascal/CSL/r101/1_4/pseudo_label_metrics_summary.json
[INFO] Pseudo-label per-class metrics saved to: exp/pascal/CSL/r101/1_4/pseudo_label_metrics_per_class.txt
